// C Source File
// Created 1/6/02; 10:35:53 PM

#define USE_TI89              // Produce .89z File

#define OPTIMIZE_ROM_CALLS    // Use ROM Call Optimization

#define SAVE_SCREEN           // Save/Restore LCD Contents

#include <tigcclib.h>         // Include All Header Files

typedef struct {
	unsigned short offset;
	char x_offset;
	char y_offset;
	char width;
	char hieght;
} SPRITE_HEADER;

SPRITE_HEADER header[] = {
	{0, 5, 9, 3, 39},
	{351, 5, 11, 3, 37},
	{684, 6, 11, 3, 36},
	{1008, 8, 11, 3, 37},
	
	{1341, 6, 20, 3, 28},
	{1593, 6, 20, 3, 28},
	{1845, 7, 20, 3, 28},
	
	{1341, 6, 12, 3, 28},
	{1593, 6, 12, 3, 28},
	{1845, 7, 12, 3, 28},
	
	{2097, 5, 13, 3, 35},
	{2412, 5, 13, 3, 35},
	{2727, 5, 13, 3, 35},
	{3042, 9, 4, 3, 44},
	{3438, 0, 8, 4, 40},
	{3918, 0, 14, 4, 34},
	{4326, 8, 8, 3, 40},
	{4686, 5, 16, 3, 32},
	{4974, 5, 22, 3, 26},
	{5208, 5, 22, 3, 26},
	{5442, 5, 22, 3, 26},
	{5676, 8, 13, 2, 35},
	{5886, 0, 17, 3, 31},
	{6165, 0, 23, 3, 25},
	{6390, 12, 27, 2, 21},
	{6516, 9, 26, 3, 21},
	{6705, 9, 25, 3, 22},
	{6904, 4, 26, 4, 22},
	{7168, 5, 27, 4, 21},
	{7420, 12, 26, 2, 22},
	{7552, 9, 25, 3, 22},
	{7750, 9, 25, 3, 22},
	{7948, 3, 26, 4, 22},
	{8212, 5, 26, 4, 22},
	{8476, 9, 14, 2, 17},
	{8578, 10, 13, 2, 18},
	{8686, 7, 12, 3, 18},
	{8848, 5, 13, 3, 17},
	{9002, 10, 14, 2, 18},
	{9110, 9, 14, 2, 17},
	{9212, 9, 13, 2, 16},
	{9308, 6, 12, 3, 16},
	{9452, 5, 13, 3, 15},
	{9588, 9, 14, 2, 16},
	{9684, 1, 13, 3, 17},
	{9837, 1, 12, 3, 19},
	{10008, 1, 11, 4, 18},
	{10224, 1, 12, 4, 19},
	{10452, 1, 13, 3, 19},
	{10623, 1, 13, 3, 17},
	{10776, 1, 12, 3, 16},
	{10920, 1, 11, 3, 15},
	{11055, 1, 12, 3, 16},
	{11199, 1, 13, 3, 16},
	
	{11343, 2, 13, 3, 20},
	{11343, 2, 12, 3, 20},
	{11343, 2, 11, 3, 20},
	{11343, 2, 12, 3, 20},
	{11343, 2, 13, 3, 20},
	{11343, 2, 13, 3, 20},
	{11343, 2, 12, 3, 20},
	{11343, 2, 11, 3, 20},
	{11343, 2, 12, 3, 20},
	{11343, 2, 13, 3, 20},
	
	{11523, 2, 9, 3, 18},
	{11523, 2, 8, 3, 18},
	{11523, 2, 7, 3, 18},
	{11523, 2, 8, 3, 18},
	{11523, 2, 9, 3, 18},
	{11523, 2, 9, 3, 18},
	{11523, 2, 8, 3, 18},
	{11523, 2, 7, 3, 18},
	{11523, 2, 8, 3, 18},
	{11523, 2, 9, 3, 18},
	
	{11686, 9, 16, 2, 32},
	{11878, 10, 13, 2, 35},
	{12088, 6, 12, 3, 36},
	{12412, 8, 12, 2, 30},
	{12592, 8, 12, 2, 30},
	{12772, 9, 12, 2, 32},
	{12964, 6, 12, 3, 35},
	{13279, 5, 12, 3, 29},
	{13540, 7, 4, 3, 35},
	{13855, 6, 14, 3, 29},
	{14116, 2, 8, 3, 31},
	{14395, 1, 12, 3, 29},
	{14656, 11, 12, 2, 36},
	{14872, 1, 21, 4, 27},
	{15196, 6, 16, 2, 29},
	{15370, 8, 17, 2, 26},
	{15526, 5, 19, 3, 23},
	{15734, 3, 22, 4, 13},
	{15890, 5, 19, 3, 20},
	{16070, 8, 16, 2, 26},
	{16226, 5, 17, 3, 23},
	{16434, 2, 23, 4, 13},
	{16590, 4, 20, 3, 20},
	{16770, 2, 16, 4, 27},
	{17094, 3, 16, 4, 27},
	{17418, 1, 15, 4, 28},
	{17754, 2, 15, 4, 28},
	{18090, 6, 16, 4, 26},
	{18402, 9, 16, 3, 27},
	{18646, 9, 14, 2, 33},
	{18844, 9, 12, 2, 36},
	{19060, 9, 12, 2, 36},
	{19276, 9, 13, 2, 33},
	{19474, 9, 15, 2, 29},
	{19648, 9, 26, 2, 22},
	{19780, 9, 31, 2, 17},
	{19882, 9, 34, 2, 13},
	{19960, 9, 35, 2, 13},
	{20038, 9, 34, 2, 13},
	{20116, 9, 33, 2, 14},
	{20200, 9, 34, 2, 13},
	{20278, 9, 35, 2, 13},
	{20356, 9, 34, 2, 13},
	{20434, 9, 33, 2, 14},
	{20518, 6, 13, 3, 35},
	{20833, 6, 13, 3, 35},
	{21148, 6, 13, 3, 35},
	{21463, 6, 5, 3, 43},
	{21850, 6, 9, 4, 39},
	{22318, 6, 14, 4, 34},
	{22726, 5, 8, 3, 40},
	{23086, 8, 16, 3, 32},
	{23374, 9, 22, 3, 26},
	{23608, 9, 22, 3, 26},
	{23842, 9, 22, 3, 26},
	{24076, 9, 13, 2, 35},
	{24286, 9, 18, 3, 30},
	{24556, 9, 23, 3, 25},
	{24782, 7, 27, 2, 21},
	{24908, 5, 27, 3, 21},
	{25097, 2, 26, 3, 21},
	{25286, 0, 25, 4, 22},
	{25550, 1, 26, 4, 21},
	{25802, 8, 26, 2, 22},
	{25934, 5, 26, 3, 22},
	{26132, 2, 25, 3, 22},
	{26330, 1, 24, 4, 23},
	{26606, 1, 25, 4, 22},
	{26870, 10, 14, 2, 17},
	{26972, 8, 14, 2, 20},
	{27092, 7, 13, 3, 17},
	{27245, 7, 12, 3, 15},
	{27380, 9, 13, 2, 19},
	{27494, 10, 14, 2, 17},
	{27596, 9, 14, 2, 16},
	{27692, 8, 13, 3, 16},
	{27836, 8, 12, 3, 15},
	{27972, 10, 13, 2, 16},
	{28068, 9, 13, 3, 15},
	{28203, 9, 13, 3, 15},
	{28338, 9, 12, 3, 15},
	{28473, 9, 11, 3, 15},
	{28608, 9, 12, 3, 15},
	{28743, 9, 13, 3, 14},
	{28869, 9, 13, 3, 14},
	{28995, 7, 12, 3, 15},
	{29130, 6, 11, 4, 14},
	{29298, 9, 12, 3, 15},
	
	{29433, 10, 13, 3, 20},
	{29433, 10, 13, 3, 20},
	{29433, 10, 12, 3, 20},
	{29433, 10, 11, 3, 20},
	{29433, 10, 12, 3, 20},
	{29433, 10, 13, 3, 20},
	{29433, 10, 13, 3, 20},
	{29433, 10, 12, 3, 20},
	{29433, 10, 11, 3, 20},
	{29433, 10, 12, 3, 20},
	
	{29613, 10, 9, 3, 18},
	{29613, 10, 9, 3, 18},
	{29613, 10, 8, 3, 18},
	{29613, 10, 7, 3, 18},
	{29613, 10, 8, 3, 18},
	{29613, 10, 9, 3, 18},
	{29613, 10, 9, 3, 18},
	{29613, 10, 8, 3, 18},
	{29613, 10, 7, 3, 18},
	{29613, 10, 8, 3, 18},
	
	{29776, 7, 16, 2, 32},
	{29968, 7, 13, 2, 35},
	{30178, 7, 12, 3, 36},
	{30502, 9, 12, 2, 30},
	{30682, 9, 12, 2, 30},
	{30862, 9, 12, 2, 32},
	{31054, 8, 12, 3, 36},
	{31378, 9, 12, 3, 29},
	{31639, 9, 3, 3, 35},
	{31954, 9, 13, 3, 29},
	{32215, 9, 7, 3, 31},
	{32494, 9, 12, 3, 29},
	{32756, 10, 12, 2, 36},
	{32972, 1, 22, 4, 26},
	{33284, 9, 16, 3, 29},
	{33546, 11, 17, 2, 26},
	{33702, 6, 19, 3, 23},
	{33910, 4, 22, 4, 13},
	{34066, 5, 19, 3, 20},
	{34246, 11, 16, 2, 26},
	{34402, 6, 17, 3, 23},
	{34610, 5, 23, 4, 13},
	{34766, 5, 20, 3, 20},
	{34946, 2, 16, 4, 27},
	{35270, 1, 16, 4, 27},
	{35594, 3, 15, 4, 28},
	{35930, 2, 15, 4, 28},
	{36266, 0, 16, 4, 26},
	{36578, 0, 16, 3, 27},
	{36821, 7, 14, 3, 33},
	{37118, 8, 12, 2, 36},
	{37334, 8, 11, 2, 37},
	{37556, 9, 13, 2, 33},
	{37754, 7, 15, 3, 29},
	{38016, 9, 26, 2, 22},
	{38148, 9, 32, 2, 16},
	{38244, 9, 34, 2, 13},
	{38322, 9, 35, 2, 13},
	{38400, 9, 34, 2, 13},
	{38478, 9, 33, 2, 14},
	{38562, 9, 34, 2, 13},
	{38640, 9, 35, 2, 13},
	{38718, 9, 34, 2, 13},
	{38796, 9, 33, 2, 14},
};

unsigned char gfx[38880] = {
	//sprite 0
	0x00,0xf8,0x00,0x45,0x24,0x90,0x06,0x62,0xf0,0xd2,0x52,0x98,0x94,0x23,0x08,0x8b,0x76,0x48,0x93,0xde,0x18,0x52,0x7b,0x78,0x56,0x37,0x28,0x7f,0x27,0xf0,0x17,0xaf,0x50,0x73,0xff,0x40,0x69,0x7d,0x50,0x6d,0xb7,0xe0,0x5f,0x0b,0x90,0x27,0xb6,0x80,0x00,0xec,0xa0,0x00,0xdf,0xe0,0x72,0xfd,0x90,0x78,0xb4,0xf0,0x4e,0x53,0x80,0x7f,0x5a,0x40,0x7f,0xce,0x00,0x3a,0xcf,0x00,0x05,0x80,0x00,0x0e,0x8e,0x80,0x19,0xd1,0xc0,0x14,0xd4,0x40,0x17,0x5f,0x40,0x0b,0x8a,0x80,0x03,0x8a,0x00,0x02,0x8a,0x00,0x07,0x8f,0x00,0x04,0x8d,0x80,0x0a,0x8d,0x00,0x0d,0x8f,0x00,0x12,0x8e,0x40,0x57,0x8e,0x30,0x7f,0x8f,0xf0,
	0x00,0xf8,0x00,0x45,0xdc,0x90,0x7b,0xdf,0x60,0xe7,0xaf,0x38,0xcb,0xde,0xd8,0xf7,0xdf,0xb8,0xe7,0xff,0x28,0x7f,0xff,0xf8,0x6f,0x7b,0xd8,0x7f,0xff,0xf0,0x4f,0xff,0x80,0x4f,0xfe,0x90,0x47,0xfe,0x90,0x7f,0xff,0xf0,0x57,0xff,0xc0,0x5d,0xfd,0xd0,0x5d,0xdd,0xc0,0x5d,0xfc,0xe0,0x4d,0xfe,0xc0,0x4e,0xfb,0x80,0x7d,0xdd,0xd0,0x7d,0xdd,0x60,0x4f,0xcf,0x00,0x39,0xcd,0x00,0x04,0x85,0x00,0x0d,0x8d,0x80,0x1e,0xde,0xc0,0x18,0x58,0xc0,0x18,0xd8,0xc0,0x0c,0x8d,0x80,0x04,0x8d,0x00,0x05,0x8d,0x00,0x05,0x8d,0x00,0x0f,0x8f,0x80,0x07,0x8f,0x00,0x0b,0x8e,0x80,0x1f,0x0b,0xc0,0x62,0x8b,0x10,0x7f,0x8f,0xf0,
	0xff,0x07,0xff,0xba,0x03,0x6f,0x80,0x00,0x0f,0x00,0x00,0x07,0x00,0x00,0x07,0x00,0x00,0x07,0x00,0x00,0x07,0x80,0x00,0x07,0x80,0x00,0x07,0x80,0x00,0x0f,0x80,0x00,0x0f,0x80,0x00,0x0f,0x80,0x00,0x0f,0x80,0x00,0x0f,0x80,0x00,0x0f,0x80,0x00,0x0f,0x80,0x00,0x1f,0x80,0x00,0x1f,0x80,0x00,0x0f,0x80,0x00,0x0f,0x80,0x20,0x0f,0x80,0x20,0x9f,0x80,0x30,0xff,0xc4,0x30,0xff,0xf8,0x78,0xff,0xf0,0x70,0x7f,0xe0,0x20,0x3f,0xe0,0x20,0x3f,0xe0,0x20,0x3f,0xf0,0x70,0x7f,0xf8,0x70,0xff,0xf8,0x70,0xff,0xf8,0x70,0xff,0xf0,0x70,0x7f,0xf0,0x70,0x7f,0xf0,0x70,0x7f,0xe0,0x70,0x3f,0x80,0x70,0x0f,0x80,0x70,0x0f,
	//sprite 1
	0x00,0xf8,0x00,0x01,0x0f,0x80,0x07,0xdc,0x40,0x0a,0xa7,0xa0,0x06,0xfa,0xc0,0x07,0x3c,0x00,0x07,0x55,0x00,0x0f,0x48,0x40,0x0e,0x8f,0xe0,0x0b,0x1c,0x60,0x3e,0x8a,0xa0,0x3b,0xce,0xc0,0xba,0xb7,0xc0,0xbd,0xf3,0x80,0x3f,0xcd,0x80,0x16,0x3f,0x00,0x0f,0x76,0x00,0x0b,0xc2,0x00,0x0d,0xb6,0x00,0x1f,0xe0,0x00,0x2f,0x86,0x00,0x3f,0x9c,0x00,0x7f,0x54,0x00,0x7e,0x68,0x00,0x5c,0x80,0x00,0x4e,0xb8,0x00,0x27,0xd4,0x00,0x15,0x0a,0x00,0x0e,0x70,0x00,0x06,0xbd,0x00,0x0b,0x89,0x00,0x0e,0x47,0x80,0x05,0x4b,0x80,0x31,0xcd,0x40,0x3e,0x09,0x80,0x00,0x2d,0x00,0x00,0x3e,0x00,
	0x00,0xf8,0x00,0x01,0xff,0x80,0x07,0x2f,0xc0,0x0f,0x5e,0x60,0x0b,0xbc,0x20,0x0a,0xeb,0xe0,0x0f,0xf9,0xe0,0x0f,0xff,0xa0,0x0f,0xff,0xe0,0x0f,0xff,0xe0,0x3f,0xfc,0x60,0x6e,0x7c,0x40,0xd5,0xce,0xc0,0xdf,0x8f,0x80,0x7f,0xff,0x80,0x17,0xff,0x00,0x0f,0xee,0x00,0x0f,0xe6,0x00,0x0b,0xc2,0x00,0x13,0xc4,0x00,0x37,0xfe,0x00,0x2f,0xc4,0x00,0x7f,0x8c,0x00,0x7e,0x98,0x00,0x7c,0xf0,0x00,0x7e,0xf8,0x00,0x3f,0xbc,0x00,0x1b,0x72,0x00,0x0d,0x62,0x00,0x07,0xb3,0x00,0x0f,0x8f,0x00,0x0b,0xc7,0x80,0x0a,0xc6,0x00,0x2f,0xcb,0xc0,0x3e,0x0f,0x80,0x00,0x33,0x00,0x00,0x3e,0x00,
	0xff,0x07,0xff,0xfe,0x00,0x7f,0xf8,0x00,0x3f,0xf0,0x00,0x1f,0xf0,0x00,0x1f,0xf0,0x00,0x1f,0xf0,0x00,0x1f,0xf0,0x00,0x1f,0xf0,0x00,0x1f,0xf0,0x00,0x1f,0xc0,0x00,0x1f,0x80,0x00,0x3f,0x00,0x00,0x3f,0x00,0x00,0x7f,0x80,0x00,0x7f,0xe8,0x00,0xff,0xf0,0x01,0xff,0xf0,0x01,0xff,0xf0,0x01,0xff,0xe0,0x03,0xff,0xc0,0x01,0xff,0xc0,0x03,0xff,0x80,0x03,0xff,0x81,0x07,0xff,0x83,0x0f,0xff,0x81,0x07,0xff,0xc0,0x03,0xff,0xe0,0x81,0xff,0xf0,0x81,0xff,0xf8,0x40,0xff,0xf0,0x70,0xff,0xf0,0x38,0x7f,0xf0,0x30,0x7f,0xc0,0x30,0x3f,0xc1,0xf0,0x7f,0xff,0xc0,0xff,0xff,0xc1,0xff,
	//sprite 2
	0x00,0x88,0x00,0x3c,0x25,0xc0,0x62,0x62,0xe0,0xd2,0x53,0x10,0xe4,0x22,0x10,0xff,0x75,0xa0,0xd7,0xfe,0x10,0xce,0x26,0x90,0x46,0x23,0xf0,0x77,0x26,0x00,0x64,0x7f,0x00,0x67,0x8f,0x20,0x0b,0xa6,0x00,0x2d,0xdf,0x00,0x13,0xf3,0x00,0x0f,0x8d,0x80,0x07,0xe4,0x00,0x0b,0xfb,0x00,0x09,0xdd,0x80,0x0d,0xf0,0x80,0x0e,0x77,0x80,0x04,0x73,0x80,0x07,0x73,0x80,0x07,0xd0,0x80,0x05,0xdb,0x00,0x06,0xab,0x80,0x0e,0x66,0x80,0x08,0xd3,0x00,0x0b,0x9f,0x00,0x0f,0x51,0x00,0x05,0x1d,0x00,0x05,0x9c,0x00,0x06,0x0e,0x00,0x07,0x44,0x00,0x02,0x40,0x00,0x07,0x40,0x00,
	0x00,0xf8,0x00,0x3d,0xdd,0xc0,0x5f,0xdf,0x20,0xa7,0xae,0xf0,0xc3,0xdf,0x30,0xe3,0xde,0x10,0xef,0xff,0xf0,0xff,0xff,0x30,0x7f,0xff,0xf0,0x4f,0xff,0xe0,0x4f,0xfe,0x20,0x5b,0xfe,0x60,0x37,0xc3,0xc0,0x36,0xe3,0x80,0x1f,0xfe,0x80,0x0f,0xfd,0x80,0x05,0xfe,0x00,0x0c,0xdd,0x00,0x0c,0xf9,0x80,0x08,0xff,0x80,0x0d,0xfc,0x80,0x06,0xfc,0x80,0x04,0xfc,0x80,0x04,0xdf,0x80,0x06,0xdf,0x00,0x07,0xbd,0x80,0x0c,0xff,0x80,0x0f,0xdd,0x00,0x0c,0x5f,0x00,0x0c,0xdf,0x00,0x06,0x9b,0x00,0x07,0x9a,0x00,0x07,0x8e,0x00,0x06,0xc4,0x00,0x07,0xc0,0x00,0x04,0x00,0x00,
	0xff,0x07,0xff,0xc2,0x02,0x3f,0x80,0x00,0x1f,0x00,0x00,0x0f,0x00,0x00,0x0f,0x00,0x00,0x0f,0x00,0x00,0x0f,0x00,0x00,0x0f,0x80,0x00,0x0f,0x80,0x00,0x1f,0x80,0x00,0x1f,0x80,0x00,0x1f,0xc0,0x00,0x3f,0xc0,0x00,0x7f,0xe0,0x00,0x7f,0xf0,0x02,0x7f,0xf8,0x01,0xff,0xf0,0x00,0xff,0xf0,0x00,0x7f,0xf0,0x00,0x7f,0xf0,0x00,0x7f,0xf8,0x00,0x7f,0xf8,0x00,0x7f,0xf8,0x20,0x7f,0xf8,0x20,0xff,0xf8,0x40,0x7f,0xf0,0x00,0x7f,0xf0,0x20,0xff,0xf0,0x20,0xff,0xf0,0x20,0xff,0xf8,0x60,0xff,0xf8,0x61,0xff,0xf8,0x71,0xff,0xf8,0x3b,0xff,0xf8,0x3f,0xff,0xf8,0x3f,0xff,
	//sprite 3
	0x03,0xe0,0x00,0x1e,0x10,0x00,0x5c,0x58,0x00,0x37,0xad,0x00,0x5b,0xcb,0x00,0x50,0x5f,0x00,0x9d,0x5d,0x00,0xe3,0x51,0x00,0x7f,0x26,0x00,0x47,0x8a,0x00,0x6b,0xf4,0x00,0x5e,0x9b,0x00,0x77,0xdd,0x00,0x3c,0x72,0x00,0x17,0xf0,0x00,0x0f,0x98,0x00,0x0a,0x9c,0x00,0x05,0xf4,0x00,0x01,0x7a,0x00,0x0d,0x74,0x00,0x09,0xfb,0x00,0x02,0xfc,0x80,0x07,0x3f,0x80,0x03,0xef,0x80,0x02,0x67,0x00,0x07,0x6e,0x80,0x0b,0x99,0x00,0x00,0x7b,0x00,0x1e,0xb6,0x00,0x1d,0x7c,0x00,0x34,0x78,0x00,0x34,0x2c,0x00,0x78,0x2a,0x00,0x1a,0x72,0x00,0x60,0x1f,0x00,0x37,0x00,0x00,0x1f,0x00,0x00,
	0x03,0xe0,0x00,0x1f,0xf0,0x00,0x67,0xbc,0x00,0x4f,0x5b,0x00,0xa7,0xb9,0x00,0xab,0xe9,0x00,0xf3,0xff,0x00,0x9f,0xfd,0x00,0x7f,0xfe,0x00,0x7f,0xfe,0x00,0x47,0xfa,0x00,0x67,0x75,0x00,0x6c,0x6b,0x00,0x3f,0xee,0x00,0x1f,0xf8,0x00,0x0f,0xf8,0x00,0x0d,0xfc,0x00,0x08,0xfc,0x00,0x08,0xf6,0x00,0x08,0xfa,0x00,0x0f,0x7d,0x00,0x04,0x7f,0x80,0x04,0x7f,0x80,0x02,0x2f,0x80,0x03,0xe7,0x80,0x07,0xef,0x80,0x0f,0x5f,0x00,0x0b,0xf7,0x00,0x11,0xae,0x00,0x13,0x7c,0x00,0x3c,0x7c,0x00,0x3c,0x58,0x00,0x5a,0x56,0x00,0x76,0x7d,0x00,0x7c,0x1f,0x00,0x39,0x00,0x00,0x1f,0x00,0x00,
	0xfc,0x1f,0xff,0xe0,0x0f,0xff,0x80,0x03,0xff,0x80,0x00,0xff,0x00,0x00,0xff,0x00,0x00,0xff,0x00,0x00,0xff,0x00,0x00,0xff,0x80,0x01,0xff,0x80,0x01,0xff,0x80,0x01,0xff,0x80,0x00,0xff,0x80,0x00,0xff,0xc0,0x01,0xff,0xe0,0x07,0xff,0xf0,0x07,0xff,0xf0,0x03,0xff,0xf0,0x03,0xff,0xf0,0x01,0xff,0xf0,0x01,0xff,0xf0,0x00,0xff,0xf8,0x00,0x7f,0xf8,0x00,0x7f,0xfc,0x10,0x7f,0xfc,0x18,0x7f,0xf8,0x10,0x7f,0xf0,0x20,0xff,0xf0,0x00,0xff,0xe0,0x41,0xff,0xe0,0x83,0xff,0xc3,0x83,0xff,0xc3,0x83,0xff,0x81,0x81,0xff,0x81,0x80,0xff,0x83,0xe0,0xff,0xc0,0xff,0xff,0xe0,0xff,0xff,
	//sprite 4
	0x00,0xd8,0x00,0x01,0x4f,0x00,0x07,0x9f,0x00,0x0e,0x31,0x80,0x1e,0x6e,0x80,0x1a,0xcc,0x40,0x17,0xd3,0xa0,0x0d,0x49,0xe0,0x0c,0x9f,0xc0,0x0b,0x3d,0xc0,0x7e,0x8a,0xc0,0xf9,0x4f,0x40,0x51,0xde,0x80,0x99,0x31,0x80,0x7f,0xfd,0x00,0x1a,0xf6,0x00,0x1d,0xea,0x00,0x26,0xe5,0x00,0x3f,0xe3,0x00,0x0b,0xd4,0x00,0x39,0xf6,0x00,0x11,0x8f,0x00,0x1d,0x57,0x80,0x05,0x6b,0x80,0x3f,0xd6,0x80,0x6c,0xfa,0x80,0xb7,0x37,0x00,0xff,0xff,0x00,
	0x00,0xf8,0x00,0x01,0xbf,0x00,0x07,0x6c,0x80,0x0b,0xde,0x40,0x13,0xb8,0x20,0x17,0x7b,0xa0,0x1f,0xf9,0xe0,0x0f,0xff,0x20,0x0f,0xff,0xc0,0x0f,0xfe,0x40,0x7f,0xfc,0x40,0xae,0xfc,0xc0,0xdf,0x87,0x80,0xff,0xcf,0x80,0x7f,0xff,0x00,0x1d,0xbe,0x00,0x2f,0xf6,0x00,0x1f,0xe3,0x00,0x3f,0xc1,0x00,0x37,0xe2,0x00,0x27,0xda,0x00,0x1f,0xc7,0x00,0x1f,0x8f,0x80,0x1f,0x9e,0x80,0x27,0xff,0x80,0x7f,0x7f,0x80,0xcd,0xfd,0x00,0xff,0xff,0x00,
	0xff,0x07,0xff,0xfe,0x00,0xff,0xf8,0x00,0x7f,0xf0,0x00,0x3f,0xe0,0x00,0x1f,0xe0,0x00,0x1f,0xe0,0x00,0x1f,0xf0,0x00,0x1f,0xf0,0x00,0x3f,0xf0,0x00,0x3f,0x80,0x00,0x3f,0x00,0x00,0x3f,0x00,0x00,0x7f,0x00,0x00,0x7f,0x80,0x00,0xff,0xe0,0x01,0xff,0xc0,0x01,0xff,0xc0,0x00,0xff,0xc0,0x00,0xff,0xc0,0x01,0xff,0xc0,0x01,0xff,0xe0,0x00,0xff,0xe0,0x00,0x7f,0xe0,0x00,0x7f,0xc0,0x00,0x7f,0x80,0x00,0x7f,0x00,0x00,0xff,0x00,0x00,0xff,
	//sprite 5
	0x38,0x88,0x00,0x7c,0x01,0xc0,0xa2,0x03,0xe0,0xc2,0x53,0x90,0xfd,0x22,0x00,0xef,0x75,0xa0,0xbb,0xfe,0x30,0xfe,0x27,0x10,0x46,0x23,0xf0,0x65,0x26,0x80,0x6c,0x7f,0x40,0x6f,0xb3,0x00,0x2c,0xa7,0x40,0x3c,0xce,0x00,0x13,0xe3,0x00,0x05,0x9d,0x00,0x01,0xfd,0x80,0x0d,0xfb,0x40,0x09,0xf6,0xc0,0x07,0xf6,0x40,0x08,0xd9,0xc0,0x0a,0xde,0xc0,0x0c,0xdf,0x40,0x0c,0xe9,0x80,0x09,0xef,0x00,0x05,0xef,0x80,0x03,0xb6,0x80,0x00,0x1f,0xc0,
	0x38,0xf8,0x00,0x45,0xdd,0xc0,0xdf,0xfe,0x20,0xa7,0xae,0xf0,0xc3,0xdf,0x30,0xf3,0xde,0x10,0xc7,0xff,0xf0,0xff,0xfe,0x30,0x7f,0xff,0xf0,0x4f,0xff,0x60,0x4f,0xfe,0x20,0x53,0xce,0x40,0x37,0xc3,0xc0,0x37,0xf3,0x80,0x1f,0xfe,0x80,0x07,0xff,0x00,0x07,0xfb,0x80,0x09,0xfd,0xc0,0x09,0xf9,0x40,0x09,0xf9,0xc0,0x0f,0xff,0x40,0x0f,0xff,0x40,0x0b,0xff,0xc0,0x0b,0xef,0x80,0x0f,0xe9,0x00,0x07,0xe9,0x80,0x03,0xf9,0x80,0x00,0x1f,0xc0,
	0xc7,0x07,0xff,0x82,0x02,0x3f,0x00,0x00,0x1f,0x00,0x00,0x0f,0x00,0x00,0x0f,0x00,0x00,0x0f,0x00,0x00,0x0f,0x00,0x00,0x0f,0x80,0x00,0x0f,0x80,0x00,0x1f,0x80,0x00,0x1f,0x80,0x00,0x3f,0xc0,0x00,0x3f,0xc0,0x00,0x7f,0xe0,0x00,0x7f,0xf8,0x00,0xff,0xf8,0x00,0x7f,0xf0,0x00,0x3f,0xf0,0x00,0x3f,0xf0,0x00,0x3f,0xf0,0x00,0x3f,0xf0,0x00,0x3f,0xf0,0x00,0x3f,0xf0,0x10,0x7f,0xf0,0x10,0xff,0xf8,0x10,0x7f,0xfc,0x00,0x7f,0xff,0xe0,0x3f,
	//sprite 6
	0x02,0x60,0x00,0x1e,0x50,0x00,0x74,0xca,0x00,0x33,0x5d,0x00,0xcf,0xbd,0x00,0xd3,0xeb,0x00,0xbf,0xfd,0x00,0x93,0x54,0x00,0x7f,0x26,0x00,0x77,0xda,0x00,0x57,0xf5,0x00,0x1a,0xae,0x00,0x2f,0xed,0x00,0x14,0x62,0x00,0x17,0xf8,0x00,0x1b,0x3b,0x00,0x1f,0xa5,0x80,0x28,0xed,0x80,0x2d,0x7f,0x80,0x16,0x7d,0x80,0x13,0x7e,0x80,0x3a,0xf9,0x00,0x3f,0x37,0x00,0x09,0xfb,0x00,0x2e,0x7e,0x80,0x3f,0xb7,0x80,0x23,0x86,0xc0,0x3f,0xbf,0xc0,
	0x03,0xe0,0x00,0x1f,0xb0,0x00,0x67,0x3e,0x00,0x4f,0xab,0x00,0xb3,0xd9,0x00,0xa9,0x5d,0x00,0xf3,0xff,0x00,0xcf,0xfd,0x00,0x7f,0xfe,0x00,0x4f,0xfe,0x00,0x63,0xfb,0x00,0x27,0x75,0x00,0x3c,0x5b,0x00,0x1f,0xfe,0x00,0x1f,0xf8,0x00,0x1f,0xe7,0x00,0x19,0xfe,0x80,0x31,0xfe,0x80,0x30,0xff,0x80,0x19,0xfb,0x80,0x1e,0xf9,0x80,0x3c,0x7f,0x00,0x3c,0x7f,0x00,0x3e,0x3d,0x00,0x3f,0xf9,0x80,0x3f,0xdf,0x80,0x3f,0xfc,0x40,0x3f,0xbf,0xc0,
	0xfc,0x1f,0xff,0xe0,0x0f,0xff,0x80,0x01,0xff,0x80,0x00,0xff,0x00,0x00,0xff,0x00,0x00,0xff,0x00,0x00,0xff,0x00,0x00,0xff,0x80,0x01,0xff,0x80,0x01,0xff,0x80,0x00,0xff,0xc0,0x00,0xff,0xc0,0x00,0xff,0xe0,0x01,0xff,0xe0,0x07,0xff,0xe0,0x00,0xff,0xe0,0x00,0x7f,0xc0,0x00,0x7f,0xc0,0x00,0x7f,0xe0,0x00,0x7f,0xe0,0x00,0x7f,0xc0,0x00,0xff,0xc0,0x00,0xff,0xc0,0x00,0xff,0xc0,0x00,0x7f,0xc0,0x00,0x7f,0xc0,0x00,0x3f,0xc0,0x40,0x3f,
	//sprite 7
	0x00,0x78,0x00,0x00,0x8c,0x00,0x01,0xfe,0x00,0x00,0xff,0x00,0x01,0xd3,0x80,0x01,0x3d,0x80,0x01,0xa5,0x80,0x01,0xb3,0x80,0x00,0xef,0x80,0x00,0xdb,0x80,0x01,0xff,0x80,0x7b,0xff,0x00,0xdd,0x47,0x00,0x30,0x9e,0x00,0xdb,0xee,0x00,0x7c,0xa6,0x00,0x05,0x86,0x00,0x07,0xa6,0x00,0x06,0xd6,0x00,0x01,0xca,0x00,0x09,0xec,0x00,0x0d,0xdc,0x00,0x0f,0xec,0x00,0x0a,0xa7,0x00,0x05,0xe9,0x80,0x07,0x6c,0x80,0x02,0xf7,0xc0,0x01,0xac,0xc0,0x01,0x97,0x60,0x00,0xf1,0xd0,0x00,0xfb,0x28,0x01,0xb9,0x88,0x02,0x3b,0x38,0x0b,0x75,0xb0,0x0f,0xe7,0xe0,
	0x00,0x78,0x00,0x00,0xec,0x00,0x01,0xfe,0x00,0x01,0x7f,0x00,0x00,0xef,0x80,0x01,0xc3,0x80,0x01,0xcb,0x80,0x01,0xef,0x80,0x01,0xff,0x80,0x01,0xe7,0x80,0x01,0xff,0x80,0x7f,0x87,0x80,0xf3,0x8f,0x00,0xdd,0xce,0x00,0xfc,0xde,0x00,0x7f,0xf2,0x00,0x07,0xe2,0x00,0x05,0xc2,0x00,0x05,0xee,0x00,0x07,0xe6,0x00,0x0f,0xc4,0x00,0x0f,0xe4,0x00,0x0f,0xfc,0x00,0x0f,0xdf,0x00,0x07,0xd7,0x80,0x06,0xf1,0x80,0x03,0x78,0xc0,0x01,0xef,0xc0,0x01,0xf7,0xe0,0x01,0xf3,0xf0,0x01,0x7a,0xd8,0x01,0x69,0x78,0x03,0xfb,0xf8,0x0c,0xf6,0x70,0x0f,0xe7,0xe0,
	0xff,0x87,0xff,0xff,0x03,0xff,0xfe,0x01,0xff,0xfe,0x00,0xff,0xfe,0x00,0x7f,0xfe,0x00,0x7f,0xfe,0x00,0x7f,0xfe,0x00,0x7f,0xfe,0x00,0x7f,0xfe,0x00,0x7f,0xfe,0x00,0x7f,0x80,0x00,0x7f,0x00,0x00,0xff,0x00,0x01,0xff,0x00,0x01,0xff,0x80,0x01,0xff,0xf8,0x01,0xff,0xf8,0x01,0xff,0xf8,0x01,0xff,0xf8,0x01,0xff,0xf0,0x03,0xff,0xf0,0x03,0xff,0xf0,0x03,0xff,0xf0,0x00,0xff,0xf8,0x00,0x7f,0xf8,0x00,0x7f,0xfc,0x00,0x3f,0xfe,0x10,0x3f,0xfe,0x08,0x1f,0xfe,0x0c,0x0f,0xfe,0x04,0x07,0xfe,0x06,0x07,0xfc,0x04,0x07,0xf0,0x08,0x0f,0xf0,0x18,0x1f,
	//sprite 8
	0x00,0x78,0x00,0x00,0x1c,0x00,0x00,0xfe,0x00,0x00,0xe3,0x00,0x01,0xd3,0x80,0x01,0x3d,0x80,0x01,0xa5,0x80,0x01,0xb3,0x80,0x00,0xef,0x80,0x01,0xdb,0x80,0x01,0xcf,0x80,0x7b,0xf7,0x80,0xd9,0x6f,0x00,0x34,0x9e,0x00,0xdb,0xee,0x00,0x7d,0x26,0x00,0x07,0xc6,0x00,0x07,0xa6,0x00,0x06,0xd6,0x00,0x01,0xca,0x00,0x09,0xec,0x00,0x0d,0xdc,0x00,0x03,0xec,0x00,0x0a,0x87,0x00,0x04,0xe9,0x80,0x07,0x6e,0x80,0x02,0xf7,0xc0,0x01,0xac,0xc0,0x01,0x97,0x60,0x00,0xf3,0xd0,0x00,0xfb,0x28,0x01,0x39,0x88,0x02,0x3b,0x38,0x0b,0x75,0xb0,0x0f,0xe7,0xe0,
	0x00,0x78,0x00,0x00,0xec,0x00,0x01,0xfe,0x00,0x01,0x7f,0x00,0x00,0xef,0x80,0x01,0xc3,0x80,0x01,0xcb,0x80,0x01,0xef,0x80,0x01,0xff,0x80,0x01,0xe7,0x80,0x01,0xff,0x00,0x7f,0x8f,0x80,0xf7,0x87,0x00,0xdd,0xce,0x00,0xfc,0xde,0x00,0x7f,0xf2,0x00,0x07,0xe2,0x00,0x05,0xc2,0x00,0x05,0xee,0x00,0x07,0xe6,0x00,0x0f,0xc4,0x00,0x0f,0xe4,0x00,0x0f,0xfc,0x00,0x0f,0xff,0x00,0x07,0xd7,0x80,0x06,0xf1,0x80,0x03,0x78,0xc0,0x01,0xef,0xc0,0x01,0xf7,0xe0,0x01,0xf3,0xf0,0x01,0x7a,0xd8,0x01,0xe9,0x78,0x03,0xfb,0xf8,0x0c,0xf6,0x70,0x0f,0xe7,0xe0,
	0xff,0x87,0xff,0xff,0x03,0xff,0xfe,0x01,0xff,0xfe,0x00,0xff,0xfe,0x00,0x7f,0xfe,0x00,0x7f,0xfe,0x00,0x7f,0xfe,0x00,0x7f,0xfe,0x00,0x7f,0xfe,0x00,0x7f,0xfe,0x00,0x7f,0x80,0x00,0x7f,0x00,0x00,0xff,0x00,0x01,0xff,0x00,0x01,0xff,0x80,0x01,0xff,0xf8,0x01,0xff,0xf8,0x01,0xff,0xf8,0x01,0xff,0xf8,0x01,0xff,0xf0,0x03,0xff,0xf0,0x03,0xff,0xf0,0x03,0xff,0xf0,0x00,0xff,0xf8,0x00,0x7f,0xf8,0x00,0x7f,0xfc,0x00,0x3f,0xfe,0x10,0x3f,0xfe,0x08,0x1f,0xfe,0x0c,0x0f,0xfe,0x04,0x07,0xfe,0x06,0x07,0xfc,0x04,0x07,0xf0,0x08,0x0f,0xf0,0x18,0x1f,
	//sprite 9
	0x00,0x78,0x00,0x00,0x1c,0x00,0x00,0x7e,0x00,0x00,0xe7,0x00,0x01,0xd7,0x80,0x00,0x3d,0x80,0x01,0xa5,0x80,0x01,0xb3,0x80,0x00,0xef,0x80,0x01,0xeb,0x00,0x01,0xff,0x80,0x7b,0xbf,0x80,0xd9,0xe7,0x00,0x33,0x9e,0x00,0xba,0xee,0x00,0x7c,0xa6,0x00,0x07,0xc6,0x00,0x07,0xa6,0x00,0x06,0xd6,0x00,0x01,0xca,0x00,0x09,0xcc,0x00,0x0f,0xfc,0x00,0x03,0xfc,0x00,0x0a,0xc7,0x00,0x04,0x6d,0x80,0x07,0x6e,0x80,0x02,0xf7,0xc0,0x01,0xac,0xc0,0x01,0x97,0x60,0x00,0xf3,0xd0,0x00,0xfa,0xa8,0x01,0x39,0x88,0x02,0x3b,0x38,0x0b,0x75,0xb0,0x0f,0xe7,0xe0,
	0x00,0x78,0x00,0x00,0xec,0x00,0x01,0xfe,0x00,0x01,0x7f,0x00,0x00,0xeb,0x80,0x01,0xc3,0x80,0x01,0xcb,0x80,0x01,0xef,0x80,0x01,0xff,0x80,0x01,0xf7,0x80,0x01,0xff,0x00,0x7f,0xc7,0x80,0xf7,0x8f,0x00,0xdc,0xce,0x00,0xfd,0xde,0x00,0x7f,0xf2,0x00,0x07,0xe2,0x00,0x05,0xc2,0x00,0x05,0xee,0x00,0x07,0xe6,0x00,0x0f,0xe4,0x00,0x0f,0xc4,0x00,0x0f,0xfc,0x00,0x0f,0xff,0x00,0x07,0xd7,0x80,0x06,0xf1,0x80,0x03,0x78,0xc0,0x01,0xef,0xc0,0x01,0xf7,0xe0,0x01,0xf3,0xf0,0x01,0x7b,0x58,0x01,0xe9,0x78,0x03,0xfb,0xf8,0x0c,0xf6,0x70,0x0f,0xe7,0xe0,
	0xff,0x87,0xff,0xff,0x03,0xff,0xfe,0x01,0xff,0xfe,0x00,0xff,0xfe,0x00,0x7f,0xfe,0x00,0x7f,0xfe,0x00,0x7f,0xfe,0x00,0x7f,0xfe,0x00,0x7f,0xfe,0x00,0x7f,0xfe,0x00,0x7f,0x80,0x00,0x7f,0x00,0x00,0xff,0x00,0x01,0xff,0x00,0x01,0xff,0x80,0x01,0xff,0xf8,0x01,0xff,0xf8,0x01,0xff,0xf8,0x01,0xff,0xf8,0x01,0xff,0xf0,0x03,0xff,0xf0,0x03,0xff,0xf0,0x03,0xff,0xf0,0x00,0xff,0xf8,0x00,0x7f,0xf8,0x00,0x7f,0xfc,0x00,0x3f,0xfe,0x10,0x3f,0xfe,0x08,0x1f,0xfe,0x0c,0x0f,0xfe,0x04,0x07,0xfe,0x06,0x07,0xfc,0x04,0x07,0xf0,0x08,0x0f,0xf0,0x18,0x1f,
	//sprite 10
	0x07,0x00,0x00,0x0d,0x80,0x00,0x0f,0x80,0x00,0x08,0x80,0x00,0x0f,0x80,0x00,0x08,0x80,0x00,0x0a,0x80,0x00,0x0a,0x80,0x00,0x0a,0x80,0x00,0x0d,0x80,0x00,0x1b,0xc0,0x00,0x12,0x70,0x00,0x3f,0xf8,0x00,0x7e,0x0c,0x00,0x97,0x94,0x00,0xf9,0x20,0x00,0xef,0xec,0x00,0x58,0xac,0x00,0x1f,0xc8,0x00,0x0f,0xf8,0x00,0x0f,0xe0,0x00,0x04,0x70,0x00,0x0d,0x60,0x00,0x0e,0x20,0x00,0x06,0xa0,0x00,0x1d,0x60,0x00,0x2d,0x20,0x00,0x1d,0x80,0x00,0x7f,0xc0,0x00,0x1c,0x80,0x00,0x9e,0xc0,0x00,0xff,0x40,0x00,0xbf,0xe0,0x00,0xee,0x30,0x00,0x6f,0x18,0x00,0x2b,0x58,0x00,0x11,0x94,0x00,0x0d,0x66,0x00,0x1f,0x3d,0x00,0x0b,0xbe,0x80,0x1b,0x99,0x80,0x11,0x9d,0x00,0x5b,0x3f,0x00,0xfe,0x7e,0x00,
	0x07,0x00,0x00,0x0f,0x80,0x00,0x0f,0x80,0x00,0x0d,0x80,0x00,0x0f,0x80,0x00,0x0d,0x80,0x00,0x0d,0x80,0x00,0x0d,0x80,0x00,0x0d,0x80,0x00,0x0f,0x80,0x00,0x1d,0xc0,0x00,0x1f,0xb0,0x00,0x3f,0xf8,0x00,0x7f,0xfc,0x00,0xf8,0x4c,0x00,0xf1,0x54,0x00,0xd8,0x94,0x00,0x7f,0xdc,0x00,0x1f,0xf8,0x00,0x0f,0xf8,0x00,0x0f,0xf8,0x00,0x07,0xf0,0x00,0x0e,0xe0,0x00,0x0f,0xe0,0x00,0x0f,0x60,0x00,0x16,0x00,0x00,0x3e,0x00,0x00,0x2e,0x20,0x00,0x5e,0x20,0x00,0x7e,0x40,0x00,0xfc,0x40,0x00,0xfe,0xc0,0x00,0xff,0xe0,0x00,0xbd,0xf0,0x00,0x7e,0x98,0x00,0x37,0x88,0x00,0x1f,0xec,0x00,0x0f,0x7e,0x00,0x1f,0x3f,0x00,0x17,0xa1,0x80,0x1e,0x9f,0x80,0x1f,0x9b,0x00,0x67,0x23,0x00,0xfe,0x7e,0x00,
	0xf8,0xff,0xff,0xf0,0x7f,0xff,0xf0,0x7f,0xff,0xf0,0x7f,0xff,0xf0,0x7f,0xff,0xf0,0x7f,0xff,0xf0,0x7f,0xff,0xf0,0x7f,0xff,0xf0,0x7f,0xff,0xf0,0x7f,0xff,0xe0,0x3f,0xff,0xe0,0x0f,0xff,0xc0,0x07,0xff,0x80,0x03,0xff,0x00,0x03,0xff,0x00,0x03,0xff,0x00,0x03,0xff,0x80,0x03,0xff,0xe0,0x07,0xff,0xf0,0x07,0xff,0xf0,0x07,0xff,0xf8,0x0f,0xff,0xf0,0x1f,0xff,0xf0,0x1f,0xff,0xf0,0x1f,0xff,0xe0,0x1f,0xff,0xc0,0x1f,0xff,0xc0,0x1f,0xff,0x80,0x1f,0xff,0x80,0x3f,0xff,0x00,0x3f,0xff,0x00,0x3f,0xff,0x00,0x1f,0xff,0x00,0x0f,0xff,0x80,0x07,0xff,0xc0,0x07,0xff,0xe0,0x03,0xff,0xf0,0x81,0xff,0xe0,0xc0,0xff,0xe0,0x40,0x7f,0xe0,0x60,0x7f,0xe0,0x60,0xff,0x80,0xc0,0xff,0x01,0x81,0xff,
	//sprite 11
	0x30,0x00,0x00,0x00,0x78,0x00,0x00,0x00,0xcc,0x00,0x00,0x00,0xce,0x00,0x00,0x00,0x73,0x00,0x00,0x00,0x29,0x80,0x00,0x00,0x14,0xe7,0xe0,0x00,0x09,0xcc,0x70,0x00,0x06,0x8b,0xf8,0x00,0x03,0x51,0x9c,0x00,0x01,0x5b,0x2c,0x00,0x00,0xfe,0x94,0x00,0x00,0xff,0x0c,0x00,0x00,0xea,0x4c,0x00,0x00,0xe9,0x2c,0x00,0x00,0x4e,0xbc,0x00,0x00,0x13,0xf4,0x00,0x00,0x3f,0xf8,0x00,0x00,0x03,0x30,0x00,0x00,0x07,0x10,0x00,0x00,0x03,0x50,0x00,0x00,0x0e,0xb0,0x00,0x00,0x16,0x90,0x00,0x00,0x0e,0xc0,0x00,0x00,0x3f,0xe0,0x00,0x00,0x0e,0x40,0x00,0x00,0x4f,0x60,0x00,0x00,0x7f,0xa0,0x00,0x00,0x5f,0xf0,0x00,0x00,0x77,0x18,0x00,0x00,0x37,0x8c,0x00,0x00,0x15,0xac,0x00,0x00,0x08,0xca,0x00,0x00,0x06,0xb3,0x00,0x00,0x0f,0x9e,0x80,0x00,0x05,0xdf,0x40,0x00,0x0d,0xcc,0xc0,0x00,0x08,0xce,0x80,0x00,0x2d,0x9f,0x80,0x00,0x7f,0x3f,0x00,
	0x30,0x00,0x00,0x00,0x78,0x00,0x00,0x00,0xbc,0x00,0x00,0x00,0xfe,0x00,0x00,0x00,0x77,0x00,0x00,0x00,0x33,0x80,0x00,0x00,0x19,0xe7,0xe0,0x00,0x0f,0x7b,0x70,0x00,0x07,0xd7,0xf8,0x00,0x03,0xff,0xfc,0x00,0x01,0xff,0x9c,0x00,0x00,0xbf,0x6c,0x00,0x00,0xff,0xd4,0x00,0x00,0xf7,0xfc,0x00,0x00,0xf3,0x7c,0x00,0x00,0x31,0xfc,0x00,0x00,0x7f,0xfc,0x00,0x00,0x3f,0xf0,0x00,0x00,0x03,0xd0,0x00,0x00,0x07,0xf0,0x00,0x00,0x07,0xb0,0x00,0x00,0x0b,0x00,0x00,0x00,0x1f,0x00,0x00,0x00,0x17,0x10,0x00,0x00,0x2f,0x10,0x00,0x00,0x3f,0x20,0x00,0x00,0x7e,0x20,0x00,0x00,0x7f,0x60,0x00,0x00,0x7f,0xf0,0x00,0x00,0x5e,0xf8,0x00,0x00,0x3f,0x4c,0x00,0x00,0x1b,0xc4,0x00,0x00,0x0f,0xf6,0x00,0x00,0x07,0xbf,0x00,0x00,0x0f,0x9f,0x80,0x00,0x0b,0xd0,0xc0,0x00,0x0f,0x4f,0xc0,0x00,0x0f,0xcd,0x80,0x00,0x33,0x91,0x80,0x00,0x7f,0x3f,0x00,
	0xcf,0xff,0xff,0xff,0x87,0xff,0xff,0xff,0x03,0xff,0xff,0xff,0x01,0xff,0xff,0xff,0x80,0xff,0xff,0xff,0xc0,0x7f,0xff,0xff,0xe0,0x18,0x1f,0xff,0xf0,0x00,0x0f,0xff,0xf8,0x00,0x07,0xff,0xfc,0x00,0x03,0xff,0xfe,0x00,0x03,0xff,0xff,0x00,0x03,0xff,0xff,0x00,0x03,0xff,0xff,0x00,0x03,0xff,0xff,0x00,0x03,0xff,0xff,0x80,0x03,0xff,0xff,0x80,0x03,0xff,0xff,0xc0,0x07,0xff,0xff,0xfc,0x0f,0xff,0xff,0xf8,0x0f,0xff,0xff,0xf8,0x0f,0xff,0xff,0xf0,0x0f,0xff,0xff,0xe0,0x0f,0xff,0xff,0xe0,0x0f,0xff,0xff,0xc0,0x0f,0xff,0xff,0xc0,0x1f,0xff,0xff,0x80,0x1f,0xff,0xff,0x80,0x1f,0xff,0xff,0x80,0x0f,0xff,0xff,0x80,0x07,0xff,0xff,0xc0,0x03,0xff,0xff,0xe0,0x03,0xff,0xff,0xf0,0x01,0xff,0xff,0xf8,0x40,0xff,0xff,0xf0,0x60,0x7f,0xff,0xf0,0x20,0x3f,0xff,0xf0,0x30,0x3f,0xff,0xf0,0x30,0x7f,0xff,0xc0,0x60,0x7f,0xff,0x80,0xc0,0xff,
	//sprite 12
	0x00,0x3f,0x80,0x00,0x00,0x46,0x10,0x00,0x00,0x87,0xc8,0x00,0x01,0x84,0x60,0x00,0x01,0xcd,0xc0,0x00,0x01,0x7d,0x30,0x00,0x01,0xdd,0xc8,0x00,0x01,0xfc,0xf8,0x00,0x01,0xed,0x58,0x00,0x03,0xf5,0xb8,0x00,0x06,0xd6,0x78,0x00,0x05,0xd2,0x60,0x00,0x0f,0xfe,0xf0,0x00,0x1f,0x47,0x20,0x00,0x39,0x87,0xf0,0x00,0x73,0x0f,0x70,0x00,0xfe,0x25,0xb0,0x00,0xcc,0x15,0xb0,0x00,0x58,0x4f,0xd0,0x00,0x30,0x1d,0x20,0x00,0x00,0x1d,0x40,0x00,0x00,0x5e,0xc0,0x00,0x00,0x3f,0xe0,0x00,0x00,0x07,0x30,0x00,0x00,0x4f,0x48,0x00,0x00,0x3b,0x50,0x00,0x00,0x19,0x94,0x00,0x00,0x0d,0x76,0x00,0x00,0x1f,0x3c,0x00,0x00,0x1b,0xae,0x80,0x00,0x0a,0x98,0x80,0x00,0x11,0x8d,0x00,0x00,0x5b,0x2f,0x00,0x00,0x7e,0x7e,0x00,
	0x00,0x3f,0x80,0x00,0x00,0x77,0xf0,0x00,0x00,0xff,0x38,0x00,0x01,0xff,0x98,0x00,0x01,0xfe,0xb8,0x00,0x01,0xd6,0xf8,0x00,0x01,0x6f,0x38,0x00,0x00,0xff,0x78,0x00,0x01,0xfe,0x38,0x00,0x03,0x7e,0x70,0x00,0x07,0x27,0xf8,0x00,0x07,0x67,0xe0,0x00,0x0f,0xff,0xf0,0x00,0x19,0xc7,0xe0,0x00,0x33,0x8f,0x30,0x00,0x67,0x06,0x10,0x00,0xf6,0x3e,0x10,0x00,0xfc,0x2e,0x10,0x00,0x78,0x7e,0x30,0x00,0x30,0x7e,0x60,0x00,0x00,0x7e,0x40,0x00,0x00,0x7f,0x40,0x00,0x00,0x7f,0xe0,0x00,0x00,0x7c,0xf0,0x00,0x00,0x7e,0x98,0x00,0x00,0x37,0x88,0x00,0x00,0x1f,0xec,0x00,0x00,0x0f,0x7e,0x00,0x00,0x1f,0x3f,0x00,0x00,0x17,0xb1,0x80,0x00,0x0f,0x9f,0x80,0x00,0x1f,0x8b,0x00,0x00,0x67,0x33,0x00,0x00,0x7e,0x7e,0x00,
	0xff,0xc0,0x7f,0xff,0xff,0x80,0x0f,0xff,0xff,0x00,0x07,0xff,0xfe,0x00,0x07,0xff,0xfe,0x00,0x07,0xff,0xfe,0x00,0x07,0xff,0xfe,0x00,0x07,0xff,0xfe,0x00,0x07,0xff,0xfe,0x00,0x07,0xff,0xfc,0x00,0x07,0xff,0xf8,0x00,0x07,0xff,0xf8,0x00,0x1f,0xff,0xf0,0x00,0x0f,0xff,0xe0,0x38,0x1f,0xff,0xc0,0x70,0x0f,0xff,0x80,0xf0,0x0f,0xff,0x01,0xc0,0x0f,0xff,0x03,0xc0,0x0f,0xff,0x87,0x80,0x0f,0xff,0xcf,0x80,0x1f,0xff,0xff,0x80,0x3f,0xff,0xff,0x80,0x3f,0xff,0xff,0x80,0x1f,0xff,0xff,0x80,0x0f,0xff,0xff,0x80,0x07,0xff,0xff,0xc0,0x07,0xff,0xff,0xe0,0x03,0xff,0xff,0xf0,0x81,0xff,0xff,0xe0,0xc0,0xff,0xff,0xe0,0x40,0x7f,0xff,0xf0,0x60,0x7f,0xff,0xe0,0x70,0xff,0xff,0x80,0xc0,0xff,0xff,0x81,0x81,0xff,
	//sprite 13
	0x01,0x9d,0x80,0x01,0x19,0x40,0x02,0x32,0xe0,0x07,0x3b,0xe0,0x0c,0xf1,0x60,0x18,0xcf,0xe0,0x3f,0xf8,0x40,0x5b,0x7f,0xc0,0x97,0xf7,0x80,0xed,0xdd,0x80,0xfe,0xbf,0x00,0x7e,0x57,0x00,0x07,0x3e,0x00,0x01,0xf6,0x00,0x03,0x78,0x00,0x5e,0xc0,0x00,0x78,0xb0,0x00,0x35,0x48,0x00,0x7d,0x48,0x00,0x47,0x30,0x00,0x37,0x40,0x00,0x12,0xd8,0x00,0x0a,0xa8,0x00,0x0d,0x90,0x00,0x17,0xf0,0x00,0x0f,0x98,0x00,0x0f,0x98,0x00,0x0d,0xa4,0x00,0x0e,0x5c,0x00,0x7c,0x2c,0x00,0x30,0x16,0x00,0x00,0x16,0x00,0x00,0x5f,0x00,0x00,0x10,0x80,0x00,0x0e,0x80,0x00,0x1b,0x00,0x00,0x1a,0x00,0x00,0x1c,0x00,0x00,0x18,0x00,0x00,0x38,0x00,
	0x01,0xff,0x80,0x01,0xfe,0xc0,0x03,0x79,0x60,0x07,0xf1,0x60,0x0f,0xbf,0xe0,0x1f,0xb3,0xe0,0x37,0xff,0xc0,0x67,0xf7,0xc0,0xcf,0xe3,0x80,0xdf,0xe3,0x80,0xff,0x76,0x00,0x7f,0x3f,0x00,0x07,0xff,0x00,0x01,0xfe,0x00,0x03,0xf8,0x00,0x61,0xf8,0x00,0x3f,0xc8,0x00,0x7f,0x80,0x00,0x7f,0x80,0x00,0x7f,0xc8,0x00,0x3f,0xb8,0x00,0x1e,0x88,0x00,0x0e,0xd8,0x00,0x1f,0xf0,0x00,0x1f,0x70,0x00,0x0f,0x78,0x00,0x07,0xc8,0x00,0x17,0xcc,0x00,0x3e,0x64,0x00,0x7c,0x34,0x00,0x30,0x1e,0x00,0x00,0x1e,0x00,0x00,0x7f,0x00,0x00,0x2f,0x80,0x00,0x1d,0x80,0x00,0x17,0x00,0x00,0x16,0x00,0x00,0x04,0x00,0x00,0x28,0x00,0x00,0x38,0x00,
	0xfe,0x00,0x7f,0xfe,0x00,0x3f,0xfc,0x00,0x1f,0xf8,0x00,0x1f,0xf0,0x00,0x1f,0xe0,0x00,0x1f,0xc0,0x00,0x3f,0x80,0x00,0x3f,0x00,0x00,0x7f,0x00,0x00,0x7f,0x00,0x00,0xff,0x80,0x00,0xff,0xf8,0x00,0xff,0xfe,0x01,0xff,0xfc,0x07,0xff,0x80,0x07,0xff,0x80,0x07,0xff,0x80,0x07,0xff,0x80,0x07,0xff,0x80,0x07,0xff,0xc0,0x07,0xff,0xe1,0x07,0xff,0xf1,0x07,0xff,0xe0,0x0f,0xff,0xe0,0x0f,0xff,0xf0,0x07,0xff,0xf0,0x07,0xff,0xe0,0x03,0xff,0xc1,0x83,0xff,0x83,0xc3,0xff,0xcf,0xe1,0xff,0xff,0xe1,0xff,0xff,0x80,0xff,0xff,0xc0,0x7f,0xff,0xe0,0x7f,0xff,0xe0,0xff,0xff,0xe1,0xff,0xff,0xe3,0xff,0xff,0xc7,0xff,0xff,0xc7,0xff,
	//sprite 14
	0x00,0x46,0x00,0x00,0x8b,0x00,0x00,0xbf,0x80,0x00,0xab,0x80,0x00,0x5d,0xc0,0x00,0xb6,0xc0,0x00,0xe8,0xc0,0x00,0xe8,0xc0,0x00,0x53,0xc0,0x00,0xf1,0xc0,0x07,0xc3,0x00,0x7b,0xb3,0x00,0xbf,0xfb,0x00,0xbe,0x77,0x00,0xff,0x6f,0x80,0x7e,0x9a,0x80,0x00,0x65,0x80,0x00,0x6d,0x80,0x04,0xd2,0x80,0x08,0xd9,0x00,0x01,0xf6,0x00,0x0b,0xcb,0x00,0x0b,0xdd,0x80,0x06,0xe5,0x80,0x02,0x93,0x80,0x01,0x24,0xc0,0x00,0xa7,0x40,0x01,0x81,0x80,0x03,0xf5,0xa0,0x02,0x92,0x20,0x0e,0x62,0x60,0x0f,0xcf,0xc0,
	0x00,0x7e,0x00,0x00,0xf7,0x00,0x00,0xff,0x80,0x00,0x77,0x80,0x00,0xe3,0xc0,0x00,0xc1,0xc0,0x00,0xd7,0xc0,0x00,0xf7,0xc0,0x00,0xff,0xc0,0x00,0xff,0xc0,0x07,0xff,0xc0,0x7d,0xc7,0x00,0xea,0xc7,0x00,0xec,0xef,0x00,0xfe,0xff,0x80,0x7f,0xfd,0x80,0x00,0xf8,0x80,0x01,0xf0,0x80,0x07,0xe5,0x80,0x0f,0xe7,0x00,0x0f,0xfe,0x00,0x0f,0xff,0x00,0x0f,0xe9,0x80,0x07,0x78,0x80,0x03,0x5c,0x80,0x01,0xe7,0xc0,0x00,0xe7,0xc0,0x03,0xe7,0xe0,0x02,0xd6,0xe0,0x03,0x73,0xe0,0x09,0xe5,0xe0,0x0f,0xcf,0xc0,
	0xff,0x81,0xff,0xff,0x00,0xff,0xff,0x00,0x7f,0xff,0x00,0x7f,0xff,0x00,0x3f,0xff,0x00,0x3f,0xff,0x00,0x3f,0xff,0x00,0x3f,0xff,0x00,0x3f,0xff,0x00,0x3f,0xf8,0x00,0x3f,0x80,0x00,0xff,0x00,0x00,0xff,0x00,0x00,0xff,0x00,0x00,0x7f,0x80,0x00,0x7f,0xff,0x00,0x7f,0xfe,0x00,0x7f,0xf8,0x00,0x7f,0xf0,0x00,0xff,0xf0,0x01,0xff,0xf0,0x00,0xff,0xf0,0x00,0x7f,0xf8,0x00,0x7f,0xfc,0x20,0x7f,0xfe,0x18,0x3f,0xff,0x18,0x3f,0xfc,0x18,0x1f,0xfc,0x08,0x1f,0xfc,0x0c,0x1f,0xf0,0x18,0x1f,0xf0,0x30,0x3f,
	//sprite 15
	0x00,0x7c,0x00,0x00,0x86,0x00,0x00,0xff,0x00,0x00,0xb7,0x80,0x00,0xed,0xc0,0x00,0x9e,0xc0,0x00,0xe2,0xc0,0x00,0xd8,0xc0,0x00,0x53,0xc0,0x00,0x69,0xc0,0x03,0xdf,0x40,0x7b,0xf3,0xc0,0xec,0xb3,0x00,0xae,0x56,0x00,0xed,0x6b,0x00,0x7e,0x17,0x00,0x0f,0xe2,0x00,0x09,0xe3,0x00,0x05,0xaf,0x00,0x05,0x9b,0x80,0x0f,0xaf,0xc0,0x0b,0xfb,0x40,0x05,0x67,0x40,0x0f,0x9e,0xc0,0x19,0xf4,0x80,0x1f,0xff,0x80,
	0x00,0x7c,0x00,0x00,0xf6,0x00,0x00,0xff,0x00,0x00,0x7f,0x80,0x00,0x73,0xc0,0x00,0xe1,0xc0,0x00,0xd5,0xc0,0x00,0xf7,0xc0,0x00,0xff,0xc0,0x00,0xf3,0xc0,0x03,0xff,0xc0,0x7d,0xc7,0xc0,0xfb,0xc7,0x00,0xec,0xee,0x00,0xfe,0xff,0x00,0x7f,0xf9,0x00,0x0f,0xf1,0x00,0x0f,0xd1,0x00,0x07,0xd3,0x00,0x07,0xcf,0x80,0x0f,0xdf,0xc0,0x0f,0xfe,0xc0,0x07,0xbf,0xc0,0x0f,0xff,0xc0,0x17,0xfb,0x80,0x1f,0xff,0x80,
	0xff,0x83,0xff,0xff,0x01,0xff,0xff,0x00,0xff,0xff,0x00,0x7f,0xff,0x00,0x3f,0xff,0x00,0x3f,0xff,0x00,0x3f,0xff,0x00,0x3f,0xff,0x00,0x3f,0xff,0x00,0x3f,0xfc,0x00,0x3f,0x80,0x00,0x3f,0x00,0x00,0xff,0x00,0x01,0xff,0x00,0x00,0xff,0x80,0x00,0xff,0xf0,0x00,0xff,0xf0,0x00,0xff,0xf8,0x00,0xff,0xf8,0x00,0x7f,0xf0,0x00,0x3f,0xf0,0x00,0x3f,0xf8,0x00,0x3f,0xf0,0x00,0x3f,0xe0,0x00,0x7f,0xe0,0x00,0x7f,
	//sprite 16
	0x00,0x7c,0x00,0x00,0x8c,0x00,0x00,0x7f,0x00,0x00,0x33,0x80,0x00,0xed,0xc0,0x00,0x9e,0xc0,0x00,0xe2,0xc0,0x00,0xd8,0xc0,0x00,0x57,0xc0,0x00,0xed,0xc0,0x03,0xcf,0x00,0x7b,0xf3,0xc0,0xee,0xb3,0x00,0xbe,0x56,0x00,0xed,0x6b,0x00,0x7e,0x97,0x00,0x0f,0xe2,0x00,0x09,0xe3,0x00,0x05,0xaf,0x00,0x05,0x9b,0x80,0x0f,0xaf,0xc0,0x0b,0xfb,0x40,0x05,0x67,0x40,0x0f,0x9e,0xc0,0x19,0xf4,0x80,0x1f,0xff,0x80,
	0x00,0x7c,0x00,0x00,0xf6,0x00,0x00,0xff,0x00,0x00,0xff,0x80,0x00,0x73,0xc0,0x00,0xe1,0xc0,0x00,0xd5,0xc0,0x00,0xf7,0xc0,0x00,0xff,0xc0,0x00,0xf3,0xc0,0x03,0xff,0xc0,0x7d,0xc7,0xc0,0xfb,0xc7,0x00,0xec,0xee,0x00,0xfe,0xff,0x00,0x7f,0xf9,0x00,0x0f,0xf1,0x00,0x0f,0xd1,0x00,0x07,0xd3,0x00,0x07,0xcf,0x80,0x0f,0xdf,0xc0,0x0f,0xfe,0xc0,0x07,0xbf,0xc0,0x0f,0xff,0xc0,0x17,0xfb,0x80,0x1f,0xff,0x80,
	0xff,0x83,0xff,0xff,0x01,0xff,0xff,0x00,0xff,0xff,0x00,0x7f,0xff,0x00,0x3f,0xff,0x00,0x3f,0xff,0x00,0x3f,0xff,0x00,0x3f,0xff,0x00,0x3f,0xff,0x00,0x3f,0xfc,0x00,0x3f,0x80,0x00,0x3f,0x00,0x00,0xff,0x00,0x01,0xff,0x00,0x00,0xff,0x80,0x00,0xff,0xf0,0x00,0xff,0xf0,0x00,0xff,0xf8,0x00,0xff,0xf8,0x00,0x7f,0xf0,0x00,0x3f,0xf0,0x00,0x3f,0xf8,0x00,0x3f,0xf0,0x00,0x3f,0xe0,0x00,0x7f,0xe0,0x00,0x7f,
	//sprite 17
	0x00,0x7c,0x00,0x00,0x84,0x00,0x00,0x3f,0x00,0x00,0x33,0x80,0x00,0xef,0xc0,0x00,0x1e,0xc0,0x00,0xc2,0xc0,0x00,0x5c,0xc0,0x00,0x5f,0xc0,0x00,0xf5,0xc0,0x03,0xff,0x00,0x7b,0xd3,0x80,0xee,0xb3,0x00,0xbf,0x56,0x00,0xfd,0xeb,0x00,0x7e,0x97,0x00,0x0f,0xe2,0x00,0x09,0xe3,0x00,0x05,0xaf,0x00,0x05,0x9b,0x80,0x0f,0xaf,0xc0,0x0b,0xfb,0x40,0x05,0x67,0x40,0x0f,0x9e,0xc0,0x19,0xf4,0x80,0x1f,0xff,0x80,
	0x00,0x7c,0x00,0x00,0xfe,0x00,0x00,0xff,0x00,0x00,0xff,0x80,0x00,0x71,0xc0,0x00,0xe1,0xc0,0x00,0xf5,0xc0,0x00,0xf3,0xc0,0x00,0xff,0xc0,0x00,0xfb,0xc0,0x03,0xff,0xc0,0x7d,0xe7,0x80,0xfb,0xc7,0x00,0xec,0xee,0x00,0xfe,0xff,0x00,0x7f,0xf9,0x00,0x0f,0xf1,0x00,0x0f,0xd1,0x00,0x07,0xd3,0x00,0x07,0xcf,0x80,0x0f,0xdf,0xc0,0x0f,0xfe,0xc0,0x07,0xbf,0xc0,0x0f,0xff,0xc0,0x17,0xfb,0x80,0x1f,0xff,0x80,
	0xff,0x83,0xff,0xff,0x01,0xff,0xff,0x00,0xff,0xff,0x00,0x7f,0xff,0x00,0x3f,0xff,0x00,0x3f,0xff,0x00,0x3f,0xff,0x00,0x3f,0xff,0x00,0x3f,0xff,0x00,0x3f,0xfc,0x00,0x3f,0x80,0x00,0x7f,0x00,0x00,0xff,0x00,0x01,0xff,0x00,0x00,0xff,0x80,0x00,0xff,0xf0,0x00,0xff,0xf0,0x00,0xff,0xf8,0x00,0xff,0xf8,0x00,0x7f,0xf0,0x00,0x3f,0xf0,0x00,0x3f,0xf8,0x00,0x3f,0xf0,0x00,0x3f,0xe0,0x00,0x7f,0xe0,0x00,0x7f,
	//sprite 18
	0x03,0x80,0x05,0xc0,0x07,0xc0,0x07,0x40,0x06,0xc0,0x05,0x40,0x05,0x40,0x05,0x40,0x05,0x40,0x07,0xc0,0x0d,0xf0,0x19,0x38,0x1f,0xfc,0x3f,0xa6,0x4b,0x4a,0x6c,0xf8,0x77,0xf2,0x2c,0x56,0x0f,0xe4,0x07,0xfc,0x07,0xf0,0x02,0x38,0xea,0x30,0xbf,0x98,0xf7,0x78,0x7f,0x90,0x4f,0x18,0x2d,0x78,0x2c,0xdc,0x7d,0x7e,0x5f,0xda,0x2b,0x3a,0x7c,0xf6,0xcf,0xa4,0xff,0xfc,
	0x03,0x80,0x06,0xc0,0x07,0xc0,0x06,0xc0,0x07,0xc0,0x06,0xc0,0x06,0xc0,0x06,0xc0,0x06,0xc0,0x07,0xc0,0x0e,0xf0,0x1f,0xd8,0x1f,0xfc,0x3f,0x5e,0x7c,0xa6,0x78,0x8a,0x6c,0x4e,0x3f,0xee,0x0f,0xfc,0x07,0xfc,0x07,0xfc,0x03,0xf8,0xf7,0xf0,0xff,0xf8,0xff,0x88,0x7f,0x08,0x7e,0x88,0x3e,0x98,0x3e,0x7c,0x7e,0xfe,0x7f,0xf6,0x3d,0xfe,0x7f,0xfe,0xbf,0xdc,0xff,0xfc,
	0xfc,0x7f,0xf8,0x3f,0xf8,0x3f,0xf8,0x3f,0xf8,0x3f,0xf8,0x3f,0xf8,0x3f,0xf8,0x3f,0xf8,0x3f,0xf8,0x3f,0xf0,0x0f,0xe0,0x07,0xe0,0x03,0xc0,0x01,0x80,0x01,0x80,0x01,0x80,0x01,0xc0,0x01,0xf0,0x03,0xf8,0x03,0xf8,0x03,0xfc,0x07,0x00,0x0f,0x00,0x07,0x00,0x07,0x80,0x07,0x80,0x07,0xc0,0x07,0xc0,0x03,0x80,0x01,0x80,0x01,0xc0,0x01,0x80,0x01,0x00,0x03,0x00,0x03,
	//sprite 19
	0x30,0x00,0x00,0x58,0x00,0x00,0xcc,0x00,0x00,0xd6,0x00,0x00,0x77,0x00,0x00,0x33,0x80,0x00,0x18,0xf5,0xe0,0x0f,0xe4,0x70,0x06,0x89,0xf8,0x03,0x7f,0xfc,0x01,0x5f,0xb4,0x00,0xfe,0xb4,0x00,0xf7,0x24,0x00,0xeb,0xc4,0x00,0x69,0x7c,0x00,0x4c,0xbc,0x00,0x53,0xfc,0x00,0x07,0xf0,0x00,0xeb,0x20,0x00,0xbf,0x98,0x00,0xf7,0x78,0x00,0x7f,0x90,0x00,0x4f,0x18,0x00,0x2d,0x78,0x00,0x2c,0xdc,0x00,0x7d,0x7e,0x00,0x5f,0xda,0x00,0x2b,0x3a,0x00,0x7c,0xf6,0x00,0xcf,0xa4,0x00,0xff,0xfc,
	0x30,0x00,0x00,0x78,0x00,0x00,0xbc,0x00,0x00,0xfe,0x00,0x00,0x73,0x00,0x00,0x39,0x80,0x00,0x1d,0xf7,0xe0,0x0f,0x5b,0x70,0x07,0xd7,0xf8,0x03,0xfb,0x9c,0x01,0xff,0x0c,0x00,0xbf,0x4c,0x00,0xff,0xdc,0x00,0xf6,0x7c,0x00,0x73,0x3c,0x00,0x33,0xfc,0x00,0x7f,0xf4,0x00,0x07,0xf8,0x00,0xf7,0xd0,0x00,0xff,0xf8,0x00,0xff,0x88,0x00,0x7f,0x08,0x00,0x7e,0x88,0x00,0x3e,0x98,0x00,0x3e,0x7c,0x00,0x7e,0xfe,0x00,0x7f,0xf6,0x00,0x3d,0xfe,0x00,0x7f,0xfe,0x00,0xbf,0xdc,0x00,0xff,0xfc,
	0xcf,0xff,0xff,0x87,0xff,0xff,0x03,0xff,0xff,0x01,0xff,0xff,0x80,0xff,0xff,0xc0,0x7f,0xff,0xe0,0x08,0x1f,0xf0,0x00,0x0f,0xf8,0x00,0x07,0xfc,0x00,0x03,0xfe,0x00,0x03,0xff,0x00,0x03,0xff,0x00,0x03,0xff,0x00,0x03,0xff,0x80,0x03,0xff,0x80,0x03,0xff,0x80,0x03,0xff,0xf8,0x07,0xff,0x00,0x0f,0xff,0x00,0x07,0xff,0x00,0x07,0xff,0x80,0x07,0xff,0x80,0x07,0xff,0xc0,0x07,0xff,0xc0,0x03,0xff,0x80,0x01,0xff,0x80,0x01,0xff,0xc0,0x01,0xff,0x80,0x01,0xff,0x00,0x03,0xff,0x00,0x03,
	//sprite 20
	0x00,0x1f,0xc0,0x00,0x23,0x88,0x00,0x43,0x84,0x00,0xca,0x14,0x00,0x7e,0x94,0x00,0x96,0x1c,0x00,0x3e,0xac,0x00,0xf3,0x9c,0x00,0xfe,0xec,0x01,0xea,0xdc,0x03,0x7b,0x7c,0x02,0xaf,0xb0,0x07,0x7f,0xf0,0x08,0xe3,0x98,0x12,0xf7,0x78,0x25,0xff,0x90,0x6b,0x4f,0x18,0xb6,0x2d,0x78,0xfc,0x2c,0xdc,0x78,0x7d,0x7e,0x30,0x5f,0xda,0x00,0x2b,0x3a,0x00,0x7c,0xf6,0x00,0xcf,0xa4,0x00,0xff,0xfc,
	0x00,0x1f,0xc0,0x00,0x3b,0x78,0x00,0x7f,0xac,0x00,0xf7,0xec,0x00,0xef,0x6c,0x00,0xeb,0xfc,0x00,0xf7,0xdc,0x00,0x7f,0x3c,0x00,0xff,0x1c,0x01,0xbf,0x38,0x03,0xa3,0xfc,0x03,0xf3,0x70,0x07,0xff,0xf0,0x0d,0xff,0xf8,0x19,0xff,0x88,0x33,0xff,0x08,0x67,0x7e,0x88,0xfe,0x3e,0x98,0xdc,0x3e,0x7c,0x78,0x7e,0xfe,0x30,0x7f,0xf6,0x00,0x3d,0xfe,0x00,0x7f,0xfe,0x00,0xbf,0xdc,0x00,0xff,0xfc,
	0xff,0xe0,0x3f,0xff,0xc0,0x07,0xff,0x80,0x03,0xff,0x00,0x03,0xff,0x00,0x03,0xff,0x00,0x03,0xff,0x00,0x03,0xff,0x00,0x03,0xff,0x00,0x03,0xfe,0x00,0x03,0xfc,0x00,0x03,0xfc,0x00,0x0f,0xf8,0x00,0x0f,0xf0,0x00,0x07,0xe0,0x00,0x07,0xc0,0x00,0x07,0x80,0x80,0x07,0x01,0xc0,0x07,0x03,0xc0,0x03,0x87,0x80,0x01,0xcf,0x80,0x01,0xff,0xc0,0x01,0xff,0x80,0x01,0xff,0x00,0x03,0xff,0x00,0x03,
	//sprite 21
	0x1c,0x80,0x3a,0x80,0x31,0x00,0x21,0x00,0x7e,0x80,0xaf,0x70,0xd7,0xe0,0xaf,0xb0,0xc7,0x40,0xf5,0xb8,0x13,0x38,0x8e,0x88,0x1d,0x18,0x09,0x00,0x04,0x80,0x02,0x80,0x03,0xc0,0x03,0x40,0x00,0x40,0x1c,0x80,0x1f,0x00,
	0x1f,0x80,0x3d,0x80,0x38,0x80,0x38,0x80,0x61,0x80,0xc7,0x70,0x8f,0xd0,0xdf,0xd0,0xf8,0xf0,0xe3,0xc8,0xef,0xe8,0xfe,0x98,0x1f,0x18,0x0f,0x00,0x07,0x80,0x03,0x80,0x0f,0xc0,0x05,0xc0,0x03,0xc0,0x1b,0x80,0x1f,0x00,
	0xe0,0x7f,0xc0,0x7f,0xc0,0x7f,0xc0,0x7f,0x80,0x7f,0x00,0x8f,0x00,0x0f,0x00,0x0f,0x00,0x0f,0x00,0x07,0x00,0x07,0x01,0x67,0xe0,0xe7,0xf0,0xff,0xf8,0x7f,0xfc,0x7f,0xf0,0x3f,0xf8,0x3f,0xfc,0x3f,0xe0,0x7f,0xe0,0xff,
	//sprite 22
	0x03,0xf0,0x00,0x06,0xd0,0x00,0x0b,0x28,0x00,0x15,0x08,0x00,0x3a,0x98,0x00,0x6c,0x68,0x00,0x77,0xf8,0x00,0x93,0xfc,0x00,0x7f,0xfc,0x00,0x1c,0xf2,0x00,0x04,0xb2,0x00,0x04,0xd0,0x00,0x00,0x7a,0x00,0x00,0xe9,0x00,0x01,0x4f,0x00,0x00,0x8e,0x80,0x00,0x1e,0x80,0x00,0x08,0x80,0x00,0x0f,0x00,0x00,0x1a,0x00,0x00,0x1e,0x00,
	0x03,0xf0,0x00,0x07,0x30,0x00,0x0e,0x18,0x00,0x1a,0x38,0x00,0x21,0x78,0x00,0x73,0xf8,0x00,0xbf,0xf8,0x00,0xe7,0xfc,0x00,0x61,0xfc,0x00,0x1f,0xfe,0x00,0x07,0xde,0x00,0x07,0xfe,0x00,0x00,0xfe,0x00,0x00,0x6f,0x00,0x01,0xcf,0x00,0x01,0x9f,0x80,0x00,0x17,0x80,0x00,0x0f,0x80,0x00,0x0b,0x00,0x00,0x1e,0x00,0x00,0x1e,0x00,
	0xfc,0x0f,0xff,0xf8,0x0f,0xff,0xf0,0x07,0xff,0xe0,0x07,0xff,0xc0,0x07,0xff,0x80,0x07,0xff,0x00,0x07,0xff,0x00,0x03,0xff,0x80,0x03,0xff,0xe0,0x01,0xff,0xf8,0x01,0xff,0xf8,0x01,0xff,0xff,0x01,0xff,0xff,0x10,0xff,0xfe,0x30,0xff,0xfe,0x60,0x7f,0xff,0xe0,0x7f,0xff,0xf0,0x7f,0xff,0xf0,0xff,0xff,0xe1,0xff,0xff,0xe1,0xff,
	//sprite 23
	0x01,0xf0,0x00,0x03,0xf0,0x00,0x04,0xd8,0x00,0x1d,0x28,0x00,0x2c,0x28,0x00,0x7a,0x9c,0x00,0xec,0x7e,0x00,0x7f,0xde,0x00,0xb4,0x4e,0x00,0x70,0x3f,0x00,0x2a,0x2e,0x00,0x1e,0x1d,0x80,0x27,0x07,0x80,0x13,0x82,0x40,0x0f,0x01,0xe0,0x0a,0x03,0xd0,0x54,0x03,0x48,0x48,0x01,0x58,0x00,0x00,0xb0,0x00,0x01,0x60,0x00,0x04,0x40,0x00,0x05,0xc0,
	0x01,0xf0,0x00,0x03,0xf0,0x00,0x07,0x38,0x00,0x1a,0x18,0x00,0x32,0x18,0x00,0x61,0x7c,0x00,0x73,0xfe,0x00,0xff,0xfe,0x00,0xcc,0x7e,0x00,0x64,0x3f,0x00,0x36,0x3d,0x00,0x1e,0x1e,0x80,0x3f,0x07,0x80,0x1d,0x83,0xc0,0x05,0x01,0xe0,0x16,0x03,0xf0,0x6c,0x02,0xf8,0x78,0x01,0xb8,0x00,0x00,0x70,0x00,0x01,0xe0,0x00,0x07,0xc0,0x00,0x07,0xc0,
	0xfe,0x0f,0xff,0xfc,0x0f,0xff,0xf8,0x07,0xff,0xe0,0x07,0xff,0xc0,0x07,0xff,0x80,0x03,0xff,0x00,0x01,0xff,0x00,0x01,0xff,0x03,0x81,0xff,0x83,0xc0,0xff,0xc1,0xc0,0xff,0xe1,0xe0,0x7f,0xc0,0xf8,0x7f,0xe0,0x7c,0x3f,0xf0,0xfe,0x1f,0xe1,0xfc,0x0f,0x83,0xfc,0x07,0x87,0xfe,0x07,0xff,0xff,0x0f,0xff,0xfe,0x1f,0xff,0xf8,0x3f,0xff,0xf8,0x3f,
	//sprite 24
	0x00, //alignment byte
	0x00,0x1f,0x00,0x00,0x00,0x1f,0x80,0x00,0x00,0x18,0x80,0x00,0x00,0x14,0x40,0x00,0x00,0x38,0xc0,0x00,0x00,0x5d,0x60,0x00,0x01,0xab,0xa0,0x00,0x00,0x93,0xb0,0x00,0x00,0xce,0xfc,0x00,0x02,0x73,0x73,0x00,0x03,0xe1,0xf9,0xf0,0x03,0x60,0xea,0x50,0x03,0x60,0x9f,0xf0,0x03,0xa0,0x02,0xb0,0x01,0xc0,0x00,0x50,0x05,0x40,0x00,0x70,0x04,0x80,0x00,0x00,0x0c,0x00,0x00,0x30,0xe3,0x00,0x00,0x30,0xbe,0x00,0x00,0x00,0xf9,0x00,0x00,0x00,0x07,0x00,0x00,0x00,
	0x00,0x1f,0x00,0x00,0x00,0x1f,0x80,0x00,0x00,0x1f,0x80,0x00,0x00,0x18,0xc0,0x00,0x00,0x30,0x40,0x00,0x00,0x60,0xe0,0x00,0x01,0xc5,0xe0,0x00,0x01,0xcf,0xf0,0x00,0x03,0xff,0xfc,0x00,0x03,0xf3,0xff,0x00,0x03,0x61,0xf7,0xf0,0x02,0x20,0xfd,0xf0,0x02,0x20,0xff,0xf0,0x02,0x60,0x03,0x70,0x02,0x40,0x00,0xf0,0x06,0xc0,0x00,0x50,0x0f,0x80,0x00,0x30,0x07,0x00,0x00,0x30,0xff,0x00,0x00,0x30,0xcb,0x00,0x00,0x00,0xfe,0x00,0x00,0x00,0x07,0x00,0x00,0x00,
	0xff,0xe0,0xff,0xff,0xff,0xe0,0x7f,0xff,0xff,0xe0,0x7f,0xff,0xff,0xe0,0x3f,0xff,0xff,0xc0,0x3f,0xff,0xff,0x80,0x1f,0xff,0xfe,0x00,0x1f,0xff,0xfe,0x00,0x0f,0xff,0xfc,0x00,0x03,0xff,0xfc,0x0c,0x00,0xff,0xfc,0x1e,0x00,0x0f,0xfc,0x1f,0x00,0x0f,0xfc,0x1f,0x00,0x0f,0xfc,0x1f,0xfc,0x0f,0xfc,0x3f,0xff,0x0f,0xf8,0x3f,0xff,0x8f,0xf0,0x7f,0xff,0xcf,0xf0,0xff,0xff,0xcf,0x00,0xff,0xff,0xcf,0x00,0xff,0xff,0xff,0x00,0xff,0xff,0xff,0xf8,0xff,0xff,0xff,
	//sprite 25
	0x00,0x3f,0x00,0x00,0x00,0x36,0x80,0x00,0x00,0x39,0x86,0x00,0x00,0x31,0x89,0x00,0x00,0x6a,0xcd,0x80,0x00,0xe5,0xd4,0xc0,0x00,0x57,0xe6,0x60,0x01,0xad,0xcd,0x20,0x00,0xf2,0xce,0xe0,0x01,0x61,0x88,0x40,0x00,0xc1,0x90,0x00,0x00,0x00,0xc0,0x00,0x00,0x40,0x60,0x00,0x01,0x80,0x00,0x00,0x03,0x40,0x00,0x00,0x0a,0xc0,0x00,0x00,0x0e,0x80,0x00,0x00,0x73,0x80,0x00,0x00,0x99,0x80,0x00,0x00,0x7c,0x80,0x00,0x00,0x07,0x80,0x00,0x00,
	0x00,0x3f,0x00,0x00,0x00,0x39,0x80,0x00,0x00,0x30,0x86,0x00,0x00,0x20,0x8f,0x00,0x00,0x51,0xcf,0x80,0x00,0x8b,0xdf,0xc0,0x01,0x8f,0xfd,0xe0,0x00,0xdf,0xff,0xe0,0x01,0xf3,0xfe,0xe0,0x01,0xe1,0xf8,0x40,0x01,0x21,0xf0,0x00,0x01,0x20,0xe0,0x00,0x01,0x20,0xe0,0x00,0x00,0x40,0x00,0x00,0x02,0xc0,0x00,0x00,0x0f,0xc0,0x00,0x00,0x0b,0x80,0x00,0x00,0x7f,0x80,0x00,0x00,0xe6,0x80,0x00,0x00,0x7f,0x80,0x00,0x00,0x07,0x80,0x00,0x00,
	0xff,0xc0,0xff,0xff,0xff,0xc0,0x7f,0xff,0xff,0xc0,0x79,0xff,0xff,0xc0,0x70,0xff,0xff,0x80,0x30,0x7f,0xff,0x00,0x20,0x3f,0xfe,0x00,0x00,0x1f,0xfe,0x00,0x00,0x1f,0xfe,0x0c,0x01,0x1f,0xfe,0x1e,0x07,0xbf,0xfe,0x1e,0x0f,0xff,0xfe,0x1f,0x1f,0xff,0xfe,0x1f,0x1f,0xff,0xfe,0x3f,0xff,0xff,0xfc,0x3f,0xff,0xff,0xf0,0x3f,0xff,0xff,0xf0,0x7f,0xff,0xff,0x80,0x7f,0xff,0xff,0x00,0x7f,0xff,0xff,0x80,0x7f,0xff,0xff,0xf8,0x7f,0xff,0xff,
	//sprite 26
	0x0f,0x00,0x18,0x80,0x12,0x40,0x31,0x40,0x39,0x80,0x6e,0x80,0x75,0x60,0x57,0xb0,0xdf,0xf0,0xe6,0xf0,0x77,0xd0,0x9a,0xd0,0xf2,0x70,0x18,0x00,0x09,0x30,0x05,0x80,0x0f,0xc0,0x0f,0xe0,0x03,0x60,0x04,0xc0,0x17,0x80,0x1f,0x00,
	0x0f,0x00,0x1f,0x80,0x1d,0xc0,0x38,0xc0,0x30,0x80,0x71,0x80,0x63,0x60,0x63,0xf0,0xe7,0xf0,0x7f,0xf0,0xff,0xb0,0xe7,0xf0,0xc2,0x70,0x12,0x30,0x0f,0x30,0x07,0x80,0x0f,0xc0,0x0b,0x60,0x05,0xe0,0x07,0xc0,0x19,0x80,0x1f,0x00,
	0xf0,0xff,0xe0,0x7f,0xe0,0x3f,0xc0,0x3f,0xc0,0x7f,0x80,0x7f,0x80,0x9f,0x80,0x0f,0x00,0x0f,0x00,0x0f,0x00,0x0f,0x00,0x0f,0x01,0x8f,0xe1,0xcf,0xf0,0xcf,0xf8,0x7f,0xf0,0x3f,0xf0,0x1f,0xf8,0x1f,0xf8,0x3f,0xe0,0x7f,0xe0,0xff,
	//sprite 27
	0x03,0xe0,0x00,0x07,0xf0,0x00,0x0b,0xa8,0x00,0x03,0x18,0x00,0x13,0x98,0x00,0x69,0x08,0x00,0xf3,0xc8,0x00,0xbf,0xb0,0x00,0x67,0xf0,0x00,0x2b,0xb8,0x00,0x0d,0xec,0x00,0x07,0x2e,0x00,0x0b,0x92,0x00,0x06,0xca,0x00,0x00,0x83,0x00,0x07,0x0d,0x80,0x0e,0x0b,0xc0,0x0c,0x0f,0x20,0x00,0x05,0xe0,0x00,0x05,0xc0,0x00,0x1f,0x80,0x00,0x1b,0x00,
	0x03,0xe0,0x00,0x06,0xf0,0x00,0x0f,0xd8,0x00,0x1f,0x88,0x00,0x2f,0x08,0x00,0x5f,0x98,0x00,0xff,0x78,0x00,0xff,0x10,0x00,0x7f,0x10,0x00,0x37,0xf8,0x00,0x0f,0x7c,0x00,0x07,0xc6,0x00,0x0f,0xe6,0x00,0x07,0xd6,0x00,0x07,0x8f,0x00,0x07,0x0f,0x80,0x0e,0x0f,0x40,0x0c,0x09,0xe0,0x00,0x06,0xe0,0x00,0x07,0xc0,0x00,0x19,0x80,0x00,0x1f,0x00,
	0xfc,0x1f,0xff,0xf8,0x0f,0xff,0xf0,0x07,0xff,0xe0,0x07,0xff,0xc0,0x07,0xff,0x80,0x07,0xff,0x00,0x07,0xff,0x00,0x0f,0xff,0x80,0x0f,0xff,0xc0,0x07,0xff,0xf0,0x03,0xff,0xf8,0x01,0xff,0xf0,0x01,0xff,0xf8,0x21,0xff,0xf8,0x70,0xff,0xf8,0xf0,0x7f,0xf1,0xf0,0x3f,0xf3,0xf0,0x1f,0xff,0xf8,0x1f,0xff,0xf8,0x3f,0xff,0xe0,0x7f,0xff,0xe0,0xff,
	//sprite 28
	0x07,0xe0,0x00,0x0d,0xf0,0x00,0x17,0x50,0x00,0x2a,0xa8,0x00,0x46,0x98,0x00,0x92,0x48,0x00,0xf7,0x58,0x00,0xfc,0xbc,0x00,0xec,0x54,0x00,0x64,0x3e,0x00,0x26,0x15,0x00,0x3a,0x48,0x00,0x0f,0x1e,0x80,0x1d,0x05,0xc0,0x3a,0x02,0x40,0x2c,0x01,0xf0,0x58,0x00,0x68,0xf0,0x01,0xb8,0x00,0x00,0x50,0x00,0x01,0x60,0x00,0x06,0xa0,0x00,0x06,0xc0,
	0x07,0xe0,0x00,0x0f,0xf0,0x00,0x1f,0xb0,0x00,0x37,0x18,0x00,0x7f,0x18,0x00,0xff,0xb8,0x00,0x7f,0xe8,0x00,0x7c,0xc4,0x00,0xfc,0x6c,0x00,0x7c,0x3e,0x00,0x3e,0x7b,0x00,0x3e,0x71,0x00,0x3f,0x19,0x80,0x1f,0x06,0xc0,0x2e,0x03,0xc0,0x3c,0x01,0xf0,0x78,0x01,0xf8,0xf0,0x01,0x58,0x00,0x00,0xb0,0x00,0x01,0xe0,0x00,0x07,0x60,0x00,0x07,0xc0,
	0xf8,0x1f,0xff,0xf0,0x0f,0xff,0xe0,0x0f,0xff,0xc0,0x07,0xff,0x80,0x07,0xff,0x00,0x07,0xff,0x00,0x07,0xff,0x03,0x03,0xff,0x03,0x83,0xff,0x83,0xc1,0xff,0xc1,0x80,0xff,0xc1,0x80,0xff,0xc0,0xe0,0x7f,0xe0,0xf8,0x3f,0xc1,0xfc,0x3f,0xc3,0xfe,0x0f,0x87,0xfe,0x07,0x0f,0xfe,0x07,0xff,0xff,0x0f,0xff,0xfe,0x1f,0xff,0xf8,0x1f,0xff,0xf8,0x3f,
	//sprite 29
	0x00,0x17,0x80,0x00,0x00,0x38,0x80,0x00,0x00,0x3b,0x40,0x00,0x00,0x6c,0xa0,0x00,0x00,0x68,0xe0,0x00,0x00,0x5a,0x70,0x00,0x00,0x46,0xf0,0x00,0x01,0xee,0xd0,0x00,0x02,0xb9,0x3c,0x00,0x02,0xf8,0xf7,0x00,0x03,0x30,0x2b,0xd8,0x03,0xb0,0x40,0x68,0x03,0x60,0x2f,0xd8,0x02,0xa0,0x03,0x58,0x02,0x60,0x00,0x78,0x00,0xc0,0x00,0x30,0x04,0x80,0x00,0x10,0x1d,0x80,0x00,0x20,0x7f,0x80,0x00,0x10,0xd4,0x80,0x00,0x00,0x7c,0x80,0x00,0x00,0x07,0x80,0x00,0x00,
	0x00,0x1f,0x80,0x00,0x00,0x3f,0x80,0x00,0x00,0x3c,0xc0,0x00,0x00,0x58,0x60,0x00,0x00,0x5c,0x60,0x00,0x00,0x3d,0xb0,0x00,0x00,0x3f,0x10,0x00,0x01,0xbf,0x30,0x00,0x03,0xf9,0xfc,0x00,0x03,0xf8,0xfb,0x00,0x03,0xf0,0x70,0xf8,0x03,0x70,0x7f,0xd8,0x03,0xa0,0x3f,0xf8,0x03,0x60,0x02,0x38,0x03,0xe0,0x00,0xd8,0x03,0xc0,0x00,0x10,0x0f,0x80,0x00,0x20,0x17,0x80,0x00,0x30,0x77,0x80,0x00,0x10,0xef,0x80,0x00,0x00,0x7f,0x80,0x00,0x00,0x07,0x80,0x00,0x00,
	0xff,0xe0,0x7f,0xff,0xff,0xc0,0x7f,0xff,0xff,0xc0,0x3f,0xff,0xff,0x80,0x1f,0xff,0xff,0x80,0x1f,0xff,0xff,0x80,0x0f,0xff,0xff,0x80,0x0f,0xff,0xfe,0x00,0x0f,0xff,0xfc,0x06,0x03,0xff,0xfc,0x07,0x00,0xff,0xfc,0x0f,0x80,0x07,0xfc,0x0f,0x80,0x07,0xfc,0x1f,0xc0,0x07,0xfc,0x1f,0xfc,0x07,0xfc,0x1f,0xff,0x07,0xfc,0x3f,0xff,0xcf,0xf0,0x7f,0xff,0xcf,0xe0,0x7f,0xff,0xcf,0x80,0x7f,0xff,0xef,0x00,0x7f,0xff,0xff,0x80,0x7f,0xff,0xff,0xf8,0x7f,0xff,0xff,
	//sprite 30
	0x00,0x5e,0x00,0x00,0x00,0x6a,0x00,0x00,0x00,0xbd,0x0c,0x00,0x00,0x33,0x1a,0x00,0x00,0x21,0xbb,0x00,0x00,0xe3,0xee,0x80,0x01,0x79,0xea,0xc0,0x03,0xbd,0x2a,0x40,0x02,0x7f,0xd6,0x40,0x01,0xe6,0x40,0xc0,0x04,0xc3,0xe0,0x00,0x0f,0x40,0xc0,0x00,0x0d,0x43,0x80,0x00,0x0e,0x80,0x00,0x00,0x0b,0x80,0x00,0x00,0x09,0x00,0x00,0x00,0x1b,0x00,0x00,0x00,0x1a,0x00,0x00,0x00,0xce,0x00,0x00,0x00,0x12,0x00,0x00,0x00,0x7a,0x00,0x00,0x00,0x0e,0x00,0x00,0x00,
	0x00,0x7e,0x00,0x00,0x00,0x76,0x00,0x00,0x00,0xe3,0x0c,0x00,0x00,0xe1,0x1e,0x00,0x00,0x73,0xb7,0x00,0x01,0x7e,0xfd,0x80,0x00,0xfc,0xdd,0xc0,0x02,0xf8,0xdf,0xc0,0x07,0xfc,0x96,0xc0,0x07,0xe7,0xa0,0xc0,0x07,0xc3,0xe0,0x00,0x0c,0xc3,0xc0,0x00,0x0e,0xc3,0x80,0x00,0x0d,0x80,0x00,0x00,0x0d,0x80,0x00,0x00,0x0f,0x00,0x00,0x00,0x1f,0x00,0x00,0x00,0x0e,0x00,0x00,0x00,0xfe,0x00,0x00,0x00,0xfe,0x00,0x00,0x00,0x7e,0x00,0x00,0x00,0x0e,0x00,0x00,0x00,
	0xff,0x81,0xff,0xff,0xff,0x81,0xff,0xff,0xff,0x00,0xf3,0xff,0xff,0x00,0xe1,0xff,0xff,0x00,0x40,0xff,0xfe,0x00,0x00,0x7f,0xfe,0x00,0x00,0x3f,0xfc,0x00,0x00,0x3f,0xf8,0x00,0x09,0x3f,0xf8,0x18,0x1f,0x3f,0xf8,0x3c,0x1f,0xff,0xf0,0x3c,0x3f,0xff,0xf0,0x3c,0x7f,0xff,0xf0,0x7f,0xff,0xff,0xf0,0x7f,0xff,0xff,0xf0,0xff,0xff,0xff,0xe0,0xff,0xff,0xff,0xe1,0xff,0xff,0xff,0x01,0xff,0xff,0xff,0x01,0xff,0xff,0xff,0x81,0xff,0xff,0xff,0xf1,0xff,0xff,0xff,
	//sprite 31
	0x03,0x80,0x01,0x60,0x0f,0xf0,0x0e,0xf0,0x11,0x78,0x16,0xa8,0x1d,0x38,0x16,0x98,0x0f,0xf8,0x0e,0xc8,0x1f,0x20,0x7f,0x68,0xb7,0x10,0xb2,0xf0,0x7d,0xf0,0x3f,0xa0,0x07,0x70,
	0x07,0x80,0x0d,0xe0,0x1f,0xf0,0x17,0x30,0x0e,0x18,0x1d,0x58,0x1f,0xf8,0x1f,0x78,0x1f,0xf8,0x1f,0x38,0x1f,0x18,0x7f,0x98,0xdf,0xf0,0xd1,0xf0,0x7a,0xd0,0x3f,0xd0,0x07,0x70,
	0xf8,0x7f,0xf0,0x1f,0xe0,0x0f,0xe0,0x0f,0xe0,0x07,0xe0,0x07,0xe0,0x07,0xe0,0x07,0xe0,0x07,0xe0,0x07,0xe0,0x07,0x80,0x07,0x00,0x0f,0x00,0x0f,0x80,0x0f,0xc0,0x0f,0xf8,0x8f,
	//sprite 32
	0x0f,0x00,0x02,0xc0,0x13,0xc0,0x1b,0x00,0x24,0x20,0x2e,0x08,0x3e,0xc8,0x2e,0xf8,0x1c,0x68,0x2f,0xb4,0x7f,0xa4,0x79,0xdc,0xdb,0xf0,0xdf,0x3c,0xfd,0x6c,0x38,0x60,0x1e,0xe0,0xbe,0xe0,
	0x0f,0x00,0x1b,0xc0,0x3f,0xc0,0x2f,0xe0,0x1f,0xd0,0x3c,0xf8,0x3d,0xf8,0x3f,0x38,0x3f,0xf8,0x3f,0xcc,0x7f,0xc4,0xdf,0xe4,0xff,0xe8,0xff,0xfc,0xfe,0x34,0x36,0x38,0x33,0xe0,0xcd,0xe0,
	0xf0,0xff,0xe0,0x3f,0xc0,0x3f,0xc0,0x1f,0xc0,0x0f,0xc0,0x07,0xc0,0x07,0xc0,0x07,0xc0,0x07,0xc0,0x03,0x80,0x03,0x00,0x03,0x00,0x07,0x00,0x03,0x00,0x03,0xc0,0x07,0xc0,0x1f,0x00,0x1f,
	//sprite 33
	0x01,0xf0,0x00,0x00,0x7c,0x00,0x00,0x2e,0x00,0x01,0xab,0x00,0x02,0xa3,0x00,0x04,0xc1,0x00,0x03,0xbb,0x00,0x7b,0xa6,0x80,0xa0,0xfb,0x60,0xa2,0xfe,0x00,0x7b,0x7f,0x80,0x3f,0xfc,0xc0,0x1f,0x95,0x00,0x0f,0xf3,0x80,0x00,0x55,0x00,0x00,0x97,0x00,0x02,0x9b,0x00,0x02,0x5b,0x00,
	0x01,0xf0,0x00,0x01,0xbc,0x00,0x03,0xfe,0x00,0x02,0xc7,0x00,0x01,0xdf,0x00,0x07,0x9f,0x00,0x07,0xd6,0x80,0x5f,0xfc,0x40,0xfb,0xfc,0x60,0xff,0xff,0xe0,0x77,0xff,0xc0,0x3f,0xf9,0xc0,0x1f,0xf8,0x80,0x0f,0xbd,0x80,0x00,0x6f,0x00,0x00,0xef,0x00,0x03,0x7f,0x00,0x03,0xff,0x00,
	0xfe,0x0f,0xff,0xfe,0x03,0xff,0xfc,0x01,0xff,0xfc,0x00,0xff,0xfc,0x00,0xff,0xf8,0x00,0xff,0xf8,0x00,0x7f,0x80,0x00,0x3f,0x04,0x00,0x1f,0x00,0x00,0x1f,0x80,0x00,0x3f,0xc0,0x00,0x3f,0xe0,0x00,0x7f,0xf0,0x00,0x7f,0xff,0x80,0xff,0xff,0x00,0xff,0xfc,0x00,0xff,0xfc,0x00,0xff,
	//sprite 34
	0x00,0x7c,0x00,0x00,0x1e,0x00,0x00,0xf3,0x00,0x00,0x81,0x80,0x21,0x30,0x80,0x3b,0x6c,0xc0,0xaf,0xf9,0xa0,0xbf,0x7b,0x00,0xde,0x7d,0x40,0x63,0xbe,0x60,0x3f,0xff,0x90,0x1f,0xe7,0x10,0x0f,0xd7,0x70,0x07,0x76,0xf0,0x00,0x39,0x60,0x00,0x31,0x40,0x00,0x31,0x80,
	0x00,0x7c,0x00,0x00,0xde,0x00,0x01,0xed,0x00,0x01,0x73,0x80,0x20,0xcf,0x80,0x7b,0xc7,0xc0,0xdf,0xef,0x60,0xef,0xf6,0x20,0xf7,0xfe,0x30,0x7f,0xff,0xf0,0x3f,0xff,0xf0,0x1f,0xff,0x80,0x0f,0xef,0x90,0x07,0x6f,0xf0,0x00,0x3e,0xe0,0x00,0x3f,0xc0,0x00,0x3f,0x80,
	0xff,0x83,0xff,0xff,0x01,0xff,0xfe,0x00,0xff,0xfe,0x00,0x7f,0xde,0x00,0x7f,0x84,0x00,0x3f,0x00,0x00,0x1f,0x00,0x00,0x1f,0x00,0x00,0x0f,0x80,0x00,0x0f,0xc0,0x00,0x0f,0xe0,0x00,0x0f,0xf0,0x00,0x0f,0xf8,0x80,0x0f,0xff,0xc0,0x1f,0xff,0xc0,0x3f,0xff,0xc0,0x7f,
	//sprite 35
	0x00, //alignment byte
	0x07,0x00,0x02,0xc0,0x1b,0xe0,0x1f,0x00,0x24,0x28,0x2e,0x48,0x3c,0x8c,0x2e,0xfc,0x1d,0xec,0x2f,0xb4,0xdd,0xa4,0x7d,0xdc,0xdf,0xd8,0xfe,0x3c,0xfd,0x6c,0x19,0xa8,0x1b,0x90,0x1d,0x58,
	0x0f,0x00,0x1b,0xc0,0x3f,0xe0,0x2f,0xe0,0x1f,0xd8,0x3c,0xb8,0x3f,0xfc,0x3f,0x3c,0x3f,0xfc,0x3f,0xcc,0xff,0xc4,0xdb,0xe4,0xff,0xe8,0xff,0xfc,0xfe,0x34,0x16,0x78,0x17,0xf0,0x1e,0x38,
	0xf0,0xff,0xe0,0x3f,0xc0,0x1f,0xc0,0x1f,0xc0,0x07,0xc0,0x07,0xc0,0x03,0xc0,0x03,0xc0,0x03,0xc0,0x03,0x00,0x03,0x00,0x03,0x00,0x07,0x00,0x03,0x00,0x03,0xe0,0x07,0xe0,0x0f,0xe0,0x07,
	//sprite 36
	0x03,0x80,0x01,0x60,0x0f,0xf0,0x0e,0xf0,0x11,0x78,0x16,0xa8,0x1d,0x38,0x16,0x98,0x0f,0xf8,0x0e,0xc8,0x1f,0x20,0x7f,0x68,0xb7,0x10,0xb2,0xf0,0x7d,0xf8,0x3f,0xa8,0x07,0x70,
	0x07,0x80,0x0d,0xe0,0x1f,0xf0,0x17,0x30,0x0e,0x18,0x1d,0x58,0x1f,0xf8,0x1f,0x78,0x1f,0xf8,0x1f,0x38,0x1f,0x18,0x7f,0x98,0xdf,0xf0,0xd1,0xf0,0x7a,0xd8,0x3f,0xd8,0x07,0x70,
	0xf8,0x7f,0xf0,0x1f,0xe0,0x0f,0xe0,0x0f,0xe0,0x07,0xe0,0x07,0xe0,0x07,0xe0,0x07,0xe0,0x07,0xe0,0x07,0xe0,0x07,0x80,0x07,0x00,0x0f,0x00,0x0f,0x80,0x07,0xc0,0x07,0xf8,0x8f,
	//sprite 37
	0x07,0xc0,0x00,0xe0,0x05,0xf0,0x04,0x38,0x0f,0x54,0x00,0xbc,0x0a,0x8c,0x0a,0x7c,0x06,0xbc,0x1f,0xfc,0xfe,0xbc,0xa5,0x1c,0x65,0x70,0x3a,0xf0,0x0d,0xa8,0x1f,0x68,
	0x07,0xc0,0x06,0xe0,0x0f,0xf0,0x0b,0xf8,0x04,0x3c,0x0d,0x5c,0x0d,0x7c,0x0f,0xfc,0x0f,0x7c,0x7f,0xfc,0x9f,0x7c,0xfe,0x3c,0x66,0x30,0x27,0x70,0x17,0xd8,0x1f,0x98,
	0xf8,0x3f,0xf8,0x1f,0xf0,0x0f,0xf0,0x07,0xf0,0x03,0xf0,0x03,0xf0,0x03,0xf0,0x03,0xf0,0x03,0x80,0x03,0x00,0x03,0x00,0x03,0x80,0x0f,0xc0,0x0f,0xe0,0x07,0xe0,0x07,
	//sprite 38
	0x00,0xf0,0x00,0x00,0xe8,0x00,0x02,0x6c,0x00,0x03,0xbf,0x00,0x02,0x5f,0x80,0x01,0x36,0x80,0x02,0x64,0x40,0x02,0xdc,0x40,0x71,0xd5,0xc0,0x27,0x7f,0xc0,0xe6,0xf9,0xc0,0x56,0x3f,0x80,0x3f,0xef,0x00,0x15,0x6e,0x00,0x04,0xfe,0x00,0x02,0xea,0x00,
	0x00,0xf0,0x00,0x01,0x38,0x00,0x03,0xfe,0x00,0x02,0xdf,0x00,0x01,0x0f,0x80,0x02,0x4f,0x80,0x03,0x9f,0xc0,0x03,0xaf,0xc0,0x13,0x7f,0xc0,0xff,0xbf,0xc0,0xc7,0xff,0xc0,0x6c,0x7d,0x80,0x3c,0x3f,0x00,0x1e,0xfe,0x00,0x0f,0xfe,0x00,0x03,0xf6,0x00,
	0xff,0x0f,0xff,0xfe,0x07,0xff,0xfc,0x01,0xff,0xfc,0x00,0xff,0xfc,0x00,0x7f,0xfc,0x00,0x7f,0xfc,0x00,0x3f,0xfc,0x00,0x3f,0x8c,0x00,0x3f,0x00,0x00,0x3f,0x00,0x00,0x3f,0x80,0x00,0x7f,0xc0,0x00,0xff,0xe0,0x01,0xff,0xf0,0x01,0xff,0xfc,0x01,0xff,
	//sprite 39
	0x00,0x78,0x00,0x00,0x36,0x00,0x00,0xb7,0x00,0x00,0xbf,0x80,0x01,0x2b,0xc0,0x01,0x93,0xe0,0xc1,0x32,0xe0,0xf1,0x46,0xc0,0x69,0xee,0xe0,0xb7,0xff,0xe0,0x7c,0xe5,0xe0,0x3e,0xff,0xc0,0x3f,0xa3,0x80,0x1e,0x4f,0x00,0x0b,0xe2,0x00,
	0x00,0x78,0x00,0x00,0x9e,0x00,0x01,0xfe,0x00,0x01,0x4f,0x80,0x00,0x87,0xc0,0x01,0x27,0xe0,0xa1,0xcf,0xc0,0x71,0xff,0xe0,0xd9,0xbf,0xe0,0xcf,0xdf,0xe0,0x6f,0xff,0xe0,0x3c,0x7f,0xc0,0x38,0x7f,0x80,0x1f,0xff,0x00,0x0f,0xfe,0x00,
	0xff,0x87,0xff,0xff,0x01,0xff,0xfe,0x00,0xff,0xfe,0x00,0x7f,0xfe,0x00,0x3f,0xfe,0x00,0x1f,0x1e,0x00,0x1f,0x0e,0x00,0x1f,0x06,0x00,0x1f,0x00,0x00,0x1f,0x80,0x00,0x1f,0xc0,0x00,0x3f,0xc0,0x00,0x7f,0xe0,0x00,0xff,0xf0,0x01,0xff,
	//sprite 40
	0x00, //alignment byte
	0x03,0x80,0x01,0x60,0x0b,0xf0,0x09,0x78,0x1a,0xf8,0x15,0x58,0x1c,0x98,0x17,0x78,0x0e,0xf8,0x7e,0xf8,0xff,0x70,0xca,0x78,0xe6,0xe0,0x57,0xe0,0x2a,0x10,0x1e,0x30,
	0x07,0x80,0x0d,0xe0,0x1f,0xf0,0x16,0xf8,0x0c,0x38,0x1a,0xb8,0x1b,0xf8,0x1e,0xf8,0x1f,0xf8,0xbf,0xf8,0x3e,0x78,0xfc,0x38,0xcc,0x60,0x6e,0xe0,0x3f,0xb0,0x1f,0xf0,
	0xf8,0x7f,0xf0,0x1f,0xe0,0x0f,0xe0,0x07,0xe0,0x07,0xe0,0x07,0xe0,0x07,0xe0,0x07,0xe0,0x07,0x00,0x07,0x00,0x07,0x00,0x07,0x00,0x1f,0x80,0x1f,0xc0,0x0f,0xe0,0x0f,
	//sprite 41
	0x00,0x07,0xc0,0x00,0x08,0xe0,0x00,0x04,0xf0,0x00,0x03,0xf8,0x00,0x0b,0xfc,0x00,0x02,0xec,0x00,0x0f,0x3c,0x00,0x0e,0x1c,0x00,0x17,0x6c,0x7f,0xf7,0xec,0xd0,0x1f,0x6c,0x37,0x2d,0x1c,0xf0,0x9f,0xf8,0x7f,0xcb,0x88,0x00,0x59,0xf8,0x00,0x38,0x78,0x00,0x1f,0xf0,
	0x00,0x07,0xc0,0x00,0x0e,0xe0,0x00,0x0f,0xf0,0x00,0x0f,0xf8,0x00,0x07,0x1c,0x00,0x0f,0x1c,0x00,0x0e,0xcc,0x00,0x0f,0xfc,0x00,0x1f,0x9c,0x7f,0xff,0xfc,0xff,0xff,0x9c,0xd0,0xdf,0x8c,0xff,0xff,0x88,0x7f,0xff,0xf8,0x00,0x68,0xf8,0x00,0x3f,0xe8,0x00,0x1f,0xf0,
	0xff,0xf8,0x3f,0xff,0xf0,0x1f,0xff,0xf0,0x0f,0xff,0xf0,0x07,0xff,0xf0,0x03,0xff,0xf0,0x03,0xff,0xf0,0x03,0xff,0xf0,0x03,0xff,0xe0,0x03,0x80,0x00,0x03,0x00,0x00,0x03,0x00,0x00,0x03,0x00,0x00,0x07,0x80,0x00,0x07,0xff,0x80,0x07,0xff,0xc0,0x07,0xff,0xe0,0x0f,
	//sprite 42
	0x00,0x07,0x80,0x00,0x09,0xe0,0x00,0x05,0xf0,0x00,0x03,0xf8,0x00,0x0b,0x5c,0x00,0x06,0x8c,0x00,0x0e,0xbc,0x00,0x0f,0xec,0x00,0x17,0x9c,0x7f,0xf7,0xac,0xd0,0x1f,0xd4,0x37,0xaf,0xb0,0xd0,0xbf,0xdc,0x7f,0xff,0xf4,0x00,0x07,0xbc,0x00,0x0f,0x60,0x00,0x19,0x64,0x00,0x1e,0xc8,0x00,0x1e,0xc8,
	0x00,0x07,0x80,0x00,0x0e,0xe0,0x00,0x0e,0xf0,0x00,0x0f,0xf8,0x00,0x07,0xbc,0x00,0x0f,0x3c,0x00,0x0e,0x5c,0x00,0x0e,0x7c,0x00,0x1f,0x5c,0x7f,0xff,0x7c,0xff,0xff,0xec,0xd0,0x5f,0xc4,0xff,0xdf,0xe4,0x7f,0xff,0xec,0x00,0x07,0xfc,0x00,0x0e,0x34,0x00,0x16,0x3c,0x00,0x13,0xf8,0x00,0x1f,0x38,
	0xff,0xf8,0x7f,0xff,0xf0,0x1f,0xff,0xf0,0x0f,0xff,0xf0,0x07,0xff,0xf0,0x03,0xff,0xf0,0x03,0xff,0xf0,0x03,0xff,0xf0,0x03,0xff,0xe0,0x03,0x80,0x00,0x03,0x00,0x00,0x03,0x00,0x00,0x03,0x00,0x00,0x03,0x80,0x00,0x03,0xff,0xf8,0x03,0xff,0xf0,0x03,0xff,0xe0,0x03,0xff,0xe0,0x07,0xff,0xe0,0x07,
	//sprite 43
	0x00,0x04,0xe0,0x00,0x00,0x08,0xb0,0x00,0x00,0x03,0xf8,0x00,0x00,0x0b,0x64,0x00,0x00,0x02,0x1e,0x00,0x00,0x0e,0xa6,0x00,0x00,0x0e,0xdf,0x00,0x00,0x02,0x2a,0x80,0x7f,0xf7,0xf5,0x80,0xd0,0x3f,0xfa,0x40,0x37,0x3e,0xf9,0xa0,0xd0,0x2f,0xff,0xe0,0x7f,0xbf,0xde,0x80,0x00,0x01,0xfc,0x40,0x00,0x03,0xfa,0x80,0x00,0x04,0xd5,0x00,0x00,0x1d,0x38,0x00,0x00,0x12,0x5c,0x00,
	0x00,0x07,0xe0,0x00,0x00,0x0e,0xf0,0x00,0x00,0x0f,0xf8,0x00,0x00,0x07,0x9c,0x00,0x00,0x0f,0xae,0x00,0x00,0x0f,0x5e,0x00,0x00,0x0f,0x37,0x00,0x00,0x0f,0xed,0x80,0x7f,0xff,0xd8,0x80,0xff,0xff,0xf1,0xc0,0xd0,0xdf,0xff,0xe0,0xff,0xdf,0xfe,0xe0,0x7f,0xff,0xfc,0x40,0x00,0x03,0xfe,0xc0,0x00,0x03,0xff,0x80,0x00,0x07,0x2b,0x00,0x00,0x1a,0x1e,0x00,0x00,0x1f,0xbc,0x00,
	0xff,0xf8,0x1f,0xff,0xff,0xf0,0x0f,0xff,0xff,0xf0,0x07,0xff,0xff,0xf0,0x03,0xff,0xff,0xf0,0x01,0xff,0xff,0xf0,0x01,0xff,0xff,0xf0,0x00,0xff,0xff,0xf0,0x00,0x7f,0x80,0x00,0x00,0x7f,0x00,0x00,0x00,0x3f,0x00,0x00,0x00,0x1f,0x00,0x00,0x00,0x1f,0x80,0x00,0x00,0x3f,0xff,0xfc,0x00,0x3f,0xff,0xfc,0x00,0x7f,0xff,0xf8,0x00,0xff,0xff,0xe0,0x01,0xff,0xff,0xe0,0x03,0xff,
	//sprite 44
	0x00,0x07,0x80,0x00,0x00,0x09,0xe0,0x00,0x00,0x05,0xf0,0x00,0x00,0x03,0xb8,0x00,0x00,0x0a,0x0c,0x00,0x00,0x03,0xac,0x00,0x00,0x0e,0xf4,0x00,0x00,0x0f,0xbe,0x00,0x00,0x17,0x75,0x00,0x7f,0xf7,0xb0,0x00,0xd0,0x1f,0xfb,0x80,0x37,0xae,0xf7,0xc0,0xd0,0xbf,0xc9,0xc0,0x7f,0xff,0xd8,0x80,0x00,0x03,0xfa,0x80,0x00,0x02,0x99,0x00,0x00,0x07,0x3e,0x00,0x00,0x09,0x8c,0x00,0x00,0x04,0x7c,0x00,
	0x00,0x07,0x80,0x00,0x00,0x0e,0xe0,0x00,0x00,0x0e,0xf0,0x00,0x00,0x0f,0xf8,0x00,0x00,0x07,0xfc,0x00,0x00,0x0f,0x1c,0x00,0x00,0x0f,0x1c,0x00,0x00,0x0e,0x6e,0x00,0x00,0x1f,0xdb,0x00,0x7f,0xff,0xf1,0x00,0xff,0xff,0xe1,0x80,0xd0,0x5f,0xfb,0x40,0xff,0xdf,0xff,0xc0,0x7f,0xff,0xf9,0x80,0x00,0x03,0xf1,0x80,0x00,0x03,0x3f,0x00,0x00,0x06,0x4e,0x00,0x00,0x0e,0x7c,0x00,0x00,0x08,0xbc,0x00,
	0xff,0xf8,0x7f,0xff,0xff,0xf0,0x1f,0xff,0xff,0xf0,0x0f,0xff,0xff,0xf0,0x07,0xff,0xff,0xf0,0x03,0xff,0xff,0xf0,0x03,0xff,0xff,0xf0,0x03,0xff,0xff,0xf0,0x01,0xff,0xff,0xe0,0x00,0xff,0x80,0x00,0x00,0xff,0x00,0x00,0x00,0x7f,0x00,0x00,0x00,0x3f,0x00,0x00,0x00,0x3f,0x80,0x00,0x00,0x7f,0xff,0xfc,0x00,0x7f,0xff,0xfc,0x00,0xff,0xff,0xf8,0x01,0xff,0xff,0xf0,0x03,0xff,0xff,0xf0,0x03,0xff,
	//sprite 45
	0x00,0x07,0xc0,0x00,0x08,0xe0,0x00,0x04,0xf0,0x00,0x03,0xf8,0x00,0x0f,0x9c,0x00,0x07,0x9c,0x00,0x0f,0xbc,0x00,0x0e,0xec,0x00,0x17,0xfc,0x7f,0xff,0xec,0xd0,0x1f,0xf4,0x37,0x2f,0xa0,0xf0,0xbf,0xdc,0x7f,0xf6,0xfc,0x00,0x02,0x3c,0x00,0x1f,0x64,0x00,0x1d,0x20,0x00,0x17,0xb8,0x00,0x0c,0xac,
	0x00,0x07,0xc0,0x00,0x0e,0xe0,0x00,0x0f,0xf0,0x00,0x0f,0xf8,0x00,0x07,0x3c,0x00,0x0e,0x2c,0x00,0x0e,0x5c,0x00,0x0f,0x7c,0x00,0x1f,0x1c,0x7f,0xff,0x7c,0xff,0xff,0xcc,0xd0,0xdf,0xc4,0xff,0xdf,0xe4,0x7f,0xf7,0xec,0x00,0x03,0xfc,0x00,0x1e,0x34,0x00,0x12,0x78,0x00,0x1b,0xc8,0x00,0x0f,0x1c,
	0xff,0xf8,0x3f,0xff,0xf0,0x1f,0xff,0xf0,0x0f,0xff,0xf0,0x07,0xff,0xf0,0x03,0xff,0xf0,0x03,0xff,0xf0,0x03,0xff,0xf0,0x03,0xff,0xe0,0x03,0x80,0x00,0x03,0x00,0x00,0x03,0x00,0x00,0x03,0x00,0x00,0x03,0x80,0x08,0x03,0xff,0xfc,0x03,0xff,0xe0,0x03,0xff,0xe0,0x07,0xff,0xe0,0x07,0xff,0xf0,0x03,
	//sprite 46
	0x00,0x07,0xc0,0x00,0x08,0xe0,0x00,0x04,0xf0,0x00,0x03,0xf8,0x00,0x0b,0xfc,0x00,0x02,0xec,0x00,0x0f,0x3c,0x00,0x0e,0x1c,0x00,0x17,0x6c,0x7f,0xf7,0xec,0xd0,0x1f,0x6c,0x37,0x2d,0x1c,0xf0,0x9f,0xf8,0x7f,0xcb,0x88,0x00,0x59,0xf8,0x00,0x38,0x78,0x00,0x1f,0xf8,
	0x00,0x07,0xc0,0x00,0x0e,0xe0,0x00,0x0f,0xf0,0x00,0x0f,0xf8,0x00,0x07,0x1c,0x00,0x0f,0x1c,0x00,0x0e,0xcc,0x00,0x0f,0xfc,0x00,0x1f,0x9c,0x7f,0xff,0xfc,0xff,0xff,0x9c,0xd0,0xdf,0x8c,0xff,0xff,0x88,0x7f,0xff,0xf8,0x00,0x68,0xf8,0x00,0x3f,0xe8,0x00,0x1f,0xf8,
	0xff,0xf8,0x3f,0xff,0xf0,0x1f,0xff,0xf0,0x0f,0xff,0xf0,0x07,0xff,0xf0,0x03,0xff,0xf0,0x03,0xff,0xf0,0x03,0xff,0xf0,0x03,0xff,0xe0,0x03,0x80,0x00,0x03,0x00,0x00,0x03,0x00,0x00,0x03,0x00,0x00,0x07,0x80,0x00,0x07,0xff,0x80,0x07,0xff,0xc0,0x07,0xff,0xe0,0x07,
	//sprite 47
	0x00,0x07,0x80,0x00,0x09,0xe0,0x00,0x05,0xf0,0x00,0x03,0xf0,0x00,0x0b,0x18,0x00,0x03,0xb4,0x00,0x0e,0xcc,0x00,0x0f,0x1c,0x00,0x13,0x1c,0x7f,0xff,0x8c,0xd0,0xbf,0x38,0x37,0xaf,0x1c,0xd0,0x6d,0xd0,0x7f,0xf2,0xe0,0x00,0x0d,0x70,0x00,0x0d,0xa8,
	0x00,0x07,0x80,0x00,0x0e,0xe0,0x00,0x0e,0xf0,0x00,0x0f,0xf0,0x00,0x07,0xf8,0x00,0x0f,0x0c,0x00,0x0f,0x24,0x00,0x0e,0xec,0x00,0x1f,0xfc,0x7f,0xff,0xfc,0xff,0xdf,0xfc,0xd0,0x7e,0x3c,0xff,0xe6,0x30,0x7f,0xe7,0x60,0x00,0x17,0xf0,0x00,0x0f,0xd8,
	0xff,0xf8,0x7f,0xff,0xf0,0x1f,0xff,0xf0,0x0f,0xff,0xf0,0x0f,0xff,0xf0,0x07,0xff,0xf0,0x03,0xff,0xf0,0x03,0xff,0xf0,0x03,0xff,0xe0,0x03,0x80,0x00,0x03,0x00,0x00,0x03,0x00,0x00,0x03,0x00,0x00,0x0f,0x80,0x00,0x1f,0xff,0xe0,0x0f,0xff,0xf0,0x07,
	//sprite 48
	0x00,0x04,0xe0,0x00,0x08,0x90,0x00,0x09,0xf0,0x00,0x0b,0xf8,0x00,0x03,0x0c,0x00,0x0e,0x9c,0x05,0x8f,0x1c,0x03,0xc0,0x2c,0x7a,0xe7,0x8c,0xd2,0xdf,0xf8,0x37,0x1b,0x9c,0xd0,0x92,0xf8,0x7f,0xef,0xd0,0x00,0x31,0xe0,0x00,0x33,0xe0,
	0x00,0x07,0xe0,0x00,0x0e,0xf0,0x00,0x0f,0xf0,0x00,0x07,0xb8,0x00,0x0e,0x1c,0x00,0x0e,0x4c,0x07,0x8e,0xac,0x05,0xcf,0xdc,0x7f,0x6e,0xfc,0xff,0x7f,0x7c,0xd1,0xff,0xfc,0xff,0xf9,0xf8,0x7f,0xf0,0xf0,0x00,0x3f,0xe0,0x00,0x33,0xe0,
	0xff,0xf8,0x1f,0xff,0xf0,0x0f,0xff,0xf0,0x0f,0xff,0xf0,0x07,0xff,0xf0,0x03,0xff,0xf0,0x03,0xf8,0x70,0x03,0xf8,0x30,0x03,0x80,0x10,0x03,0x00,0x00,0x03,0x00,0x00,0x03,0x00,0x00,0x07,0x80,0x00,0x0f,0xff,0xc0,0x1f,0xff,0xcc,0x1f,
	//sprite 49
	0x00,0x07,0x80,0x00,0x09,0xe0,0x00,0x05,0xf0,0x00,0x03,0xf8,0x00,0x0b,0x4c,0x00,0x02,0x94,0x00,0x0e,0x34,0x00,0x0e,0xac,0x00,0xc2,0x1c,0x7e,0x0f,0xd4,0xd0,0x5f,0xfc,0x37,0xdd,0xfc,0xd0,0xba,0xf8,0x7f,0xdd,0x70,0x00,0x36,0x90,0x00,0x1d,0x20,
	0x00,0x07,0x80,0x00,0x0e,0xe0,0x00,0x0e,0xf0,0x00,0x0f,0xf8,0x00,0x07,0x9c,0x00,0x0f,0x0c,0x00,0x0f,0x4c,0x00,0x0f,0xd4,0x00,0xcf,0xec,0x7f,0xcf,0x7c,0xff,0xbf,0xbc,0xd1,0x8e,0xfc,0xff,0xdc,0x78,0x7f,0xf8,0xf0,0x00,0x3d,0xf0,0x00,0x1f,0x90,
	0xff,0xf8,0x7f,0xff,0xf0,0x1f,0xff,0xf0,0x0f,0xff,0xf0,0x07,0xff,0xf0,0x03,0xff,0xf0,0x03,0xff,0xf0,0x03,0xff,0xf0,0x03,0xff,0x30,0x03,0x80,0x30,0x03,0x00,0x00,0x03,0x00,0x00,0x03,0x00,0x00,0x07,0x80,0x00,0x0f,0xff,0xc0,0x0f,0xff,0xe0,0x0f,
	//sprite 50
	0x00,0x07,0xc0,0x00,0x08,0xe0,0x00,0x04,0xf0,0x00,0x03,0xf0,0x00,0x0b,0x48,0x00,0x03,0x94,0x00,0x0f,0x94,0x00,0x0a,0x0c,0x00,0x17,0x5c,0x7f,0xff,0xcc,0xd0,0x3e,0xb0,0x37,0xa5,0x18,0xf0,0x65,0x70,0x7f,0xfa,0xe0,0x00,0x0d,0xe0,0x00,0x0f,0xd0,
	0x00,0x07,0xc0,0x00,0x0e,0xe0,0x00,0x0f,0xf0,0x00,0x0f,0xf0,0x00,0x07,0xb8,0x00,0x0f,0x2c,0x00,0x0e,0x6c,0x00,0x0f,0xfc,0x00,0x1f,0xbc,0x7f,0xff,0xfc,0xff,0xdf,0x7c,0xd0,0x7e,0x38,0xff,0xe6,0x30,0x7f,0xe7,0x60,0x00,0x17,0xe0,0x00,0x0f,0x30,
	0xff,0xf8,0x3f,0xff,0xf0,0x1f,0xff,0xf0,0x0f,0xff,0xf0,0x0f,0xff,0xf0,0x07,0xff,0xf0,0x03,0xff,0xf0,0x03,0xff,0xf0,0x03,0xff,0xe0,0x03,0x80,0x00,0x03,0x00,0x00,0x03,0x00,0x00,0x07,0x00,0x00,0x0f,0x80,0x00,0x1f,0xff,0xe0,0x1f,0xff,0xf0,0x0f,
	//sprite 51
	0x00,0x1e,0x00,0x00,0x3b,0x80,0x00,0x50,0xc0,0x00,0x18,0x40,0x00,0x6e,0x20,0x00,0x40,0x20,0x00,0x74,0x60,0x00,0xee,0x10,0x00,0xba,0x50,0x01,0x73,0xc0,0x02,0x37,0xf0,0x07,0x6f,0xe0,0x0f,0x97,0xc0,0x1e,0xf0,0xc0,0x3d,0xc0,0x00,0x7b,0x00,0x00,0xee,0x00,0x00,0xbc,0x00,0x00,0x58,0x00,0x00,0x30,0x00,0x00,
	0x00,0x1e,0x00,0x00,0x27,0x80,0x00,0x7f,0xc0,0x00,0x7f,0xc0,0x00,0x50,0xe0,0x00,0x3d,0x60,0x00,0x7a,0xe0,0x00,0xf5,0xf0,0x01,0x57,0xf0,0x00,0x8f,0xf0,0x03,0x8f,0xe0,0x07,0x9f,0xe0,0x0d,0xff,0xc0,0x19,0xff,0xc0,0x33,0xc0,0x00,0x77,0x00,0x00,0xfe,0x00,0x00,0xdc,0x00,0x00,0x78,0x00,0x00,0x30,0x00,0x00,
	0xff,0xe1,0xff,0xff,0xc0,0x7f,0xff,0x80,0x3f,0xff,0x80,0x3f,0xff,0x80,0x1f,0xff,0x80,0x1f,0xff,0x80,0x1f,0xff,0x00,0x0f,0xfe,0x00,0x0f,0xfe,0x00,0x0f,0xfc,0x00,0x0f,0xf8,0x00,0x1f,0xf0,0x00,0x3f,0xe0,0x00,0x3f,0xc0,0x3f,0xff,0x80,0xff,0xff,0x01,0xff,0xff,0x03,0xff,0xff,0x87,0xff,0xff,0xcf,0xff,0xff,
	//sprite 52
	0x30,0x00,0x00,0x58,0x00,0x00,0xb4,0x00,0x00,0xfa,0x00,0x00,0x79,0x0f,0x00,0x37,0x81,0x80,0x1b,0xd2,0x40,0x0d,0xa0,0xa0,0x07,0x10,0x20,0x03,0x68,0x60,0x01,0x9b,0x30,0x01,0x3e,0xa0,0x00,0x9b,0x60,0x00,0x3f,0xd0,0x01,0xcf,0xf0,0x00,0xff,0xe0,0x00,0x13,0xc0,0x00,0x0c,0x40,
	0x30,0x00,0x00,0x78,0x00,0x00,0xdc,0x00,0x00,0xee,0x00,0x00,0x73,0x0f,0x00,0x39,0x9d,0x80,0x1c,0xef,0xc0,0x0f,0xdf,0xe0,0x07,0xfa,0xe0,0x03,0xf6,0x60,0x00,0xf4,0xf0,0x01,0xdb,0x70,0x01,0x0f,0xf0,0x01,0x8f,0xf0,0x01,0xbf,0xe0,0x00,0xff,0xe0,0x00,0x1f,0xc0,0x00,0x0f,0xc0,
	0xcf,0xff,0xff,0x87,0xff,0xff,0x03,0xff,0xff,0x01,0xff,0xff,0x80,0xf0,0xff,0xc0,0x60,0x7f,0xe0,0x00,0x3f,0xf0,0x00,0x1f,0xf8,0x00,0x1f,0xfc,0x00,0x1f,0xfe,0x00,0x0f,0xfe,0x00,0x0f,0xfe,0x00,0x0f,0xfe,0x00,0x0f,0xfe,0x00,0x0f,0xff,0x00,0x1f,0xff,0xe0,0x3f,0xff,0xf0,0x3f,
	//sprite 53
	0x00, //alignment byte
	0x0d,0xf0,0x15,0x98,0x07,0x5c,0x17,0x9c,0x03,0x2c,0x1e,0xac,0x1f,0x5c,0x07,0xdc,0x03,0xac,0x1f,0xee,0x0f,0xfe,0x07,0xfa,0x07,0xdc,0x07,0x48,0x0b,0x5c,0x0f,0xdc,0x0b,0x2c,0x1b,0x64,0x36,0x9c,0x4f,0x48,0xdf,0xb0,0x3e,0x58,0x5e,0xac,0x32,0xb4,0x14,0x94,0x08,0x66,0x0d,0x3a,0x1c,0x0f,0x1f,0xaf,0x39,0x83,0x37,0x57,0xfe,0x7e,
	0x0b,0xf0,0x1b,0xf8,0x1f,0xbc,0x0e,0x6c,0x1e,0xfc,0x1f,0xdc,0x1f,0xfc,0x1f,0xec,0x1f,0xc4,0x1f,0xc6,0x0f,0xee,0x07,0xfe,0x07,0x8c,0x05,0x98,0x0d,0xbc,0x0e,0xec,0x0f,0xc4,0x17,0x8c,0x2f,0x2c,0x7e,0x38,0xff,0xf0,0x7f,0xf8,0x7f,0x4c,0x3f,0xcc,0x1a,0xec,0x0e,0x7e,0x0f,0x3e,0x0f,0x3d,0x16,0xb5,0x37,0x9f,0x4f,0x6f,0xfe,0x7e,
	0xf0,0x0f,0xe0,0x07,0xe0,0x03,0xe0,0x03,0xe0,0x03,0xe0,0x03,0xe0,0x03,0xe0,0x03,0xe0,0x03,0xe0,0x01,0xf0,0x01,0xf8,0x01,0xf8,0x03,0xf8,0x07,0xf0,0x03,0xf0,0x03,0xf0,0x03,0xe0,0x03,0xc0,0x03,0x80,0x07,0x00,0x0f,0x80,0x07,0x80,0x03,0xc0,0x03,0xe1,0x03,0xf1,0x81,0xf0,0xc1,0xe0,0xc0,0xe0,0x40,0xc0,0x60,0x80,0x80,0x01,0x81,
	//sprite 54
	0x0f,0x80,0x02,0xc0,0x13,0xe0,0x1b,0x10,0x24,0x28,0x2e,0x08,0x3e,0xcc,0x2e,0xfc,0x1c,0x6c,0x2f,0xb0,0x7f,0xa4,0x79,0xdc,0xdb,0xf0,0xdf,0x3c,0x7d,0x6c,0x18,0x60,0x1e,0xe0,0x1f,0xc0,0x1f,0xa0,0x2b,0xdc,0x35,0xf8,0x2b,0xec,0x31,0xd0,0x3d,0x6e,0x04,0xce,0x23,0xa2,0x07,0x46,0x02,0x40,0x01,0x20,0x00,0xa0,0x00,0xf0,0x00,0xd8,0x00,0x10,0x07,0x20,0x07,0xc0,
	0x0f,0x80,0x1b,0xc0,0x3f,0xe0,0x2f,0xf0,0x1f,0xd8,0x3c,0xf8,0x3d,0xfc,0x3f,0x3c,0x3f,0xfc,0x3f,0xc8,0x7f,0xc4,0xdf,0xe4,0xff,0xe8,0xff,0xfc,0x7e,0x34,0x16,0x38,0x13,0xe0,0x1e,0x20,0x18,0x60,0x31,0xdc,0x23,0xf4,0x37,0xf4,0x3e,0x3c,0x38,0xf2,0x3b,0xfa,0x3f,0xa6,0x07,0xc6,0x03,0xc0,0x01,0xe0,0x00,0xe0,0x03,0xf0,0x01,0x78,0x00,0xf0,0x06,0xe0,0x07,0xc0,
	0xf0,0x7f,0xe0,0x3f,0xc0,0x1f,0xc0,0x0f,0xc0,0x07,0xc0,0x07,0xc0,0x03,0xc0,0x03,0xc0,0x03,0xc0,0x07,0x80,0x03,0x00,0x03,0x00,0x07,0x00,0x03,0x80,0x03,0xe0,0x07,0xe0,0x1f,0xe0,0x1f,0xe0,0x1f,0xc0,0x23,0xc0,0x03,0xc0,0x03,0xc0,0x03,0xc0,0x01,0xc0,0x01,0xc0,0x59,0xf8,0x39,0xfc,0x3f,0xfe,0x1f,0xff,0x1f,0xfc,0x0f,0xfe,0x07,0xff,0x0f,0xf8,0x1f,0xf8,0x3f,
	//sprite 55
	0x01,0x3c,0x00,0x02,0x66,0x00,0x01,0x43,0x00,0x02,0xe7,0x00,0x05,0x51,0x80,0x07,0xa6,0x00,0x7f,0xdc,0x00,0xd0,0xfe,0x00,0xa2,0xff,0xe0,0x73,0x7f,0xa0,0x37,0xf8,0xc0,0x1f,0xdb,0x40,0x1f,0x96,0x80,0x0c,0x6d,0x00,0x3f,0xb6,0x00,0x0e,0x66,0x00,0x3b,0xfa,0x00,0x21,0xca,0x00,0x1e,0xfc,0x00,0x0e,0xf8,0x00,0x0e,0xf0,0x00,0x07,0xf0,0x00,0x02,0x38,0x00,0x07,0x3c,0x00,0x05,0x6c,0x00,0x0d,0xea,0x00,0x0a,0x22,0x00,0x00,0x18,0x00,0x00,0x1f,0x00,0x00,0x0f,0x00,0x00,0x21,0x80,0x00,0x1f,0x80,0x00,0x0f,0x00,0x00,0x1e,0x00,0x00,0x06,0x00,0x00,0x1c,0x00,
	0x01,0xfc,0x00,0x03,0xbe,0x00,0x02,0xe7,0x00,0x01,0xdb,0x00,0x07,0x8f,0x80,0x07,0xdb,0x80,0x5f,0xf6,0x40,0xfb,0xfc,0x40,0xff,0xfe,0x40,0x7f,0xff,0xe0,0x3f,0xfd,0xc0,0x1f,0xfc,0xc0,0x1f,0xf9,0x80,0x3f,0xff,0x00,0x0c,0x6e,0x00,0x3c,0x3e,0x00,0x37,0x5e,0x00,0x33,0xf6,0x00,0x11,0xfc,0x00,0x0d,0xf8,0x00,0x0f,0xf0,0x00,0x0b,0xf0,0x00,0x05,0xf8,0x00,0x07,0xfc,0x00,0x00,0xf4,0x00,0x0b,0xf6,0x00,0x0e,0x3e,0x00,0x00,0x1e,0x00,0x00,0x1f,0x00,0x00,0x3f,0x00,0x00,0x3f,0x80,0x00,0x1f,0x80,0x00,0x0b,0x00,0x00,0x16,0x00,0x00,0x1e,0x00,0x00,0x1c,0x00,
	0xfe,0x03,0xff,0xfc,0x01,0xff,0xfc,0x00,0xff,0xfc,0x00,0xff,0xf8,0x00,0x7f,0xf8,0x00,0x7f,0x80,0x00,0x3f,0x04,0x00,0x3f,0x00,0x00,0x1f,0x80,0x00,0x1f,0xc0,0x00,0x3f,0xe0,0x00,0x3f,0xe0,0x00,0x7f,0xc0,0x00,0xff,0xc0,0x01,0xff,0xc0,0x01,0xff,0xc0,0x01,0xff,0xc0,0x01,0xff,0xe0,0x03,0xff,0xf0,0x07,0xff,0xf0,0x0f,0xff,0xf0,0x0f,0xff,0xf8,0x07,0xff,0xf8,0x03,0xff,0xf8,0x03,0xff,0xf0,0x01,0xff,0xf1,0xc1,0xff,0xff,0xe1,0xff,0xff,0xe0,0xff,0xff,0xc0,0xff,0xff,0xc0,0x7f,0xff,0xe0,0x7f,0xff,0xf0,0xff,0xff,0xe1,0xff,0xff,0xe1,0xff,0xff,0xe3,0xff,
	//sprite 56
	0x04,0xe0,0x08,0xb0,0x02,0xf8,0x0b,0x0c,0x05,0xca,0x0f,0xc2,0x0b,0x4f,0x03,0x3f,0x07,0xf7,0x0b,0xff,0x1e,0x79,0x36,0xf5,0x37,0xfa,0x3f,0xbf,0x3d,0x9b,0x7f,0xde,0xf5,0xe8,0xbb,0x68,0x9f,0xb0,0x2f,0x80,0x0f,0xc0,0x35,0x18,0x1b,0x9e,0x3f,0xeb,0x34,0xbf,0x11,0xae,0x08,0x8e,0x2f,0x06,0x5c,0x06,0x38,0x04,
	0x07,0xe0,0x0e,0xf0,0x0f,0xf8,0x07,0xf4,0x0f,0x36,0x0f,0x3e,0x0f,0xaf,0x0f,0xdf,0x0f,0xfb,0x0f,0xe1,0x37,0xf1,0x3f,0xfb,0x3f,0xfe,0x3f,0xcd,0x3f,0x0d,0xb4,0xbe,0x3f,0xf8,0xff,0x98,0xcf,0xf0,0x47,0x80,0x37,0xc0,0x3b,0xf8,0x1f,0xfe,0x3f,0xff,0x2f,0xbf,0x1e,0xbe,0x17,0x8e,0x37,0x0e,0x6c,0x06,0x38,0x04,
	0xf8,0x1f,0xf0,0x0f,0xf0,0x07,0xf0,0x03,0xf0,0x01,0xf0,0x01,0xf0,0x00,0xf0,0x00,0xf0,0x00,0xf0,0x00,0xc0,0x00,0xc0,0x00,0xc0,0x01,0xc0,0x00,0xc0,0x00,0x00,0x01,0x00,0x07,0x00,0x07,0x00,0x0f,0x80,0x7f,0xc0,0x3f,0xc0,0x07,0xe0,0x01,0xc0,0x00,0xc0,0x40,0xe0,0x41,0xe0,0x71,0xc0,0xf1,0x83,0xf9,0xc7,0xfb,
	//sprite 57
	0x04,0xe0,0x09,0xf0,0x03,0xf8,0x0b,0xa8,0x04,0x74,0x0f,0xd4,0x0e,0xfc,0x03,0x4c,0x07,0xfc,0x0f,0x94,0x0f,0xd4,0x2f,0xb0,0x7c,0xf8,0x0d,0x68,0xbc,0x68,0xff,0xc8,0xbe,0xe8,0x9f,0x90,0x87,0xa0,0x5f,0xc0,0x37,0x18,0x19,0xde,0x3f,0xef,0x3c,0xbb,0x19,0xee,0x00,0x9a,0x1b,0x06,0x54,0x06,0x38,0x06,0x00,0x04,
	0x07,0xe0,0x0e,0xf0,0x0f,0xf8,0x07,0x18,0x0f,0x8c,0x0e,0xac,0x0f,0xfc,0x0f,0x9c,0x0f,0xfc,0x0f,0x8c,0x0f,0x8c,0x3f,0xc8,0x4b,0xf8,0x38,0xf8,0xff,0xf8,0x33,0xf8,0xf9,0x18,0xcf,0xf0,0xcf,0xa0,0x67,0xc0,0x3b,0xf8,0x1f,0xbe,0x3f,0xff,0x2f,0xbf,0x16,0xfe,0x1f,0x9e,0x07,0x0e,0x6c,0x06,0x38,0x06,0x00,0x04,
	0xf8,0x1f,0xf0,0x0f,0xf0,0x07,0xf0,0x07,0xf0,0x03,0xf0,0x03,0xf0,0x03,0xf0,0x03,0xf0,0x03,0xf0,0x03,0xf0,0x03,0xc0,0x07,0x80,0x07,0xc0,0x07,0x00,0x07,0x00,0x07,0x00,0x07,0x00,0x0f,0x00,0x5f,0x80,0x3f,0xc0,0x07,0xe0,0x01,0xc0,0x00,0xc0,0x40,0xe0,0x01,0xe0,0x61,0xe0,0xf1,0x83,0xf9,0xc7,0xf9,0xff,0xfb,
	//sprite 58
	0x09,0xc0,0x13,0x60,0x03,0xf0,0x12,0xb8,0x0f,0xd8,0x15,0x58,0x12,0xd8,0x0c,0xb8,0xdf,0xf8,0xfe,0x78,0xbd,0x38,0xfb,0xa0,0x65,0x70,0x16,0xb0,0x0a,0xf0,0x69,0x20,0xd6,0xb0,0xe8,0x20,0xec,0x80,0xd3,0x00,0x2d,0x00,0x49,0x40,0x36,0xb0,0x1c,0x9e,0x0f,0xf6,0x07,0x8e,0x08,0xd4,0x00,0xfc,0x0b,0x34,0x0e,0x28,0x0c,0x50,0x00,0x70,
	0x0f,0xc0,0x1d,0xe0,0x1f,0xf0,0x0c,0x78,0x18,0x38,0x1a,0xb8,0x1f,0xf8,0x1e,0x78,0xdf,0xf8,0x3f,0xf8,0x7e,0x78,0xcc,0x60,0x4e,0xf0,0x2f,0xf0,0x1f,0x10,0x7e,0x10,0xf9,0x10,0xf1,0xe0,0xf3,0x80,0xff,0x00,0x5f,0x00,0x70,0xc0,0x38,0x70,0x1f,0xfe,0x0f,0xfe,0x0f,0xf6,0x0f,0xfc,0x07,0xcc,0x0f,0x2c,0x0e,0x18,0x0c,0x70,0x00,0x70,
	0xf0,0x3f,0xe0,0x1f,0xe0,0x0f,0xe0,0x07,0xe0,0x07,0xe0,0x07,0xe0,0x07,0xe0,0x07,0x20,0x07,0x00,0x07,0x00,0x07,0x00,0x1f,0x80,0x0f,0xc0,0x0f,0xe0,0x0f,0x80,0x0f,0x00,0x0f,0x00,0x1f,0x00,0x7f,0x00,0xff,0x80,0xff,0x80,0x3f,0xc0,0x0f,0xe0,0x01,0xf0,0x01,0xf0,0x01,0xf0,0x03,0xf8,0x03,0xf0,0xc3,0xf1,0xc7,0xf3,0x8f,0xff,0x8f,
	//sprite 59
	0x01,0xb8,0x00,0x02,0xac,0x00,0x01,0x9d,0x00,0x02,0xcf,0x80,0x01,0x36,0x80,0x02,0x24,0x00,0x02,0xc4,0x00,0x70,0x75,0xc0,0x2b,0xbd,0xc0,0x46,0x3b,0xc0,0x5c,0xff,0x80,0x2e,0x5f,0x00,0x1d,0xae,0x00,0x06,0xec,0x00,0x06,0x5c,0x00,0x0e,0xe0,0x00,0x19,0xe0,0x00,0x33,0xfc,0x00,0x3f,0x78,0x00,0x1f,0x2c,0x00,0x3d,0x58,0x00,0x12,0xb0,0x00,0x1b,0xe0,0x00,0x0c,0x50,0x00,0x07,0x78,0x00,0x07,0xd8,0x00,0x0f,0xd8,0x00,0x05,0xf0,0x00,0x07,0x64,0x00,0x0d,0x7c,0x00,0x1b,0xf6,0x00,0x1c,0x76,0x00,0x00,0x7e,0x00,0x00,0xac,0x00,0x01,0x58,0x00,
	0x01,0x78,0x00,0x03,0x7e,0x00,0x02,0xff,0x00,0x01,0x1f,0x80,0x02,0x4f,0x80,0x03,0xdf,0x80,0x03,0xbf,0x80,0x13,0xdf,0xc0,0xfb,0x7f,0xc0,0xe7,0x7f,0xc0,0x66,0x7d,0x80,0x3c,0x3f,0x00,0x1e,0x7e,0x00,0x0f,0xfc,0x00,0x07,0xe4,0x00,0x0d,0xc4,0x00,0x1f,0x84,0x00,0x3f,0x84,0x00,0x3f,0x88,0x00,0x3f,0x9c,0x00,0x3d,0xb8,0x00,0x1f,0xf0,0x00,0x1e,0xe0,0x00,0x0f,0xb0,0x00,0x07,0x98,0x00,0x07,0x88,0x00,0x0f,0x88,0x00,0x07,0xc8,0x00,0x07,0xfc,0x00,0x0f,0xfc,0x00,0x1f,0xbe,0x00,0x1c,0x5a,0x00,0x00,0x7e,0x00,0x00,0xdc,0x00,0x01,0xb8,0x00,
	0xfe,0x07,0xff,0xfc,0x01,0xff,0xfc,0x00,0xff,0xfc,0x00,0x7f,0xfc,0x00,0x7f,0xfc,0x00,0x7f,0xfc,0x00,0x7f,0x8c,0x00,0x3f,0x04,0x00,0x3f,0x00,0x80,0x3f,0x80,0x00,0x7f,0xc0,0x00,0xff,0xe0,0x01,0xff,0xf0,0x03,0xff,0xf8,0x03,0xff,0xf0,0x03,0xff,0xe0,0x03,0xff,0xc0,0x03,0xff,0xc0,0x07,0xff,0xc0,0x03,0xff,0xc2,0x07,0xff,0xe0,0x0f,0xff,0xe0,0x1f,0xff,0xf0,0x0f,0xff,0xf8,0x07,0xff,0xf8,0x07,0xff,0xf0,0x07,0xff,0xf8,0x07,0xff,0xf8,0x03,0xff,0xf0,0x03,0xff,0xe0,0x01,0xff,0xe3,0x81,0xff,0xff,0x81,0xff,0xff,0x03,0xff,0xfe,0x07,0xff,
	//sprite 60
	0x00,0x8c,0x00,0x01,0x1a,0x00,0x01,0x7f,0x00,0x01,0x73,0x00,0x00,0xaf,0x80,0x01,0x25,0x80,0x01,0x85,0x80,0x01,0xf1,0x80,0x00,0xa3,0x80,0x01,0xe3,0x80,0x07,0x87,0x80,0x77,0xe6,0x00,0xde,0xd6,0x00,0x39,0xea,0x00,0xff,0xd0,0x00,0x7e,0xb8,0x00,0x1f,0x9c,0x00,0x37,0xda,0x00,0x12,0xac,0x00,0x09,0x50,0x00,0x02,0x9b,0x80,0x04,0x97,0xc0,0x07,0x05,0xc0,0x09,0xfc,0x80,0x07,0x4b,0x80,0x05,0xc2,0x80,0x0b,0x03,0x80,0x06,0x01,0x80,0x18,0x01,0x80,
	0x00,0xfc,0x00,0x01,0xee,0x00,0x01,0xff,0x00,0x00,0xef,0x00,0x01,0xc3,0x80,0x01,0xcb,0x80,0x01,0xeb,0x80,0x01,0xef,0x80,0x01,0xff,0x80,0x01,0xff,0x80,0x07,0xff,0x00,0x7b,0x8e,0x00,0xf5,0x8e,0x00,0xdc,0xde,0x00,0xfc,0xf2,0x00,0x7f,0xe2,0x00,0x3f,0xe2,0x00,0x3f,0x0e,0x00,0x1f,0x1c,0x00,0x0f,0xb0,0x00,0x05,0xfb,0x80,0x07,0x0c,0xc0,0x0f,0xfe,0xc0,0x0f,0xfb,0x80,0x07,0xc6,0x80,0x07,0xc8,0x80,0x0f,0x02,0x80,0x1e,0x00,0x80,0x18,0x01,0x80,
	0xff,0x03,0xff,0xfe,0x01,0xff,0xfe,0x00,0xff,0xfe,0x00,0xff,0xfe,0x00,0x7f,0xfe,0x00,0x7f,0xfe,0x00,0x7f,0xfe,0x00,0x7f,0xfe,0x00,0x7f,0xfe,0x00,0x7f,0xf8,0x00,0x7f,0x80,0x01,0xff,0x00,0x01,0xff,0x00,0x01,0xff,0x00,0x01,0xff,0x80,0x01,0xff,0xc0,0x01,0xff,0xc0,0x01,0xff,0xe0,0x03,0xff,0xf0,0x0f,0xff,0xf8,0x04,0x7f,0xf8,0x00,0x3f,0xf0,0x00,0x3f,0xf0,0x00,0x7f,0xf8,0x30,0x7f,0xf8,0x34,0x7f,0xf0,0xfc,0x7f,0xe1,0xfe,0x7f,0xe7,0xfe,0x7f,
	//sprite 61
	0x00,0xa0,0x00,0x01,0xb0,0x00,0x01,0xd0,0x00,0x01,0xf0,0x00,0x01,0x10,0x00,0x01,0x50,0x00,0x01,0x50,0x00,0x01,0x50,0x00,0x01,0x90,0x00,0x03,0xb8,0x00,0x02,0x0e,0x00,0x07,0xff,0x00,0x0f,0xc1,0x00,0x13,0x2a,0x80,0x17,0x21,0x80,0x1c,0xbc,0x00,0x0b,0x13,0x80,0x07,0xfb,0x00,0x03,0xff,0x00,0x01,0xff,0x00,0x00,0xfc,0x00,0x73,0xa8,0x00,0xa1,0x94,0x00,0xff,0xe8,0x00,0xff,0xca,0x00,0x7f,0x6f,0x00,0x27,0xbf,0x80,0x17,0x7d,0x80,0x17,0xbe,0x80,0x1f,0x7d,0xc0,0x0f,0xec,0x00,0x39,0x38,0x80,0xaf,0x75,0x40,0x7f,0xc0,0x80,0x3f,0x00,0x00,
	0x00,0xe0,0x00,0x01,0xf0,0x00,0x01,0xb0,0x00,0x01,0xf0,0x00,0x01,0xb0,0x00,0x01,0xb0,0x00,0x01,0xb0,0x00,0x01,0xb0,0x00,0x01,0xf0,0x00,0x03,0xf8,0x00,0x03,0xf6,0x00,0x07,0xff,0x00,0x0f,0xff,0x00,0x1f,0xd1,0x80,0x1e,0x2a,0x80,0x1b,0x12,0x80,0x0f,0xfd,0x80,0x07,0xff,0x00,0x03,0xff,0x00,0x01,0xfe,0x00,0x00,0xfe,0x00,0x7f,0xd8,0x00,0xff,0xec,0x00,0xbf,0xc4,0x00,0xff,0x86,0x00,0x7f,0x87,0x00,0x3f,0x0d,0x80,0x1e,0x1f,0x80,0x1e,0x7b,0x80,0x1f,0xea,0xc0,0x1f,0x9b,0x80,0x3f,0x9d,0x00,0xdd,0xf5,0xc0,0x7f,0xc0,0x80,0x3f,0x00,0x00,
	0xff,0x1f,0xff,0xfe,0x0f,0xff,0xfe,0x0f,0xff,0xfe,0x0f,0xff,0xfe,0x0f,0xff,0xfe,0x0f,0xff,0xfe,0x0f,0xff,0xfe,0x0f,0xff,0xfe,0x0f,0xff,0xfc,0x07,0xff,0xfc,0x01,0xff,0xf8,0x00,0xff,0xf0,0x00,0xff,0xe0,0x00,0x7f,0xe0,0x00,0x7f,0xe0,0x00,0x7f,0xf0,0x00,0x7f,0xf8,0x00,0xff,0xfc,0x00,0xff,0xfe,0x00,0xff,0xff,0x01,0xff,0x80,0x07,0xff,0x00,0x03,0xff,0x00,0x03,0xff,0x00,0x01,0xff,0x80,0x00,0xff,0xc0,0x00,0x7f,0xe0,0x00,0x7f,0xe0,0x00,0x7f,0xe0,0x00,0x3f,0xe0,0x00,0x7f,0xc0,0x02,0x7f,0x00,0x0a,0x3f,0x80,0x3f,0x7f,0xc0,0xff,0xff,
	//sprite 62
	0x06,0x80,0x00,0x1f,0x60,0x00,0x24,0xf8,0x00,0x5b,0xc8,0x00,0x96,0x54,0x00,0xd1,0xb4,0x00,0xb9,0xb4,0x00,0x7f,0xfc,0x00,0x7d,0x18,0x00,0x7c,0xb0,0x00,0xfe,0xb8,0x00,0xe1,0xd4,0x00,0x83,0xe8,0x00,0x5d,0xc0,0x00,0x7f,0xe8,0x00,0x57,0x90,0x00,0x56,0x78,0x00,0x57,0xf0,0x00,0x55,0xf8,0x00,0x47,0x6c,0x00,0x7e,0x54,0xc0,0x4f,0xd5,0xc0,0x77,0x5f,0x80,0x3d,0x98,0x80,0x0f,0x94,0x80,0x17,0x00,0x80,0x3e,0x03,0x00,0x38,0x01,0x00,0x00,0x02,0x00,
	0x06,0x80,0x00,0x1f,0xe0,0x00,0x3f,0x38,0x00,0x5c,0x38,0x00,0xf9,0xbc,0x00,0xff,0xfc,0x00,0xde,0x7c,0x00,0x2f,0xfc,0x00,0x5e,0x38,0x00,0x6f,0x18,0x00,0xdf,0x18,0x00,0x9f,0xbc,0x00,0xd9,0xe4,0x00,0x7b,0x64,0x00,0x7f,0xc4,0x00,0x6f,0x28,0x00,0x6f,0x18,0x00,0x6f,0x30,0x00,0x6f,0xf8,0x00,0x6c,0x9c,0x00,0x7f,0x8f,0xc0,0x7f,0xee,0xc0,0x6f,0x5b,0x80,0x3f,0x97,0x80,0x0f,0x9d,0x80,0x1f,0x01,0x80,0x2e,0x01,0x00,0x38,0x03,0x00,0x00,0x02,0x00,
	0xf9,0x7f,0xff,0xe0,0x1f,0xff,0xc0,0x07,0xff,0x80,0x07,0xff,0x00,0x03,0xff,0x00,0x03,0xff,0x00,0x03,0xff,0x80,0x03,0xff,0x80,0x07,0xff,0x80,0x07,0xff,0x00,0x07,0xff,0x00,0x03,0xff,0x00,0x03,0xff,0x80,0x03,0xff,0x80,0x03,0xff,0x80,0x07,0xff,0x80,0x07,0xff,0x80,0x0f,0xff,0x80,0x07,0xff,0x80,0x03,0xff,0x80,0x00,0x3f,0x80,0x00,0x3f,0x80,0xa0,0x7f,0xc0,0x60,0x7f,0xf0,0x60,0x7f,0xe0,0xfc,0x7f,0xc1,0xfc,0xff,0xc7,0xfc,0xff,0xff,0xfd,0xff,
	//sprite 63
	0x30,0x00,0x00,0x68,0x00,0x00,0xfc,0x00,0x00,0xe6,0x00,0x00,0x69,0x0f,0x00,0x34,0x93,0xc0,0x1a,0xd0,0x60,0x0d,0xb8,0x20,0x07,0x56,0x00,0x03,0x39,0x60,0x01,0x98,0x30,0x01,0x7c,0xa0,0x01,0x5b,0x60,0x00,0xbf,0xe0,0x00,0xcf,0xe0,0x00,0xcf,0xf0,0x00,0x13,0xe0,0x03,0x9b,0xc0,0x05,0x0f,0xa0,0x07,0xff,0x40,0x07,0xfe,0x50,0x03,0xfb,0x78,0x01,0x3d,0xfc,0x00,0xbb,0xec,0x00,0xbd,0xf4,0x00,0xfb,0xee,0x00,0x7f,0x60,0x01,0xc9,0xc4,0x05,0x7b,0xaa,0x03,0xfe,0x04,0x01,0xf8,0x00,
	0x30,0x00,0x00,0x78,0x00,0x00,0xdc,0x00,0x00,0xf6,0x00,0x00,0x73,0x0f,0x00,0x39,0x9d,0xc0,0x1c,0xef,0xe0,0x0f,0xcf,0xe0,0x07,0xb8,0xe0,0x03,0xf6,0x60,0x00,0xf6,0xf0,0x01,0xdb,0x70,0x01,0x8f,0xf0,0x01,0x0f,0xf0,0x01,0xbf,0xe0,0x00,0xff,0xf0,0x00,0x1f,0xe0,0x03,0xff,0xc0,0x07,0xff,0x60,0x05,0xfe,0x20,0x07,0xfc,0x30,0x03,0xfc,0x38,0x01,0xf8,0x6c,0x00,0xf0,0xfc,0x00,0xf3,0xdc,0x00,0xff,0x56,0x00,0xfc,0xdc,0x01,0xfc,0xe8,0x06,0xef,0xae,0x03,0xfe,0x04,0x01,0xf8,0x00,
	0xcf,0xff,0xff,0x87,0xff,0xff,0x03,0xff,0xff,0x01,0xff,0xff,0x80,0xf0,0xff,0xc0,0x60,0x3f,0xe0,0x00,0x1f,0xf0,0x00,0x1f,0xf8,0x00,0x1f,0xfc,0x00,0x1f,0xfe,0x00,0x0f,0xfe,0x00,0x0f,0xfe,0x00,0x0f,0xfe,0x00,0x0f,0xfe,0x00,0x0f,0xff,0x00,0x0f,0xff,0xe0,0x1f,0xfc,0x00,0x3f,0xf8,0x00,0x1f,0xf8,0x00,0x1f,0xf8,0x00,0x0f,0xfc,0x00,0x07,0xfe,0x00,0x03,0xff,0x00,0x03,0xff,0x00,0x03,0xff,0x00,0x01,0xff,0x00,0x03,0xfe,0x00,0x13,0xf8,0x00,0x51,0xfc,0x01,0xfb,0xfe,0x07,0xff,
	//sprite 64
	0x00,0x06,0x00,0x00,0x04,0x80,0x00,0x5f,0xc0,0x00,0x5c,0x40,0x00,0x2b,0x20,0x00,0x36,0x20,0x00,0x60,0x10,0x00,0xd0,0x50,0x01,0x3e,0x60,0x00,0x1f,0xd0,0x02,0x17,0xe0,0x07,0xef,0xe0,0x0f,0xcb,0xc0,0x1e,0xee,0x20,0x3d,0xad,0x00,0x7b,0xfe,0x80,0xef,0xf9,0x40,0xbf,0xf5,0xa0,0x5b,0x2a,0xc0,0x31,0xb5,0x00,0x00,0x2d,0x80,0x00,0x49,0x7c,0x00,0x70,0x5c,0x00,0x1f,0x88,0x00,0xf6,0x38,0x00,0x1c,0x68,0x00,0xb8,0x18,0x01,0x70,0x18,0x01,0x80,0x08,
	0x00,0x1e,0x00,0x00,0x37,0x80,0x00,0x7f,0xc0,0x00,0x7a,0xc0,0x00,0x54,0xe0,0x00,0x79,0x60,0x00,0x7e,0xf0,0x00,0x77,0xf0,0x00,0xcb,0xf0,0x01,0x87,0xe0,0x03,0x8f,0xf0,0x07,0x9f,0xe0,0x0d,0xff,0xc0,0x19,0xff,0xe0,0x33,0xde,0x20,0x77,0xfc,0x20,0xff,0xfe,0x20,0xdf,0xf8,0xe0,0x7b,0xf1,0xc0,0x31,0xfb,0x00,0x00,0x5f,0x80,0x00,0x70,0xcc,0x00,0xff,0xec,0x00,0xff,0xf8,0x00,0xfe,0xe8,0x00,0x7c,0xc8,0x00,0xf8,0x28,0x01,0xf0,0x08,0x01,0x80,0x18,
	0xff,0xe1,0xff,0xff,0xc0,0x7f,0xff,0x80,0x3f,0xff,0x80,0x3f,0xff,0x80,0x1f,0xff,0x80,0x1f,0xff,0x80,0x0f,0xff,0x00,0x0f,0xfe,0x00,0x0f,0xfe,0x00,0x0f,0xfc,0x00,0x0f,0xf8,0x00,0x1f,0xf0,0x00,0x3f,0xe0,0x00,0x1f,0xc0,0x00,0x1f,0x80,0x00,0x1f,0x00,0x00,0x1f,0x00,0x00,0x1f,0x84,0x00,0x3f,0xce,0x00,0xff,0xff,0x80,0x7f,0xff,0x80,0x03,0xff,0x00,0x03,0xff,0x00,0x07,0xff,0x01,0x07,0xff,0x83,0x07,0xff,0x07,0xc7,0xfe,0x0f,0xe7,0xfe,0x7f,0xe7,
	//sprite 65
	0x23,0x00,0x3f,0x80,0x7c,0x80,0xf1,0x40,0xf0,0xe0,0xbd,0x60,0xbf,0xf0,0x9f,0x18,0xbf,0xf8,0x7f,0xf0,0x37,0xf0,0x13,0xb0,0x1c,0xe0,0x17,0xc0,0x1c,0x00,0x17,0x00,0x19,0x00,0x17,0x00,0x19,0x00,0x17,0x00,0x1f,0x00,0x1e,0x80,0x0b,0x80,0x0c,0x80,0x05,0x00,0x03,0xc0,0x03,0xc0,0x03,0xc0,0x02,0xc0,0x00,0xc0,0x02,0x20,0x03,0xe0,0x01,0xc0,0x05,0x80,0x09,0x00,0x0c,0x00,
	0x3f,0x00,0x5f,0x80,0x6b,0x80,0xdc,0xc0,0xfb,0xa0,0xfb,0x60,0xfe,0x90,0xff,0x88,0xff,0x98,0x7f,0xf8,0x3f,0x90,0x1f,0x10,0x1f,0xa0,0x1c,0xc0,0x17,0x00,0x1b,0x00,0x1f,0x00,0x19,0x00,0x1f,0x00,0x1f,0x00,0x17,0x00,0x1f,0x80,0x0c,0x80,0x0e,0x80,0x06,0x80,0x02,0xc0,0x03,0xc0,0x03,0xc0,0x01,0xc0,0x03,0xa0,0x03,0xe0,0x03,0xe0,0x02,0xc0,0x07,0x80,0x0f,0x00,0x0c,0x00,
	0xc0,0xff,0x80,0x7f,0x80,0x7f,0x00,0x3f,0x00,0x1f,0x00,0x1f,0x00,0x0f,0x00,0x07,0x00,0x07,0x80,0x07,0xc0,0x0f,0xe0,0x0f,0xe0,0x1f,0xe0,0x3f,0xe0,0xff,0xe0,0xff,0xe0,0xff,0xe0,0xff,0xe0,0xff,0xe0,0xff,0xe0,0xff,0xe0,0x7f,0xf0,0x7f,0xf0,0x7f,0xf8,0x7f,0xfc,0x3f,0xfc,0x3f,0xfc,0x3f,0xfc,0x3f,0xfc,0x1f,0xfc,0x1f,0xfc,0x1f,0xfc,0x3f,0xf8,0x7f,0xf0,0xff,0xf3,0xff,
	//sprite 66
	0x00,0x1f,0x00,0x00,0x00,0xf3,0xe0,0x00,0x07,0xef,0xb0,0x00,0x0f,0x4a,0xe8,0x00,0x1c,0xd2,0x9c,0x00,0x3b,0x66,0xf6,0x00,0x7b,0xff,0x1e,0x00,0xe6,0xfc,0x1b,0x00,0xe6,0xb8,0x0e,0x00,0xbf,0x98,0x0e,0x00,0xef,0xbc,0x07,0x00,0xfd,0xf8,0x80,0x00,0x3f,0xfe,0x40,0x00,0x73,0xfd,0x40,0x00,0x65,0x7e,0x40,0x00,0x6a,0xff,0x60,0x00,0x56,0xff,0xe0,0x00,0x1f,0xff,0xfe,0x00,0x0f,0xfb,0xf7,0x00,0x0b,0xeb,0xab,0xfc,0x0b,0xf7,0xab,0x7c,0x06,0x9d,0x07,0xdc,0x00,0x03,0x00,0xc4,0x00,0x03,0x00,0xf8,0x00,0x00,0x00,0x00,0x00,0x00,0x00,0x08,0x00,0x00,0x00,0x04,
	0x00,0x1f,0x00,0x00,0x00,0xff,0xe0,0x00,0x07,0xf2,0xf0,0x00,0x0f,0xfe,0x98,0x00,0x1f,0xe6,0xfc,0x00,0x3f,0xfd,0xfe,0x00,0x55,0xff,0x12,0x00,0x9b,0xfc,0x1f,0x00,0x9d,0xf8,0x0d,0x00,0xff,0xf8,0x0d,0x00,0x1f,0xfc,0x07,0x00,0xff,0x7f,0x80,0x00,0x5e,0xfc,0xc0,0x00,0x5b,0xfe,0xc0,0x00,0x73,0xff,0xc0,0x00,0x67,0x3f,0xa0,0x00,0x7f,0x7f,0xe0,0x00,0x3d,0xff,0xfe,0x00,0x0d,0xff,0xff,0x00,0x0f,0xff,0xf1,0xfc,0x0f,0xff,0xf0,0xe4,0x07,0x9f,0x07,0xfc,0x00,0x03,0x00,0xbc,0x00,0x03,0x00,0xf4,0x00,0x00,0x00,0x0c,0x00,0x00,0x00,0x0c,0x00,0x00,0x00,0x04,
	0xff,0xe0,0xff,0xff,0xff,0x00,0x1f,0xff,0xf8,0x00,0x0f,0xff,0xf0,0x00,0x07,0xff,0xe0,0x00,0x03,0xff,0xc0,0x00,0x01,0xff,0x80,0x00,0xe1,0xff,0x00,0x03,0xe0,0xff,0x00,0x07,0xf0,0xff,0x00,0x07,0xf0,0xff,0x00,0x03,0xf8,0xff,0x00,0x00,0x7f,0xff,0x80,0x00,0x3f,0xff,0x80,0x00,0x3f,0xff,0x80,0x00,0x3f,0xff,0x80,0x00,0x1f,0xff,0x80,0x00,0x1f,0xff,0xc0,0x00,0x01,0xff,0xf0,0x00,0x00,0xff,0xf0,0x00,0x00,0x03,0xf0,0x00,0x00,0x03,0xf8,0x60,0xf8,0x03,0xff,0xfc,0xff,0x03,0xff,0xfc,0xff,0x03,0xff,0xff,0xff,0xf3,0xff,0xff,0xff,0xf3,0xff,0xff,0xff,0xfb,
	//sprite 67
	0x0b,0xf0,0x13,0xd8,0x17,0x5c,0x1e,0xa4,0x16,0x94,0x1e,0xd4,0x0f,0x5c,0x13,0xd4,0x13,0xe2,0x0f,0xe2,0x07,0xee,0x03,0xfe,0x07,0xe6,0x64,0xec,0xc7,0xdc,0x3c,0x6c,0x7f,0x74,0xdd,0x68,0x4e,0xb0,0x25,0x40,0x0a,0x3e,0x0a,0x14,0x1c,0x1c,0x1f,0xee,0x1d,0x9e,0x17,0x02,0x1e,0x0e,0x78,0x02,0x60,0x06,
	0x0d,0xf0,0x1d,0xf8,0x1f,0xdc,0x17,0x5c,0x1b,0x7c,0x1f,0xec,0x0f,0xfc,0x1f,0xec,0x1f,0xc6,0x0f,0xe6,0x07,0xf6,0x03,0xfc,0x07,0xce,0x7f,0x8c,0xfc,0xbc,0xff,0xe4,0xff,0x8c,0xfe,0x38,0x7c,0x70,0x3e,0xc0,0x17,0xfe,0x0c,0x3a,0x3f,0xfa,0x0f,0xf6,0x1f,0xaa,0x1f,0x2a,0x0e,0x0a,0x58,0x06,0x60,0x06,
	0xf0,0x0f,0xe0,0x07,0xe0,0x03,0xe0,0x03,0xe0,0x03,0xe0,0x03,0xf0,0x03,0xe0,0x03,0xe0,0x01,0xf0,0x01,0xf8,0x01,0xfc,0x01,0xf8,0x01,0x80,0x03,0x00,0x03,0x00,0x03,0x00,0x03,0x00,0x07,0x80,0x0f,0xc0,0x3f,0xe0,0x01,0xf0,0x01,0xc0,0x01,0xe0,0x01,0xe0,0x41,0xe0,0xd1,0xe1,0xf1,0x87,0xf9,0x9f,0xf9,
	//sprite 68
	0x0f,0x80,0x3f,0xe0,0x63,0xf0,0x8c,0x78,0xc9,0x58,0xff,0xd8,0x15,0x58,0x26,0x50,0xca,0xb0,0x9c,0xb8,0x7f,0xf8,0x9c,0xe8,0xf0,0x78,0xf8,0xc8,0xae,0xc8,0xc7,0x70,0x65,0xd8,0xba,0xa8,0x3d,0xe8,0xce,0xc8,0x4f,0x38,0x69,0xf0,0x07,0xc0,0xff,0x00,0x9c,0x00,0xc8,0x00,
	0x0f,0x80,0x3f,0xe0,0x7f,0xf0,0xef,0xf8,0xfc,0x78,0xf8,0x38,0xf2,0xb8,0xdf,0xb8,0xbd,0xf8,0xfe,0x78,0x7b,0xf0,0xf8,0x70,0xf8,0xf8,0x7f,0xf8,0x7d,0xf8,0xcf,0xf0,0xde,0x78,0x7d,0x18,0xfe,0x18,0xe7,0x38,0x7f,0xf8,0x5f,0xf0,0x3d,0xc0,0xe7,0x00,0xec,0x00,0xc8,0x00,
	0xf0,0x7f,0xc0,0x1f,0x80,0x0f,0x00,0x07,0x00,0x07,0x00,0x07,0x00,0x07,0x00,0x07,0x00,0x07,0x00,0x07,0x80,0x07,0x00,0x07,0x00,0x07,0x00,0x07,0x00,0x07,0x00,0x0f,0x00,0x07,0x00,0x07,0x00,0x07,0x00,0x07,0x80,0x07,0x80,0x0f,0xc0,0x3f,0x00,0xff,0x03,0xff,0x37,0xff,
	//sprite 69
	0x07,0xf8,0x00,0x1e,0x76,0x00,0x3d,0xf3,0x00,0x6e,0xfe,0x00,0x59,0x8f,0x00,0xfd,0xde,0x80,0xcb,0xcf,0x40,0xdf,0xdf,0x40,0xf9,0xff,0xe0,0x6b,0xcf,0xf0,0x47,0xf6,0x58,0x0a,0xcf,0xa8,0x06,0xf3,0xa8,0x03,0xcf,0xd8,0x03,0x0f,0xf8,0x01,0xfb,0xf0,0x00,0xfb,0xf0,0x00,0x39,0xb0,0x00,0x34,0x30,0x00,0x04,0x60,0x00,0x00,0x40,0x00,0x01,0x40,0x00,0x01,0x80,
	0x07,0xf8,0x00,0x1f,0xfe,0x00,0x3f,0x3f,0x00,0x7d,0x1e,0x00,0x7e,0xff,0x00,0xdb,0x7f,0x80,0xdd,0x9e,0xc0,0xff,0x3f,0xc0,0xf7,0xcf,0xe0,0x75,0x8f,0xf0,0x7b,0xcf,0xb8,0x1f,0xf6,0x18,0x07,0xfe,0x18,0x03,0xf6,0xb8,0x02,0xc7,0xf8,0x01,0x4f,0xf0,0x00,0xfc,0xf0,0x00,0x4f,0xd0,0x00,0x37,0xf0,0x00,0x07,0xa0,0x00,0x00,0x80,0x00,0x01,0xc0,0x00,0x01,0x80,
	0xf8,0x07,0xff,0xe0,0x01,0xff,0xc0,0x00,0xff,0x80,0x00,0xff,0x80,0x00,0xff,0x00,0x00,0x7f,0x00,0x00,0x3f,0x00,0x00,0x3f,0x00,0x00,0x1f,0x80,0x00,0x0f,0x80,0x00,0x07,0xe0,0x00,0x07,0xf8,0x00,0x07,0xfc,0x00,0x07,0xfc,0x00,0x07,0xfe,0x00,0x0f,0xff,0x00,0x0f,0xff,0x80,0x0f,0xff,0xc8,0x0f,0xff,0xf8,0x1f,0xff,0xff,0x3f,0xff,0xfe,0x3f,0xff,0xfe,0x7f,
	//sprite 70
	0x00, //alignment byte
	0x1e,0xee,0xf0,0x00,0x3f,0xdf,0x98,0x00,0x70,0xfd,0x6c,0x00,0x77,0x3b,0x36,0x00,0xec,0x7e,0x56,0x00,0xfe,0x2a,0xaf,0x00,0xe9,0xa3,0x5b,0x00,0xff,0x69,0xbd,0x00,0xdd,0xc7,0xe4,0x80,0x7f,0x7d,0x55,0x00,0x66,0xa4,0xec,0x00,0x24,0xcd,0x96,0x80,0x3c,0x7f,0x51,0x80,
	0x1f,0xde,0xf0,0x00,0x3f,0xef,0xf8,0x00,0x7f,0xfb,0x9c,0x00,0x78,0xff,0x8e,0x00,0xf3,0xaf,0x8e,0x00,0xf1,0xa7,0x5f,0x00,0xf7,0x65,0xbd,0x00,0xf1,0xc7,0xfb,0x00,0xfd,0xff,0xff,0x80,0x4e,0xfe,0xee,0x80,0x7d,0xfe,0x7b,0x80,0x3f,0x7f,0xff,0x80,0x3f,0xf9,0xb1,0x80,
	0xe0,0x01,0x0f,0xff,0xc0,0x00,0x07,0xff,0x80,0x00,0x03,0xff,0x80,0x00,0x01,0xff,0x00,0x00,0x01,0xff,0x00,0x00,0x00,0xff,0x00,0x00,0x00,0xff,0x00,0x00,0x00,0xff,0x00,0x00,0x00,0x7f,0x80,0x00,0x00,0x7f,0x80,0x00,0x00,0x7f,0xc0,0x00,0x00,0x7f,0xc0,0x00,0x0e,0x7f,
	//sprite 71
	0x00,0x3e,0x00,0x00,0x67,0xb0,0x00,0xdb,0x78,0x03,0xa7,0xd4,0x0e,0x76,0x40,0x25,0xcb,0xf4,0x6f,0xfe,0xb0,0xdf,0xff,0x60,0xbe,0x5e,0xe0,0xe9,0x39,0xa0,0xd1,0xaa,0x60,0xbc,0xbd,0xc0,0xb3,0xef,0x00,0xfd,0xb4,0x00,0xc1,0xdc,0x00,0x71,0x70,0x00,0xff,0x90,0x00,0x69,0x90,0x00,0x34,0xa0,0x00,0x1f,0xe0,0x00,
	0x00,0x3e,0x00,0x00,0x7f,0xf0,0x00,0xe7,0xb8,0x03,0xc3,0xec,0x0f,0xef,0xfc,0x2f,0xf7,0x54,0x7f,0xff,0x50,0xff,0xf7,0xe0,0xff,0xe9,0xe0,0xff,0x1c,0xe0,0xed,0x1d,0xa0,0xcd,0xff,0xc0,0xce,0xfc,0x00,0xe7,0xfe,0x00,0xfb,0x7c,0x00,0x7f,0x90,0x00,0xff,0x70,0x00,0x7f,0xf0,0x00,0x3b,0xe0,0x00,0x1f,0xe0,0x00,
	0xff,0xc1,0xff,0xff,0x80,0x0f,0xff,0x00,0x07,0xfc,0x00,0x03,0xf0,0x00,0x03,0xc0,0x00,0x0b,0x80,0x00,0x0f,0x00,0x00,0x1f,0x00,0x00,0x1f,0x00,0x00,0x1f,0x00,0x00,0x1f,0x00,0x00,0x3f,0x00,0x00,0xff,0x00,0x01,0xff,0x00,0x03,0xff,0x80,0x0f,0xff,0x00,0x0f,0xff,0x80,0x0f,0xff,0xc0,0x1f,0xff,0xe0,0x1f,0xff,
	//sprite 72
	0x00,0xf8,0x01,0xc8,0x07,0xf8,0x1f,0x00,0x7c,0xb0,0xe7,0x90,0x9b,0x98,0xbd,0xe0,0xaa,0xe8,0xdd,0x30,0x77,0x18,0x9b,0xa8,0x98,0xf8,0xf0,0x78,0xb9,0xc8,0xff,0xf0,0xe9,0xc8,0x6a,0x98,0x53,0x20,0xd5,0x40,0xdf,0xf8,0xd4,0x98,0xf1,0x88,0x7e,0x30,0x3f,0xe0,0x0f,0x80,
	0x00,0xf8,0x01,0xb8,0x07,0x38,0x1d,0xe0,0x7f,0xd0,0xff,0xf0,0xe7,0x38,0xc3,0xf8,0xc5,0xf0,0xf3,0xd8,0x7f,0x98,0xfd,0xf0,0xff,0xf0,0xf8,0xf8,0x70,0xf8,0x7e,0xf0,0xf3,0xf8,0xfd,0xe8,0xef,0xd8,0xea,0x78,0xe0,0xf8,0xf1,0xf8,0xff,0xb8,0x7f,0xf0,0x3f,0xe0,0x0f,0x80,
	0xff,0x07,0xfe,0x07,0xf8,0x07,0xe0,0x1f,0x80,0x0f,0x00,0x0f,0x00,0x07,0x00,0x07,0x00,0x07,0x00,0x07,0x80,0x07,0x00,0x07,0x00,0x07,0x00,0x07,0x00,0x07,0x00,0x0f,0x00,0x07,0x00,0x07,0x00,0x07,0x00,0x07,0x00,0x07,0x00,0x07,0x00,0x07,0x80,0x0f,0xc0,0x1f,0xf0,0x7f,
	//sprite 73
	0x0c,0x00,0x00,0x1a,0x00,0x00,0x1c,0x00,0x00,0x29,0x00,0x00,0x30,0x30,0x00,0x7c,0xb8,0x00,0x7b,0xf8,0x00,0x7e,0xd4,0x00,0x7f,0x46,0x00,0xe1,0xde,0x00,0xdd,0xf9,0x00,0xc5,0xca,0xb0,0xcf,0x6e,0x90,0x7f,0x4f,0x98,0x1f,0x9e,0xb8,0x13,0xf9,0xd8,0x09,0xf5,0xc8,0x0d,0xd2,0xf8,0x07,0xfd,0xd0,0x03,0xdd,0xf0,0x07,0x68,0xe0,0x01,0xb3,0xc0,0x00,0xff,0x00,
	0x0c,0x00,0x00,0x1e,0x00,0x00,0x14,0x00,0x00,0x37,0x00,0x00,0x3f,0x30,0x00,0x4f,0xc8,0x00,0x7c,0xf8,0x00,0x7f,0x98,0x00,0x7f,0x9a,0x00,0xff,0xbe,0x00,0xe3,0x7f,0x00,0xe3,0xbf,0xf0,0xf7,0x9f,0x70,0x7f,0x8d,0x78,0x1f,0xde,0xf8,0x1f,0xe7,0xf8,0x0f,0xce,0xd8,0x0f,0xfe,0xd8,0x07,0xea,0xf0,0x05,0xe1,0xf0,0x07,0xf7,0xe0,0x01,0xff,0xc0,0x00,0xff,0x00,
	0xf3,0xff,0xff,0xe1,0xff,0xff,0xe3,0xff,0xff,0xc0,0xff,0xff,0xc0,0xcf,0xff,0x80,0x07,0xff,0x80,0x07,0xff,0x80,0x03,0xff,0x80,0x01,0xff,0x00,0x01,0xff,0x00,0x00,0xff,0x00,0x00,0x0f,0x00,0x00,0x0f,0x80,0x00,0x07,0xe0,0x00,0x07,0xe0,0x00,0x07,0xf0,0x00,0x07,0xf0,0x00,0x07,0xf8,0x00,0x0f,0xf8,0x00,0x0f,0xf8,0x00,0x1f,0xfe,0x00,0x3f,0xff,0x00,0xff,
	//sprite 74
	0x00, //alignment byte
	0xc2,0xd4,0xce,0x00,0xaf,0x6d,0x0f,0x00,0xed,0xf9,0x29,0x80,0xc9,0xdf,0xf8,0x80,0xff,0x9b,0xde,0xc0,0x67,0xf2,0x7e,0xc0,0x77,0xf1,0xaf,0xc0,0x3c,0xe1,0xb9,0xc0,0x1b,0xdb,0xc9,0xc0,0x1a,0xff,0xaf,0x80,0x0f,0xe7,0xc3,0x80,0x0c,0xef,0xfe,0x00,0x07,0xdd,0x9c,0x00,
	0xc3,0x6c,0xfe,0x00,0xee,0xff,0xff,0x00,0xb7,0x9f,0xdf,0x80,0xbd,0x9f,0xbd,0x80,0xdd,0xff,0xef,0xc0,0x7f,0xf9,0xe7,0xc0,0x6e,0x69,0x73,0xc0,0x3f,0x39,0x47,0xc0,0x1c,0x3d,0x73,0xc0,0x1c,0x7f,0xc7,0x80,0x0c,0x7f,0xff,0x80,0x0f,0xfd,0xfe,0x00,0x07,0xdc,0xfc,0x00,
	0x3c,0x03,0x01,0xff,0x10,0x00,0x00,0xff,0x00,0x00,0x00,0x7f,0x00,0x00,0x00,0x7f,0x00,0x00,0x00,0x3f,0x80,0x00,0x00,0x3f,0x80,0x00,0x00,0x3f,0xc0,0x00,0x00,0x3f,0xe0,0x00,0x00,0x3f,0xe0,0x00,0x00,0x7f,0xf0,0x00,0x00,0x7f,0xf0,0x00,0x01,0xff,0xf8,0x20,0x03,0xff,
	//sprite 75
	0x00,0x07,0xc0,0x00,0x16,0x30,0x00,0x23,0x88,0x00,0x2d,0xfc,0x00,0x3b,0x0c,0x00,0xed,0x14,0x00,0x9b,0x2e,0x00,0xde,0x5e,0x0a,0xfa,0xf6,0x0f,0xed,0x3e,0x0c,0x69,0xde,0x06,0x91,0xf4,0x19,0xdf,0xe4,0x3f,0xff,0xdc,0xf9,0x7e,0xc8,0xf9,0x26,0xc0,0x97,0x0f,0x00,0x77,0x3c,0x00,0x0b,0x88,0x00,0x00,0xf0,0x00,
	0x00,0x07,0xc0,0x00,0x1f,0x70,0x00,0x3f,0x78,0x00,0x3b,0xfc,0x00,0x27,0xfc,0x00,0xfb,0x6c,0x01,0xff,0xde,0x02,0xfd,0xa6,0x0f,0xfe,0xce,0x0a,0x72,0xce,0x0a,0x73,0x7e,0x07,0x6f,0xfc,0x1f,0xff,0xfc,0x29,0xff,0xfc,0xef,0x8f,0xd8,0xaf,0xdd,0xc0,0xcf,0x87,0x00,0x7b,0xcc,0x00,0x0f,0xf8,0x00,0x00,0xf0,0x00,
	0xff,0xf8,0x3f,0xff,0xe0,0x0f,0xff,0xc0,0x07,0xff,0xc0,0x03,0xff,0xc0,0x03,0xff,0x00,0x03,0xfe,0x00,0x01,0xfc,0x00,0x01,0xf0,0x00,0x01,0xf0,0x00,0x01,0xf0,0x00,0x01,0xf8,0x00,0x03,0xe0,0x00,0x03,0xc0,0x00,0x03,0x00,0x00,0x07,0x00,0x00,0x3f,0x00,0x00,0xff,0x80,0x03,0xff,0xf0,0x07,0xff,0xff,0x0f,0xff,
	//sprite 76
	0x00,0x65,0xe0,0x00,0x01,0x85,0x78,0x00,0x02,0x33,0xf0,0x00,0x04,0x44,0xe0,0x00,0x04,0x91,0xf0,0x00,0x0a,0x40,0xe0,0x00,0x0d,0x83,0xf9,0x00,0x0f,0x1f,0xf0,0x80,0x15,0x7d,0xe0,0x40,0x12,0x57,0x74,0x00,0x17,0xf3,0x5a,0x00,0x1a,0x8f,0x5e,0x00,0x19,0x89,0x8e,0x00,0x06,0xcb,0x07,0x00,0x07,0x8b,0x31,0x00,0x00,0xc5,0x32,0x00,0x00,0x7f,0xb3,0x80,0x00,0x85,0x97,0x80,0x00,0x77,0xab,0x00,0x00,0x5c,0x8b,0x00,0x00,0xb6,0x0e,0x00,0x00,0xf8,0xca,0x00,0x00,0xd0,0xcc,0x00,0x00,0x1f,0x70,0x00,0x00,0xfe,0x44,0x00,0x00,0x60,0x88,0x00,0x00,0x30,0x30,0x00,
	0x00,0x7f,0xe0,0x00,0x01,0xff,0xf8,0x00,0x03,0xff,0xf0,0x00,0x07,0xff,0xe0,0x00,0x07,0xff,0xf0,0x00,0x0f,0xbf,0xe0,0x00,0x0f,0x7f,0xf8,0x00,0x0e,0xff,0xf0,0x00,0x1e,0xf0,0x20,0x00,0x1d,0xeb,0x90,0x00,0x19,0xce,0xe8,0x00,0x1d,0xf1,0xbc,0x00,0x1e,0xf0,0xde,0x00,0x07,0xf0,0xdf,0x00,0x05,0xfd,0xcf,0x00,0x01,0xbe,0xdd,0x00,0x00,0x79,0x5c,0x80,0x00,0xfe,0x7c,0x80,0x08,0x58,0xfc,0x80,0x04,0x1f,0x7c,0x80,0x04,0xba,0xf9,0x00,0x03,0xff,0xf1,0x00,0x01,0xff,0x32,0x00,0x00,0x1c,0xce,0x00,0x00,0xff,0xbc,0x00,0x00,0x7f,0xf8,0x00,0x00,0x3f,0xf0,0x00,
	0xff,0x80,0x1f,0xff,0xfe,0x00,0x07,0xff,0xfc,0x00,0x0f,0xff,0xf8,0x00,0x03,0xff,0xf8,0x00,0x01,0xff,0xf0,0x00,0x00,0xff,0xf0,0x00,0x00,0x7f,0xf0,0x00,0x00,0x3f,0xc0,0x00,0x00,0x1f,0x80,0x00,0x00,0x1f,0x80,0x00,0x00,0x1f,0x00,0x00,0x00,0x0f,0x00,0x00,0x00,0x0f,0x00,0x00,0x00,0x0f,0x00,0x00,0x00,0x0f,0x00,0x00,0x00,0x0f,0x00,0x00,0x00,0x0f,0x00,0x00,0x00,0x0f,0x80,0x00,0x00,0x1f,0xc0,0x00,0x00,0x7f,0xc0,0x00,0x00,0xff,0xe0,0x00,0x00,0xff,0xf8,0x00,0x01,0xff,0xfc,0x00,0x01,0xff,0xff,0x00,0x03,0xff,0xff,0x80,0x07,0xff,0xff,0xc0,0x0f,0xff,
	//sprite 77
	0x00,0x00,0x00,0x00,0x00,0x00,0x00,0x00,0x00,0x01,0xcc,0x00,0x01,0x00,0xf8,0x00,0x00,0x0d,0x1a,0x80,0x00,0x4e,0x64,0x40,0x00,0x89,0x1e,0x00,0x21,0xb0,0x4f,0x40,0x7f,0xe6,0x26,0x00,0xff,0x5d,0xaf,0x30,0xfd,0xac,0x62,0x10,0xe9,0x86,0xb6,0x70,0xb7,0x82,0x3e,0x90,0xa8,0x41,0x34,0xd0,0xb4,0xeb,0x93,0xf0,0x58,0x8f,0x7c,0xc0,0x52,0xcb,0x47,0xe0,0x42,0xf2,0x45,0xe0,0x09,0x3f,0x00,0x00,0x10,0x8e,0x20,0x00,0x0a,0x72,0x40,0x00,0x05,0x16,0x00,0x00,0x03,0x9c,0x00,0x00,0x00,0x78,0x00,0x00,0x00,0x00,0x00,0x00,0x00,0x00,0x00,0x00,0x00,0x00,0x00,0x00,
	0x00,0x00,0x00,0x00,0x00,0x00,0x00,0x00,0x00,0x01,0xfc,0x00,0x00,0x03,0x06,0x00,0x00,0x0f,0xe1,0x80,0x00,0x0f,0xf9,0xc0,0x00,0xbf,0xf9,0xc0,0x21,0xdf,0xfc,0xa0,0x7f,0xb9,0xfd,0xe0,0xff,0xa7,0xb6,0xd0,0xff,0x5f,0xd7,0xf0,0xff,0x79,0x59,0xd0,0xfb,0x71,0xed,0xf0,0xff,0xb1,0x8b,0xf0,0xfb,0xb1,0x7f,0xf0,0x7f,0xd6,0xdf,0xe0,0x7d,0xfe,0xd7,0xe0,0x7d,0xff,0xe5,0xe0,0x3e,0xff,0x03,0x00,0x1f,0x72,0x82,0x00,0x0f,0x8f,0x02,0x00,0x07,0xee,0x04,0x00,0x03,0xfc,0x40,0x00,0x00,0x78,0x20,0x00,0x00,0x00,0x40,0x00,0x00,0x00,0x00,0x00,0x00,0x00,0x00,0x00,
	0xff,0x80,0x1f,0xff,0xfe,0x00,0x07,0xff,0xfc,0x00,0x03,0xff,0xf8,0x00,0x01,0xff,0xf8,0x00,0x00,0x7f,0xf0,0x00,0x00,0x3f,0xf0,0x00,0x00,0x3f,0xd0,0x00,0x00,0x1f,0x80,0x00,0x00,0x1f,0x00,0x00,0x00,0x0f,0x00,0x00,0x00,0x0f,0x00,0x00,0x00,0x0f,0x00,0x00,0x00,0x0f,0x00,0x00,0x00,0x0f,0x00,0x00,0x00,0x0f,0x80,0x00,0x00,0x1f,0x80,0x00,0x00,0x1f,0x80,0x00,0x00,0x1f,0xc0,0x00,0x00,0x7f,0xe0,0x00,0x00,0x7f,0xf0,0x00,0x00,0xff,0xf8,0x00,0x00,0xff,0xfc,0x00,0x01,0xff,0xff,0x80,0x01,0xff,0xff,0x00,0x03,0xff,0xff,0x80,0x07,0xff,0xff,0xc0,0x0f,0xff,
	//sprite 78
	0x00,0x00,0x80,0x00,0x01,0xb0,0x20,0x00,0x02,0x01,0xf8,0x00,0x06,0x4d,0xc0,0x00,0x06,0xf5,0xb0,0x00,0x0d,0x77,0xa0,0x00,0x06,0x4d,0xf8,0x00,0x1f,0x5d,0x80,0x00,0x1b,0xe6,0xe0,0x00,0x1e,0x7e,0x60,0x00,0x1c,0xfb,0x70,0x00,0x06,0xd0,0x30,0x00,0x0c,0x59,0x7c,0x00,0x0f,0x65,0xb6,0x00,0x03,0x51,0x11,0x80,0x07,0xab,0x15,0x80,0x01,0xb9,0xfa,0xc0,0x00,0xec,0xa4,0xc0,0x02,0x7f,0x62,0x80,0x13,0xe1,0xda,0x80,0x09,0xfc,0x13,0x80,0x00,0x78,0x25,0x00,0x00,0xfa,0x53,0x00,0x00,0x7b,0x32,0x00,0x00,0x3c,0xc4,0x00,0x00,0xff,0x18,0x00,0x00,0x7a,0x70,0x00,0x00,0x0f,0x80,0x00,
	0x00,0x3f,0x80,0x00,0x01,0xdf,0xe0,0x00,0x03,0xff,0xf8,0x00,0x07,0xb3,0xc0,0x00,0x05,0x4e,0xf0,0x00,0x08,0xb9,0xfe,0x00,0x09,0xf6,0xfa,0x00,0x11,0xa7,0x80,0x00,0x11,0x79,0x81,0x00,0x13,0xd3,0x82,0x00,0x13,0xad,0xf0,0x00,0x09,0xaf,0xd8,0x00,0x0b,0xaf,0x98,0x00,0x0f,0x98,0x7e,0x00,0x03,0xb8,0xff,0x80,0x03,0xd8,0xfb,0x80,0x01,0x77,0x3d,0xc0,0x00,0x9f,0x7b,0xc0,0x00,0x40,0xff,0x80,0x00,0xff,0xf7,0x80,0x01,0xff,0xef,0x80,0x00,0x7f,0xdf,0x00,0x00,0xfd,0xff,0x00,0x00,0x7f,0xfe,0x00,0x00,0x3f,0xfc,0x00,0x00,0xff,0xf8,0x00,0x00,0x7f,0xf0,0x00,0x00,0x0f,0x80,0x00,
	0xff,0xc0,0x7f,0xff,0xfe,0x00,0x1f,0xff,0xfc,0x00,0x07,0xff,0xf8,0x00,0x03,0xff,0xf8,0x00,0x01,0xff,0xf0,0x00,0x00,0x7f,0xf0,0x00,0x00,0x3f,0xe0,0x00,0x00,0x3f,0xc0,0x00,0x00,0x1f,0x80,0x00,0x00,0x1f,0x00,0x00,0x00,0x0f,0x00,0x00,0x00,0x0f,0x00,0x00,0x00,0x0f,0x00,0x00,0x00,0x0f,0x00,0x00,0x00,0x0f,0x00,0x00,0x00,0x0f,0x80,0x00,0x00,0x1f,0x80,0x00,0x00,0x1f,0x80,0x00,0x00,0x1f,0xc0,0x00,0x00,0x7f,0xe0,0x00,0x00,0x7f,0xf0,0x00,0x00,0xff,0xf8,0x00,0x00,0xff,0xfc,0x00,0x01,0xff,0xff,0x80,0x03,0xff,0xff,0x00,0x07,0xff,0xff,0x80,0x0f,0xff,0xff,0xf0,0x7f,0xff,
	//sprite 79
	0x00,0x00,0x00,0x00,0x00,0x00,0x00,0x00,0x00,0x00,0x00,0x00,0x00,0x00,0xe0,0x00,0x00,0x81,0xdc,0x00,0x00,0x02,0x0a,0x00,0x00,0x04,0xc5,0x00,0x00,0x0f,0x10,0x80,0x00,0x0f,0xc5,0x00,0x3e,0x77,0xd0,0x20,0x7e,0x8f,0x34,0x20,0x77,0x5a,0x19,0x80,0xdf,0xd3,0x32,0x50,0x93,0x0c,0x30,0x50,0x86,0xc6,0x2e,0xd0,0x84,0xe7,0x29,0x70,0x80,0x65,0x13,0xf0,0xf6,0xde,0xbf,0xb0,0x86,0x51,0x5f,0xf0,0x6f,0x30,0xac,0x60,0x17,0x89,0x98,0x00,0x26,0x65,0xe0,0x00,0x15,0x8f,0x20,0x00,0x01,0xf2,0x00,0x00,0x01,0x44,0x10,0x00,0x00,0x00,0x00,0x00,0x00,0x00,0x00,0x00,0x00,0x00,0x00,0x00,
	0x00,0x00,0x00,0x00,0x00,0x00,0x00,0x00,0x00,0x00,0x00,0x00,0x00,0x40,0xe0,0x00,0x00,0x31,0xfc,0x00,0x03,0x03,0xfe,0x00,0x06,0x0f,0x3f,0x00,0x04,0x14,0xef,0x80,0x0c,0x0f,0xfb,0xc0,0x3e,0x7f,0xff,0xe0,0x7e,0xb5,0xfb,0xe0,0x7f,0xb7,0xbf,0xe0,0xfe,0xec,0xdd,0xf0,0xfc,0x98,0xcf,0xf0,0xfb,0x78,0xed,0xf0,0xfb,0xa8,0xef,0xf0,0xfe,0xbf,0xef,0xf0,0xaf,0x5b,0x4f,0xf0,0xfb,0xee,0xdf,0xf0,0x53,0xff,0xcc,0x60,0x29,0xff,0x58,0x00,0x39,0xff,0x80,0x00,0x18,0x7f,0x00,0x00,0x06,0x0e,0x00,0x00,0x03,0xbc,0x00,0x00,0x00,0x00,0x00,0x00,0x00,0x00,0x00,0x00,0x00,0x00,0x00,0x00,
	0xff,0xc0,0x7f,0xff,0xfe,0x00,0x1f,0xff,0xfc,0x00,0x07,0xff,0xf8,0x00,0x1f,0xff,0xf8,0x00,0x03,0xff,0xf0,0x00,0x01,0xff,0xf0,0x00,0x00,0xff,0xe0,0x00,0x00,0x7f,0xe0,0x00,0x00,0x3f,0xc0,0x00,0x00,0x1f,0x80,0x00,0x00,0x1f,0x80,0x00,0x00,0x1f,0x00,0x00,0x00,0x0f,0x00,0x00,0x00,0x0f,0x00,0x00,0x00,0x0f,0x00,0x00,0x00,0x0f,0x00,0x00,0x00,0x0f,0x00,0x00,0x00,0x0f,0x00,0x00,0x00,0x0f,0x80,0x00,0x00,0x1f,0xc0,0x00,0x00,0x7f,0xc0,0x00,0x00,0xff,0xe0,0x00,0x00,0xff,0xf8,0x00,0x01,0xff,0xfc,0x00,0x03,0xff,0xff,0x00,0x07,0xff,0xff,0x80,0x0f,0xff,0xff,0xf0,0x7f,0xff,
	//sprite 80
	0x03,0xfe,0x00,0x00,0x06,0x5b,0x80,0x00,0x0c,0x3a,0x40,0x00,0x0d,0x0d,0xe0,0x00,0x3f,0x1d,0x30,0x00,0x4b,0xc6,0x28,0x00,0xb3,0xf7,0xbc,0x00,0xb9,0xff,0xdc,0x00,0xeb,0xdd,0xbf,0x00,0xb7,0xcf,0x3f,0x40,0xf7,0xc7,0x63,0xc0,0x75,0xff,0xe6,0x00,0x2b,0xff,0xc6,0x00,0x0a,0x39,0x2c,0x40,0x1a,0x79,0xd5,0x00,0x1e,0x5f,0xef,0x00,0x1e,0x4f,0xf7,0x00,0x16,0x7f,0xf7,0x80,0x18,0x57,0xfd,0x00,0x2a,0x29,0xdb,0x00,0x3c,0x1f,0xfe,0x00,0x18,0x00,0x7c,0x00,0x00,0x00,0x1c,0x00,0x00,0x00,0x14,0x00,0x00,0x00,0x0c,0x00,0x00,0x00,0x0c,0x00,
	0x03,0xfe,0x00,0x00,0x07,0xff,0x80,0x00,0x0f,0xfd,0xc0,0x00,0x0e,0x7e,0xe0,0x00,0x3f,0xff,0xd0,0x00,0x77,0xff,0xd8,0x00,0xcf,0xff,0xcc,0x00,0xd7,0xff,0xfc,0x00,0x97,0xff,0xbf,0x00,0xff,0xfe,0x3b,0xc0,0xcf,0xff,0x71,0xc0,0x7f,0xef,0xdb,0x80,0x31,0xff,0x8f,0x00,0x10,0x3f,0x87,0x40,0x1e,0x7f,0x8d,0xc0,0x18,0x7f,0xda,0x80,0x1e,0x7f,0xfb,0x80,0x1e,0x4f,0xfd,0x80,0x1e,0x6f,0xff,0x00,0x3e,0x37,0xff,0x00,0x3c,0x1f,0xfe,0x00,0x18,0x00,0x7c,0x00,0x00,0x00,0x1c,0x00,0x00,0x00,0x1c,0x00,0x00,0x00,0x0c,0x00,0x00,0x00,0x0c,0x00,
	0xfc,0x01,0xff,0xff,0xf8,0x00,0x7f,0xff,0xf0,0x00,0x3f,0xff,0xf0,0x00,0x1f,0xff,0xc0,0x00,0x0f,0xff,0x80,0x00,0x07,0xff,0x00,0x00,0x03,0xff,0x00,0x00,0x03,0xff,0x00,0x00,0x40,0xff,0x00,0x00,0xc0,0x3f,0x00,0x00,0x80,0x3f,0x80,0x00,0x00,0x7f,0xc0,0x00,0x00,0xff,0xe1,0xc0,0x00,0xbf,0xe1,0x80,0x00,0x3f,0xe1,0x80,0x00,0x7f,0xe1,0x80,0x00,0x7f,0xe1,0x80,0x00,0x7f,0xe1,0x80,0x00,0xff,0xc1,0xc0,0x00,0xff,0xc3,0xe0,0x01,0xff,0xe7,0xff,0x83,0xff,0xff,0xff,0xe3,0xff,0xff,0xff,0xe3,0xff,0xff,0xff,0xf3,0xff,0xff,0xff,0xf3,0xff,
	//sprite 81
	0x1d,0x80,0x00,0x7d,0xc0,0x00,0xd2,0x70,0x00,0x9f,0x3c,0x00,0xd9,0x7e,0x00,0xf7,0x6e,0x00,0xb3,0x7e,0x00,0x28,0xca,0x00,0x5f,0x9f,0x00,0x37,0x5f,0x80,0x1f,0xcb,0x80,0x01,0xa9,0x80,0x72,0x69,0x80,0x7d,0x76,0x80,0x6b,0xf5,0x00,0x1c,0x7e,0x00,0x07,0xff,0xe0,0x0f,0xfc,0x9e,0x02,0xbb,0x96,0x00,0xfe,0x32,0x00,0x7f,0xea,0x00,0x7f,0x1a,0x00,0x7d,0x3c,0x00,0x16,0x00,0x00,0x1c,0x02,0x00,0x18,0x02,0x00,0x10,0x00,
	0x1d,0x80,0x00,0x7f,0xc0,0x00,0xfd,0xf0,0x00,0xf2,0xfc,0x00,0xb2,0xee,0x00,0x99,0xfe,0x00,0xde,0xfe,0x00,0x6d,0xfe,0x00,0x7f,0xcf,0x00,0x3f,0x8f,0x80,0x1f,0x9d,0x80,0x01,0xdc,0x80,0x43,0xfc,0x80,0x4e,0x29,0x80,0x7c,0x3b,0x00,0x1f,0xf6,0x00,0x0f,0xff,0xe0,0x0f,0xfe,0x7e,0x03,0xdc,0x7a,0x00,0xff,0xfe,0x00,0x7f,0xf6,0x00,0x7f,0x2e,0x00,0x7f,0x3a,0x00,0x1e,0x06,0x00,0x1c,0x06,0x00,0x18,0x02,0x00,0x10,0x00,
	0xe2,0x7f,0xff,0x80,0x3f,0xff,0x00,0x0f,0xff,0x00,0x03,0xff,0x00,0x01,0xff,0x00,0x01,0xff,0x00,0x01,0xff,0x80,0x01,0xff,0x80,0x00,0xff,0xc0,0x00,0x7f,0xe0,0x00,0x7f,0xfe,0x00,0x7f,0x8c,0x00,0x7f,0x80,0x00,0x7f,0x80,0x00,0xff,0xe0,0x01,0xff,0xf0,0x00,0x1f,0xf0,0x00,0x01,0xfc,0x00,0x01,0xff,0x00,0x01,0xff,0x80,0x01,0xff,0x80,0xc1,0xff,0x80,0xc1,0xff,0xe1,0xf9,0xff,0xe3,0xf9,0xff,0xe7,0xfd,0xff,0xef,0xff,
	//sprite 82
	0x00, //alignment byte
	0x07,0xc0,0x01,0xd0,0x0f,0x48,0x0e,0xcc,0x13,0x9c,0x17,0xfc,0x1f,0xb4,0x17,0xfc,0x07,0xb4,0x17,0xee,0x0f,0xd6,0x07,0xea,0x07,0xaa,0x07,0xdc,0x19,0xd8,0x38,0xd0,0x5a,0xf0,0xe8,0xc0,0xf7,0xc0,0xf7,0x80,0xbe,0x00,0x55,0x80,0x3c,0xf0,0x38,0x1c,0x1f,0x1e,0x0f,0xee,0x02,0xa4,0x00,0xcc,0x09,0x34,0x0a,0x18,0x04,0x18,0x08,0x30,0x00,0x30,
	0x07,0xc0,0x0b,0xf0,0x1f,0xb8,0x17,0x3c,0x0e,0x6c,0x1e,0xfc,0x1f,0xcc,0x1f,0xfc,0x1f,0xcc,0x1f,0xc6,0x0f,0xee,0x07,0xfe,0x07,0xde,0x07,0x8c,0x1d,0x38,0x3f,0xf0,0x7f,0x10,0xf1,0x20,0xe0,0xc0,0xfb,0x80,0xde,0x00,0x68,0x80,0x30,0x70,0x3f,0xfc,0x1f,0xfe,0x0f,0xf6,0x0f,0xdc,0x07,0xfc,0x0f,0x2c,0x0e,0x28,0x0c,0x38,0x08,0x30,0x00,0x30,
	0xf8,0x3f,0xf0,0x0f,0xe0,0x07,0xe0,0x03,0xe0,0x03,0xe0,0x03,0xe0,0x03,0xe0,0x03,0xe0,0x03,0xe0,0x01,0xf0,0x01,0xf8,0x01,0xf8,0x01,0xf8,0x03,0xe0,0x07,0xc0,0x0f,0x80,0x0f,0x00,0x1f,0x00,0x3f,0x00,0x7f,0x01,0xff,0x80,0x7f,0xc0,0x0f,0xc0,0x03,0xe0,0x01,0xf0,0x01,0xf0,0x03,0xf8,0x03,0xf0,0xc3,0xf1,0xc7,0xf3,0xc7,0xf7,0xcf,0xff,0xcf,
	//sprite 83
	0x07,0xe0,0x0f,0x38,0x05,0xf4,0x0b,0xb2,0x17,0xd6,0x1b,0xea,0xfc,0x16,0x2b,0x3e,0x7f,0xf2,0x0f,0xfc,0x07,0xfc,0x03,0xb8,0x01,0xb8,0x07,0xb0,0x1b,0xf0,0x2a,0x00,0x57,0xd0,0xdd,0xf0,0xfd,0xe0,0x7f,0xa0,0xf5,0x40,0x4a,0x80,0x67,0x80,0x29,0xc0,0x1d,0xe0,0x3c,0x20,0x3f,0x20,0x0e,0xc0,0x1d,0x90,0x37,0xf0,0x6f,0xd8,0xf0,0xf8,0x01,0xf8,0x02,0xb0,0x04,0x60,0x0f,0x80,
	0x07,0xe0,0x09,0xf8,0x0b,0xfc,0x17,0xde,0x1f,0xea,0x7f,0xfe,0x8f,0xfa,0x5c,0x66,0x7f,0xbe,0x0f,0xfc,0x07,0xfc,0x03,0x78,0x01,0xf8,0x07,0xf0,0x1f,0x10,0x37,0x10,0x6e,0x10,0xfe,0x10,0xfe,0x20,0xfc,0x60,0xf6,0xc0,0x7f,0x80,0x7b,0x80,0x3e,0xc0,0x1e,0x60,0x3e,0x60,0x3e,0x60,0x1f,0x20,0x1f,0xf0,0x3f,0xf0,0x7e,0xf8,0xf1,0x48,0x01,0xf8,0x03,0x70,0x06,0xe0,0x0f,0x80,
	0xf8,0x1f,0xf0,0x07,0xf0,0x03,0xe0,0x01,0xe0,0x01,0x80,0x01,0x00,0x01,0x80,0x01,0x80,0x01,0xf0,0x03,0xf8,0x03,0xfc,0x07,0xfe,0x07,0xf8,0x0f,0xe0,0x0f,0xc0,0x0f,0x80,0x0f,0x00,0x0f,0x00,0x1f,0x00,0x1f,0x08,0x3f,0x80,0x7f,0x80,0x7f,0xc0,0x3f,0xe0,0x1f,0xc0,0x1f,0xc0,0x1f,0xe0,0x1f,0xe0,0x0f,0xc0,0x0f,0x80,0x07,0x0e,0x07,0xfe,0x07,0xfc,0x0f,0xf8,0x1f,0xf0,0x7f,
	//sprite 84
	0x57,0xf0,0xb7,0xf4,0x5d,0xf2,0xf5,0x26,0x19,0xaa,0x1e,0x6e,0x1f,0x68,0x1f,0xd2,0x1b,0xfa,0x0f,0xfc,0x07,0xfc,0x03,0xb8,0x01,0xb8,0x07,0xb0,0x1b,0xf0,0x2a,0x00,0x57,0xd0,0xdd,0xf0,0xfd,0xe0,0x7f,0xa0,0xf5,0x40,0x4a,0x80,0x67,0x80,0x29,0xc0,0x1d,0xe0,0x3c,0x20,0x3f,0x20,0x0e,0xc0,0x1d,0x90,0x37,0xf0,0x6f,0xd8,0xf0,0xf8,0x01,0xf8,0x02,0xb0,0x04,0x60,0x0f,0x80,
	0xb7,0xf0,0x1f,0xfc,0xb3,0xde,0xf8,0xda,0x1e,0xee,0x0f,0xea,0x1f,0xec,0x1f,0xfe,0x1f,0xfe,0x0f,0xfc,0x07,0xfc,0x03,0x78,0x01,0xf8,0x07,0xf0,0x1f,0x10,0x37,0x10,0x6e,0x10,0xfe,0x10,0xfe,0x20,0xfc,0x60,0xf6,0xc0,0x7f,0x80,0x7b,0x80,0x3e,0xc0,0x1e,0x60,0x3e,0x60,0x3e,0x60,0x1f,0x20,0x1f,0xf0,0x3f,0xf0,0x7e,0xf8,0xf1,0x48,0x01,0xf8,0x03,0x70,0x06,0xe0,0x0f,0x80,
	0x08,0x0f,0x00,0x03,0x00,0x01,0x00,0x01,0xe0,0x01,0xe0,0x01,0xe0,0x03,0xe0,0x01,0xe0,0x01,0xf0,0x03,0xf8,0x03,0xfc,0x07,0xfe,0x07,0xf8,0x0f,0xe0,0x0f,0xc0,0x0f,0x80,0x0f,0x00,0x0f,0x00,0x1f,0x00,0x1f,0x08,0x3f,0x80,0x7f,0x80,0x7f,0xc0,0x3f,0xe0,0x1f,0xc0,0x1f,0xc0,0x1f,0xe0,0x1f,0xe0,0x0f,0xc0,0x0f,0x80,0x07,0x0e,0x07,0xfe,0x07,0xfc,0x0f,0xf8,0x1f,0xf0,0x7f,
	//sprite 85
	0x03,0x80,0x07,0x60,0x0f,0x7c,0x13,0xde,0x1f,0xf6,0x73,0xca,0x2f,0xfe,0xfb,0xd0,0x58,0xea,0x1f,0xba,0x0f,0xfc,0x03,0xbc,0x03,0x38,0x03,0x38,0x0e,0x68,0x1d,0x98,0x2e,0x98,0x5f,0x20,0xeb,0x60,0xff,0xc0,0x4f,0x80,0x35,0x00,0x06,0xa0,0x1c,0xdc,0x0f,0xce,0x07,0xf2,0x09,0xda,0x02,0xfe,0x04,0xea,0x05,0x0c,0x0a,0x1c,0x04,0x38,0x00,0x38,
	0x03,0x80,0x07,0xe0,0x09,0xfc,0x1f,0xf6,0x17,0xda,0x7f,0xee,0x5f,0xfa,0x8c,0x3c,0x7f,0x36,0x1f,0xfe,0x0f,0xfc,0x03,0xfc,0x03,0xf8,0x03,0xf8,0x0f,0x98,0x1f,0x08,0x3d,0x08,0x78,0x90,0xf0,0xe0,0xf9,0xc0,0x7f,0x80,0x2e,0x80,0x18,0x60,0x1f,0x3c,0x0f,0xfe,0x07,0xfe,0x0f,0xe6,0x01,0xfe,0x07,0xf6,0x07,0x14,0x0e,0x0c,0x04,0x38,0x00,0x38,
	0xfc,0x7f,0xf8,0x1f,0xf0,0x03,0xe0,0x01,0xe0,0x01,0x80,0x01,0x80,0x01,0x00,0x03,0x80,0x01,0xe0,0x01,0xf0,0x03,0xfc,0x03,0xfc,0x07,0xfc,0x07,0xf0,0x07,0xe0,0x07,0xc0,0x07,0x80,0x0f,0x00,0x1f,0x00,0x3f,0x80,0x7f,0xc0,0x7f,0xe0,0x1f,0xe0,0x03,0xf0,0x01,0xf8,0x01,0xf0,0x01,0xfc,0x01,0xf8,0x01,0xf8,0xe3,0xf1,0xe3,0xfb,0xc7,0xff,0xc7,
	//sprite 86
	0x0b,0xe0,0x11,0xd0,0x07,0x58,0x0e,0xcc,0x17,0x9c,0x16,0xdc,0x1f,0x0c,0x17,0xcc,0x03,0xb4,0x17,0xee,0x0f,0xd6,0x07,0xfa,0x07,0xbe,0x3d,0x4c,0xc1,0xd8,0x7d,0xd8,0xfe,0x58,0xfe,0x98,0xda,0xb0,0x5f,0xc0,0x36,0xe0,0x12,0x5a,0x78,0x7a,0x6f,0xfe,0x3d,0x72,0x1f,0x32,0x1e,0x08,0x90,0x08,0xe0,0x0c,
	0x0f,0xe0,0x1b,0xf0,0x1f,0xb8,0x17,0x3c,0x0a,0x6c,0x1f,0xfc,0x1f,0xfc,0x1f,0xfc,0x1f,0xcc,0x1f,0xc6,0x0f,0xee,0x07,0xfe,0x07,0xce,0x3f,0x9c,0xfd,0x38,0xfe,0xe8,0x7f,0x88,0xfc,0x78,0xfc,0x70,0x7c,0xc0,0x2f,0xe0,0x1c,0x36,0x7f,0xb6,0x5f,0xee,0x3f,0x5e,0x0f,0x76,0x3e,0x04,0xf0,0x0c,0xe0,0x0c,
	0xf0,0x1f,0xe0,0x0f,0xe0,0x07,0xe0,0x03,0xe0,0x03,0xe0,0x03,0xe0,0x03,0xe0,0x03,0xe0,0x03,0xe0,0x01,0xf0,0x01,0xf8,0x01,0xf8,0x01,0xc0,0x03,0x00,0x07,0x00,0x07,0x00,0x07,0x00,0x07,0x00,0x0f,0x80,0x3f,0xc0,0x1f,0xe0,0x01,0x80,0x01,0x80,0x01,0xc0,0x81,0xe0,0x81,0xc1,0xf3,0x0f,0xf3,0x1f,0xf3,
	//sprite 87
	0x07,0xc0,0x1f,0xe0,0x6b,0xf0,0xce,0x38,0xcd,0x9c,0xf8,0xec,0xbe,0x2c,0xa7,0x0c,0x37,0x9c,0x6e,0x5c,0x7b,0xf0,0x48,0x3c,0xf8,0xfc,0xfc,0xcc,0xe5,0xec,0x4f,0x38,0xb7,0x9c,0xcd,0x9c,0xa6,0xbc,0x7f,0xcc,0x93,0x98,0xff,0xf0,
	0x07,0xc0,0x1f,0xe0,0x77,0xf0,0xf7,0xf8,0xfc,0x7c,0xfd,0x1c,0xe9,0xdc,0xdf,0xfc,0x5c,0xfc,0x7f,0x3c,0x7d,0xfc,0x7c,0x74,0xfc,0x7c,0xbf,0xfc,0xbe,0xfc,0x67,0xf8,0xee,0x7c,0xbe,0x8c,0xff,0x0c,0x67,0x3c,0xff,0xf8,0xff,0xf0,
	0xf8,0x3f,0xe0,0x1f,0x80,0x0f,0x00,0x07,0x00,0x03,0x00,0x03,0x00,0x03,0x00,0x03,0x80,0x03,0x80,0x03,0x80,0x03,0x80,0x03,0x00,0x03,0x00,0x03,0x00,0x03,0x80,0x07,0x00,0x03,0x00,0x03,0x00,0x03,0x80,0x03,0x00,0x07,0x00,0x0f,
	//sprite 88
	0x0f,0x80,0x1b,0xf0,0x26,0x38,0x45,0x58,0xcf,0x2c,0xbb,0xec,0xe8,0xa4,0x9f,0x00,0xfc,0xec,0xa6,0x14,0xec,0x1c,0xdd,0x8c,0xfc,0x9c,0x5a,0xec,0x09,0x1c,0x77,0x98,0xff,0xf0,
	0x0f,0x80,0x1f,0xf0,0x3f,0xf8,0x7e,0xb8,0xdc,0x1c,0xfd,0x1c,0x9f,0x5c,0xff,0xfc,0xff,0xfc,0xff,0xfc,0xbe,0xfc,0xbe,0x9c,0xe7,0x0c,0x77,0x1c,0x3f,0xfc,0x6f,0xf8,0xff,0xf0,
	0xf0,0x7f,0xe0,0x0f,0xc0,0x07,0x80,0x07,0x00,0x03,0x00,0x03,0x00,0x03,0x00,0x03,0x00,0x03,0x00,0x03,0x00,0x03,0x00,0x03,0x00,0x03,0x80,0x03,0xc0,0x03,0x80,0x07,0x00,0x0f,
	//sprite 89
	0x07,0xc0,0x0b,0x40,0x2e,0xc0,0x63,0xc8,0xd4,0xec,0xbb,0xdc,0xba,0x64,0xad,0xc4,0x9f,0xc4,0x5d,0xa8,0x7e,0xc8,0x2f,0x10,0x1a,0x60,
	0x07,0xc0,0x1c,0xe0,0x30,0x30,0x60,0x38,0xe0,0x1c,0xcc,0x3c,0xc7,0xdc,0xc3,0x3c,0xe1,0x3c,0x62,0x78,0x73,0xf8,0x3f,0xf0,0x1f,0xe0,
	0xf8,0x3f,0xe0,0x1f,0xc0,0x0f,0x80,0x07,0x00,0x03,0x00,0x03,0x00,0x03,0x00,0x03,0x00,0x03,0x80,0x07,0x80,0x07,0xc0,0x0f,0xe0,0x1f,
	//sprite 90
	0x08,0x40,0x00,0xb0,0x67,0x28,0x57,0xe8,0xdf,0x04,0xb6,0x64,0x95,0xe4,0x9c,0xe4,0xde,0xc4,0x5f,0x48,0x6f,0xa8,0x00,0xd0,0x08,0x40,
	0x0f,0xc0,0x1f,0xf0,0x60,0xf8,0x60,0x78,0xe0,0xfc,0xc1,0x9c,0xeb,0x1c,0xe3,0x1c,0xe1,0x3c,0x60,0xb8,0x70,0xf8,0x1f,0xf0,0x0f,0xc0,
	0xf0,0x3f,0xe0,0x0f,0x80,0x07,0x80,0x07,0x00,0x03,0x00,0x03,0x00,0x03,0x00,0x03,0x00,0x03,0x80,0x07,0x80,0x07,0xe0,0x0f,0xf0,0x3f,
	//sprite 91
	0x07,0xc0,0x02,0x00,0x22,0x80,0x45,0x28,0xd6,0xcc,0xbe,0xc4,0xbe,0x24,0xa5,0x1c,0xaf,0xfc,0x7b,0xe8,0x6f,0xc8,0x33,0x90,0x18,0x60,
	0x07,0xc0,0x1f,0xe0,0x3f,0xf0,0x62,0xf8,0xe1,0x3c,0xc1,0x3c,0xc3,0xdc,0xce,0xfc,0xd0,0x1c,0x60,0x18,0x70,0x38,0x3c,0x70,0x1f,0xe0,
	0xf8,0x3f,0xe0,0x1f,0xc0,0x0f,0x80,0x07,0x00,0x03,0x00,0x03,0x00,0x03,0x00,0x03,0x00,0x03,0x80,0x07,0x80,0x07,0xc0,0x0f,0xe0,0x1f,
	//sprite 92
	0x07,0xc0,0x18,0x60,0x20,0x00,0x63,0x88,0x67,0xe8,0xb3,0x9c,0xdc,0xbc,0xdf,0xfc,0xde,0xfc,0x7c,0x78,0x75,0x28,0x3f,0x90,0x19,0x60,0x07,0xc0,
	0x07,0xc0,0x1f,0xe0,0x3f,0xf0,0x7c,0x78,0x60,0x18,0xe4,0x7c,0xe3,0xcc,0xe1,0x0c,0xe1,0x0c,0x41,0x08,0x60,0x18,0x31,0x70,0x1f,0xe0,0x07,0xc0,
	0xf8,0x3f,0xe0,0x1f,0xc0,0x0f,0x80,0x07,0x80,0x07,0x00,0x03,0x00,0x03,0x00,0x03,0x00,0x03,0x80,0x07,0x80,0x07,0xc0,0x0f,0xe0,0x1f,0xf8,0x3f,
	//sprite 93
	0x07,0xc0,0x01,0x00,0x25,0x00,0x67,0xc8,0xf4,0xfc,0x8d,0xd4,0xb1,0xe4,0xe2,0x7c,0xef,0xd4,0x7f,0xf8,0x5f,0xe8,0x23,0x90,0x18,0x60,
	0x07,0xc0,0x1f,0xe0,0x3f,0xf0,0x61,0x38,0xe3,0x0c,0xf2,0x0c,0xef,0x0c,0xfd,0xc4,0xf0,0x2c,0x60,0x18,0x70,0x18,0x3c,0x70,0x1f,0xe0,
	0xf8,0x3f,0xe0,0x1f,0xc0,0x0f,0x80,0x07,0x00,0x03,0x00,0x03,0x00,0x03,0x00,0x03,0x00,0x03,0x80,0x07,0x80,0x07,0xc0,0x0f,0xe0,0x1f,
	//sprite 94
	0x08,0x40,0x14,0x10,0x67,0xd8,0x77,0xe8,0x8b,0x9c,0xb9,0x9c,0xbc,0x6c,0xbc,0xe4,0x8d,0x9c,0x49,0xe8,0x41,0xd8,0x0c,0x10,0x08,0x40,
	0x0f,0xc0,0x1f,0xf0,0x60,0x38,0x60,0x18,0xf4,0x0c,0xe6,0x04,0xe3,0x9c,0xe3,0x1c,0xf2,0x0c,0x76,0x18,0x7e,0x38,0x1f,0xf0,0x0f,0xc0,
	0xf0,0x3f,0xe0,0x0f,0x80,0x07,0x80,0x07,0x00,0x03,0x00,0x03,0x00,0x03,0x00,0x03,0x00,0x03,0x80,0x07,0x80,0x07,0xe0,0x0f,0xf0,0x3f,
	//sprite 95
	0x07,0xc0,0x0b,0x40,0x2e,0xc0,0x61,0xf8,0x76,0x8c,0xef,0xf4,0xb9,0x44,0xac,0xdc,0x9f,0xf4,0x46,0xf8,0x4d,0xd8,0x23,0xd0,0x19,0x60,
	0x07,0xc0,0x1c,0xe0,0x30,0x30,0x60,0x18,0x60,0x3c,0xf0,0x4c,0xef,0x8c,0xf3,0x04,0xf2,0x0c,0x79,0x08,0x7f,0x38,0x3f,0xf0,0x1f,0xe0,
	0xf8,0x3f,0xe0,0x1f,0xc0,0x0f,0x80,0x07,0x80,0x03,0x00,0x03,0x00,0x03,0x00,0x03,0x00,0x03,0x80,0x07,0x80,0x07,0xc0,0x0f,0xe0,0x1f,
	//sprite 96
	0x07,0xc0,0x1b,0x60,0x2e,0xc0,0x55,0x28,0x60,0x3c,0xd6,0xfc,0xde,0xfc,0xdc,0x0c,0xb3,0x9c,0x77,0xc8,0x6b,0x48,0x27,0x90,0x18,0x60,0x07,0x80,
	0x07,0xc0,0x1d,0xe0,0x31,0x30,0x60,0x18,0x41,0x0c,0xe1,0x0c,0xe1,0x0c,0xe3,0xfc,0xec,0x7c,0x78,0x38,0x7c,0xf8,0x3f,0xf0,0x1f,0xe0,0x07,0x80,
	0xf8,0x3f,0xe0,0x1f,0xc0,0x0f,0x80,0x07,0x80,0x03,0x00,0x03,0x00,0x03,0x00,0x03,0x00,0x03,0x80,0x07,0x80,0x07,0xc0,0x0f,0xe0,0x1f,0xf8,0x7f,
	//sprite 97
	0x00,0xf8,0x00,0x01,0x88,0x00,0x03,0xfc,0x00,0x07,0xf0,0x00,0x06,0xd4,0x00,0x0f,0xe0,0x00,0x0c,0x2c,0x00,0x0d,0x6c,0x00,0x0f,0xa8,0x00,0x0e,0xde,0x00,0x0f,0xfe,0x00,0x07,0xee,0xf0,0x03,0x1f,0x18,0x03,0x7e,0x50,0x01,0x61,0x58,0x00,0x3f,0xf0,0x01,0x49,0x00,0x00,0x0b,0x00,0x00,0x7f,0x00,0x00,0xbb,0x00,0x00,0x3e,0x80,0x01,0x5f,0x80,0x01,0xff,0xc0,0x03,0x1a,0x00,0x04,0x3d,0x80,0x09,0xb7,0x00,0x1b,0x60,0x00,0x19,0xac,0x00,0x37,0x4c,0x00,0x5c,0x68,0x00,0xe4,0xf0,0x00,0xc8,0xac,0x00,0x66,0xe2,0x00,0x2f,0x36,0x80,0x1f,0x1f,0x80,
	0x00,0xf8,0x00,0x01,0xb8,0x00,0x03,0xfc,0x00,0x07,0xfc,0x00,0x07,0x38,0x00,0x0e,0x1c,0x00,0x0e,0x9c,0x00,0x0e,0xbc,0x00,0x0f,0xfc,0x00,0x0f,0x3e,0x00,0x0f,0xfe,0x00,0x0f,0x9f,0xf0,0x03,0x8e,0x78,0x03,0x8b,0x58,0x01,0xff,0xf8,0x01,0xdf,0xf0,0x00,0x3f,0x00,0x01,0x1d,0x00,0x01,0x9d,0x00,0x01,0x1e,0x00,0x00,0x9f,0x80,0x01,0xbf,0x80,0x01,0xff,0xc0,0x03,0xef,0x80,0x07,0xdf,0x80,0x0c,0x7b,0x00,0x1c,0xfe,0x00,0x1f,0xbc,0x00,0x3f,0x7c,0x00,0x7e,0x7c,0x00,0xda,0xfc,0x00,0xf4,0xf4,0x00,0x7e,0xfe,0x00,0x31,0x39,0x80,0x1f,0x1f,0x80,
	0xff,0x07,0xff,0xfe,0x07,0xff,0xfc,0x03,0xff,0xf8,0x03,0xff,0xf8,0x03,0xff,0xf0,0x03,0xff,0xf0,0x03,0xff,0xf0,0x03,0xff,0xf0,0x03,0xff,0xf0,0x01,0xff,0xf0,0x01,0xff,0xf0,0x00,0x0f,0xfc,0x00,0x07,0xfc,0x00,0x07,0xfe,0x00,0x07,0xfe,0x00,0x0f,0xfe,0x00,0xff,0xfe,0x00,0xff,0xfe,0x00,0xff,0xfe,0x00,0xff,0xff,0x00,0x7f,0xfe,0x00,0x7f,0xfe,0x00,0x3f,0xfc,0x00,0x7f,0xf8,0x00,0x7f,0xf0,0x00,0xff,0xe0,0x01,0xff,0xe0,0x43,0xff,0xc0,0x83,0xff,0x81,0x83,0xff,0x01,0x03,0xff,0x03,0x03,0xff,0x81,0x01,0xff,0xc0,0xc0,0x7f,0xe0,0xe0,0x7f,
	//sprite 98
	0x00,0xf0,0x00,0x01,0xc0,0x00,0x03,0xf8,0x00,0x07,0x10,0x00,0x06,0xc4,0x00,0x0d,0xe0,0x00,0x0c,0x2c,0x00,0x0d,0x6c,0x00,0x0f,0xc8,0x00,0x0e,0xfe,0x00,0x03,0x9e,0x00,0x0f,0xfe,0xf0,0x07,0x0f,0x18,0x03,0xff,0x30,0x01,0xf5,0x58,0x00,0xff,0xf0,0x01,0x49,0x00,0x00,0x0b,0x00,0x00,0x7f,0x00,0x00,0xbb,0x00,0x00,0x3e,0x80,0x01,0x5f,0x80,0x01,0x9f,0x00,0x03,0x1e,0x00,0x04,0x39,0x80,0x0b,0xb7,0x00,0x1b,0x60,0x00,0x19,0xac,0x00,0x37,0x4c,0x00,0x5e,0x68,0x00,0xe4,0xf0,0x00,0xc8,0xa4,0x00,0x66,0xe2,0x00,0x2f,0x36,0x80,0x1f,0x1f,0x80,
	0x00,0xf0,0x00,0x01,0xb8,0x00,0x03,0xfc,0x00,0x07,0xfc,0x00,0x07,0x38,0x00,0x0e,0x1c,0x00,0x0e,0x9c,0x00,0x0e,0xbc,0x00,0x0f,0xfc,0x00,0x0f,0x3e,0x00,0x0f,0xfe,0x00,0x0f,0x8f,0xf0,0x07,0x9e,0x78,0x03,0x8a,0x58,0x01,0xff,0xf8,0x01,0x5f,0xf0,0x00,0x3f,0x00,0x01,0x1d,0x00,0x01,0x9d,0x00,0x01,0x1e,0x00,0x00,0x9f,0x80,0x01,0xbf,0x80,0x01,0xff,0x80,0x03,0xef,0x80,0x07,0xdf,0x80,0x0c,0x7b,0x00,0x1c,0xfe,0x00,0x1f,0xbc,0x00,0x3f,0x7c,0x00,0x7e,0x7c,0x00,0xda,0xfc,0x00,0xf4,0xfc,0x00,0x7e,0xfe,0x00,0x31,0x39,0x80,0x1f,0x1f,0x80,
	0xff,0x0f,0xff,0xfe,0x07,0xff,0xfc,0x03,0xff,0xf8,0x03,0xff,0xf8,0x03,0xff,0xf0,0x03,0xff,0xf0,0x03,0xff,0xf0,0x03,0xff,0xf0,0x03,0xff,0xf0,0x01,0xff,0xf0,0x01,0xff,0xf0,0x00,0x0f,0xf8,0x00,0x07,0xfc,0x00,0x07,0xfe,0x00,0x07,0xfe,0x00,0x0f,0xfe,0x00,0xff,0xfe,0x00,0xff,0xfe,0x00,0xff,0xfe,0x00,0xff,0xff,0x00,0x7f,0xfe,0x00,0x7f,0xfe,0x00,0x7f,0xfc,0x00,0x7f,0xf8,0x00,0x7f,0xf0,0x00,0xff,0xe0,0x01,0xff,0xe0,0x43,0xff,0xc0,0x83,0xff,0x81,0x83,0xff,0x01,0x03,0xff,0x03,0x03,0xff,0x81,0x01,0xff,0xc0,0xc0,0x7f,0xe0,0xe0,0x7f,
	//sprite 99
	0x00,0xf8,0x00,0x01,0x80,0x00,0x03,0xf0,0x00,0x07,0x30,0x00,0x07,0xc4,0x00,0x0d,0xe0,0x00,0x0c,0x2c,0x00,0x0d,0x6c,0x00,0x0f,0xc8,0x00,0x0e,0xfe,0x00,0x03,0x9e,0x00,0x0f,0x7e,0xf0,0x03,0x0f,0x18,0x01,0xff,0x30,0x01,0xfd,0x78,0x00,0xff,0xf0,0x01,0x49,0x00,0x00,0x0b,0x00,0x00,0x7f,0x00,0x00,0xbf,0x00,0x00,0x3e,0x80,0x01,0x7f,0x80,0x01,0xdf,0x00,0x03,0x0e,0x00,0x04,0x21,0x80,0x0b,0xb7,0x00,0x1b,0x60,0x00,0x19,0xac,0x00,0x37,0x4c,0x00,0x5e,0x68,0x00,0xe0,0xf0,0x00,0xc8,0xa4,0x00,0x66,0xe2,0x00,0x2f,0x36,0x80,0x1f,0x1f,0x80,
	0x00,0xf8,0x00,0x01,0xf8,0x00,0x03,0xfc,0x00,0x07,0xfc,0x00,0x06,0x38,0x00,0x0e,0x1c,0x00,0x0e,0x9c,0x00,0x0e,0xbc,0x00,0x0f,0xfc,0x00,0x0f,0x1e,0x00,0x0f,0xfe,0x00,0x0f,0x8f,0xf0,0x03,0x9e,0x78,0x01,0x8a,0x58,0x01,0xff,0xf8,0x01,0x5f,0xf0,0x00,0x3f,0x00,0x01,0x1d,0x00,0x01,0x9d,0x00,0x01,0x1e,0x00,0x00,0x9f,0x80,0x01,0x9f,0x80,0x01,0xff,0x80,0x03,0xff,0x80,0x07,0xdf,0x80,0x0c,0x7b,0x00,0x1c,0xfe,0x00,0x1f,0xbc,0x00,0x3f,0x7c,0x00,0x7e,0x7c,0x00,0xde,0xfc,0x00,0xf4,0xfc,0x00,0x7e,0xfe,0x00,0x31,0x39,0x80,0x1f,0x1f,0x80,
	0xff,0x07,0xff,0xfe,0x07,0xff,0xfc,0x03,0xff,0xf8,0x03,0xff,0xf8,0x03,0xff,0xf0,0x03,0xff,0xf0,0x03,0xff,0xf0,0x03,0xff,0xf0,0x03,0xff,0xf0,0x01,0xff,0xf0,0x01,0xff,0xf0,0x00,0x0f,0xfc,0x00,0x07,0xfe,0x00,0x07,0xfe,0x00,0x07,0xfe,0x00,0x0f,0xfe,0x00,0xff,0xfe,0x00,0xff,0xfe,0x00,0xff,0xfe,0x00,0xff,0xff,0x00,0x7f,0xfe,0x00,0x7f,0xfe,0x00,0x7f,0xfc,0x00,0x7f,0xf8,0x00,0x7f,0xf0,0x00,0xff,0xe0,0x01,0xff,0xe0,0x43,0xff,0xc0,0x83,0xff,0x81,0x83,0xff,0x01,0x03,0xff,0x03,0x03,0xff,0x81,0x01,0xff,0xc0,0xc0,0x7f,0xe0,0xe0,0x7f,
	//sprite 100
	0x00,0x50,0x00,0x00,0xf8,0x00,0x00,0x88,0x00,0x00,0xf8,0x00,0x00,0x88,0x00,0x00,0xa8,0x00,0x00,0xa8,0x00,0x00,0xa8,0x00,0x00,0xd8,0x00,0x00,0xfc,0x00,0x03,0xfe,0x00,0x07,0xf9,0x00,0x0e,0xd5,0x80,0x08,0x77,0x80,0x16,0xf5,0x80,0x10,0x2f,0x80,0x10,0x5f,0x00,0x13,0xfe,0x00,0x1c,0xf4,0x00,0x0f,0xfc,0x00,0x0f,0x58,0x00,0x01,0x78,0x00,0x00,0x38,0x00,0x02,0xb4,0x00,0x01,0x50,0x00,0x02,0x3e,0x00,0x00,0xba,0x00,0x03,0xdc,0x00,0x00,0xbf,0x80,0x01,0xbe,0x80,0x01,0x5f,0x80,0x03,0xff,0x80,0x06,0x3b,0x80,0x0e,0x5b,0x00,0x0b,0x6a,0x00,0x14,0xc4,0x00,0x33,0x58,0x00,0x5e,0x7c,0x00,0xfc,0xe8,0x00,0xc4,0xa4,0x00,0x74,0x60,0x00,0x2e,0x2d,0x00,0x1f,0x1f,0x80,
	0x00,0x70,0x00,0x00,0xf8,0x00,0x00,0xd8,0x00,0x00,0xf8,0x00,0x00,0xd8,0x00,0x00,0xd8,0x00,0x00,0xd8,0x00,0x00,0xd8,0x00,0x00,0xf8,0x00,0x00,0xec,0x00,0x03,0xee,0x00,0x07,0xdf,0x00,0x0f,0xcf,0x80,0x0d,0xcf,0x80,0x19,0x4e,0x80,0x1f,0x7f,0x80,0x1f,0xff,0x00,0x1c,0xfe,0x00,0x1f,0xfc,0x00,0x0f,0xfc,0x00,0x0f,0xb8,0x00,0x01,0x98,0x00,0x01,0xf8,0x00,0x03,0x7c,0x00,0x02,0x3c,0x00,0x00,0x1a,0x00,0x02,0x1c,0x00,0x02,0x3f,0x00,0x01,0x1e,0x80,0x01,0x1f,0x80,0x01,0xbf,0x80,0x03,0xff,0x80,0x07,0xde,0x80,0x0c,0xbf,0x00,0x0c,0xf6,0x00,0x1b,0xfc,0x00,0x3f,0x78,0x00,0x7e,0x7c,0x00,0xc2,0xf4,0x00,0xfc,0xfc,0x00,0x6c,0x7c,0x00,0x32,0x33,0x00,0x1f,0x1f,0x80,
	0xff,0x8f,0xff,0xff,0x07,0xff,0xff,0x07,0xff,0xff,0x07,0xff,0xff,0x07,0xff,0xff,0x07,0xff,0xff,0x07,0xff,0xff,0x07,0xff,0xff,0x07,0xff,0xff,0x03,0xff,0xfc,0x01,0xff,0xf8,0x00,0xff,0xf0,0x00,0x7f,0xf0,0x00,0x7f,0xe0,0x00,0x7f,0xe0,0x00,0x7f,0xe0,0x00,0xff,0xe0,0x01,0xff,0xe0,0x03,0xff,0xf0,0x03,0xff,0xf0,0x07,0xff,0xfe,0x07,0xff,0xfe,0x07,0xff,0xfc,0x03,0xff,0xfc,0x03,0xff,0xfc,0x01,0xff,0xfc,0x01,0xff,0xfc,0x00,0xff,0xfe,0x00,0x7f,0xfe,0x00,0x7f,0xfe,0x00,0x7f,0xfc,0x00,0x7f,0xf8,0x00,0x7f,0xf0,0x00,0xff,0xf0,0x01,0xff,0xe0,0x03,0xff,0xc0,0x87,0xff,0x81,0x83,0xff,0x01,0x03,0xff,0x03,0x03,0xff,0x83,0x83,0xff,0xc1,0xc0,0xff,0xe0,0xe0,0x7f,
	//sprite 101
	0x00,0x00,0x03,0x00,0x00,0x00,0x06,0x80,0x00,0x00,0x0d,0xc0,0x00,0x00,0x1b,0xc0,0x00,0x00,0x31,0x80,0x00,0xfc,0xe5,0x00,0x01,0x8e,0x6a,0x00,0x02,0x37,0xf4,0x00,0x06,0xc3,0xb8,0x00,0x0c,0xc5,0x50,0x00,0x0d,0xb7,0x10,0x00,0x0f,0xcf,0xe0,0x00,0x0f,0xc3,0xc0,0x00,0x0e,0x5f,0x00,0x00,0x0a,0x7e,0x00,0x00,0x0a,0xfc,0x00,0x00,0x03,0x58,0x00,0x00,0x07,0x30,0x00,0x00,0x00,0x38,0x00,0x00,0x02,0xb4,0x00,0x00,0x01,0x50,0x00,0x00,0x02,0x3e,0x00,0x00,0x00,0xba,0x00,0x00,0x03,0xdc,0x00,0x00,0x00,0xbf,0x80,0x00,0x01,0xbe,0x80,0x00,0x01,0x5f,0x80,0x00,0x03,0xff,0x80,0x00,0x06,0x3b,0x80,0x00,0x0e,0x5b,0x00,0x00,0x0b,0x6a,0x00,0x00,0x14,0xc4,0x00,0x00,0x33,0x58,0x00,0x00,0x5e,0x7c,0x00,0x00,0xfc,0xe8,0x00,0x00,0xc4,0xa0,0x00,0x00,0x74,0x60,0x00,0x00,0x2e,0x2d,0x00,0x00,0x1f,0x1f,0x80,0x00,
	0x00,0x00,0x03,0x00,0x00,0x00,0x07,0x80,0x00,0x00,0x0f,0x40,0x00,0x00,0x1e,0xc0,0x00,0x00,0x3b,0x80,0x00,0xfd,0xf3,0x00,0x01,0xb7,0xe6,0x00,0x03,0xff,0xbc,0x00,0x07,0xe7,0x18,0x00,0x0f,0xff,0x30,0x00,0x0f,0xcb,0xf0,0x00,0x0f,0xfb,0xe0,0x00,0x0f,0xff,0xc0,0x00,0x0f,0xff,0x00,0x00,0x0f,0xfe,0x00,0x00,0x0f,0xfc,0x00,0x00,0x06,0xf8,0x00,0x00,0x07,0xd0,0x00,0x00,0x01,0xf8,0x00,0x00,0x03,0x7c,0x00,0x00,0x02,0x3c,0x00,0x00,0x00,0x1a,0x00,0x00,0x02,0x1c,0x00,0x00,0x02,0x3f,0x00,0x00,0x01,0x1e,0x80,0x00,0x01,0x1f,0x80,0x00,0x01,0xbf,0x80,0x00,0x03,0xff,0x80,0x00,0x07,0xde,0x80,0x00,0x0c,0xbf,0x00,0x00,0x0c,0xf6,0x00,0x00,0x1b,0xfc,0x00,0x00,0x3f,0x78,0x00,0x00,0x7e,0x7c,0x00,0x00,0xc2,0xf4,0x00,0x00,0xfc,0xf8,0x00,0x00,0x6c,0x7c,0x00,0x00,0x32,0x33,0x00,0x00,0x1f,0x1f,0x80,0x00,
	0xff,0xff,0xfc,0xff,0xff,0xff,0xf8,0x7f,0xff,0xff,0xf0,0x3f,0xff,0xff,0xe0,0x3f,0xff,0xff,0xc0,0x7f,0xff,0x02,0x00,0xff,0xfe,0x00,0x01,0xff,0xfc,0x00,0x03,0xff,0xf8,0x00,0x07,0xff,0xf0,0x00,0x0f,0xff,0xf0,0x00,0x0f,0xff,0xf0,0x00,0x1f,0xff,0xf0,0x00,0x3f,0xff,0xf0,0x00,0xff,0xff,0xf0,0x01,0xff,0xff,0xf0,0x03,0xff,0xff,0xf8,0x07,0xff,0xff,0xf8,0x0f,0xff,0xff,0xfe,0x07,0xff,0xff,0xfc,0x03,0xff,0xff,0xfc,0x03,0xff,0xff,0xfc,0x01,0xff,0xff,0xfc,0x01,0xff,0xff,0xfc,0x00,0xff,0xff,0xfe,0x00,0x7f,0xff,0xfe,0x00,0x7f,0xff,0xfe,0x00,0x7f,0xff,0xfc,0x00,0x7f,0xff,0xf8,0x00,0x7f,0xff,0xf0,0x00,0xff,0xff,0xf0,0x01,0xff,0xff,0xe0,0x03,0xff,0xff,0xc0,0x87,0xff,0xff,0x81,0x83,0xff,0xff,0x01,0x03,0xff,0xff,0x03,0x07,0xff,0xff,0x83,0x83,0xff,0xff,0xc1,0xc0,0xff,0xff,0xe0,0xe0,0x7f,0xff,
	//sprite 102
	0x00,0x78,0x00,0x00,0x01,0xe6,0x00,0x00,0x03,0x29,0x00,0x00,0x07,0x7f,0x00,0x00,0x07,0xef,0x00,0x00,0x07,0xfd,0x00,0x00,0x07,0xdd,0x00,0x00,0x07,0xa3,0xc0,0x00,0x06,0xe9,0x60,0x00,0x06,0xc3,0x20,0x00,0x06,0xed,0x60,0x00,0x07,0xfe,0x70,0x00,0x01,0x7d,0xb8,0x00,0x00,0x3b,0xe4,0x00,0x02,0xb4,0xd2,0x00,0x01,0x50,0x6b,0x00,0x02,0x3e,0x32,0x80,0x00,0xba,0x1f,0xc0,0x03,0xdc,0x0f,0xc0,0x00,0xbf,0x87,0x80,0x01,0xbe,0x83,0x00,0x01,0x5f,0x80,0x00,0x03,0xff,0x80,0x00,0x06,0x3b,0x80,0x00,0x0e,0x5b,0x00,0x00,0x0b,0x6a,0x00,0x00,0x14,0xc4,0x00,0x00,0x33,0x58,0x00,0x00,0x5e,0x7c,0x00,0x00,0xfc,0xe8,0x00,0x00,0xc4,0xa0,0x00,0x00,0x74,0x60,0x00,0x00,0x2e,0x2d,0x00,0x00,0x1f,0x1f,0x80,0x00,
	0x00,0xf8,0x00,0x00,0x02,0xfe,0x00,0x00,0x01,0xf7,0x00,0x00,0x07,0xfd,0x00,0x00,0x07,0xf6,0x00,0x00,0x07,0xc3,0x00,0x00,0x07,0xa3,0x00,0x00,0x07,0xdd,0xc0,0x00,0x07,0xdb,0xe0,0x00,0x07,0xf7,0xa0,0x00,0x07,0xfe,0xe0,0x00,0x06,0xfc,0x30,0x00,0x01,0xbe,0x78,0x00,0x01,0xfb,0xec,0x00,0x03,0x7c,0xe6,0x00,0x02,0x3c,0x73,0x00,0x00,0x1a,0x3f,0x80,0x02,0x1c,0x1d,0xc0,0x02,0x3f,0x0e,0xc0,0x01,0x1e,0x87,0x80,0x01,0x1f,0x83,0x00,0x01,0xbf,0x80,0x00,0x03,0xff,0x80,0x00,0x07,0xde,0x80,0x00,0x0c,0xbf,0x00,0x00,0x0c,0xf6,0x00,0x00,0x1b,0xfc,0x00,0x00,0x3f,0x78,0x00,0x00,0x7e,0x7c,0x00,0x00,0xc2,0xf4,0x00,0x00,0xfc,0xf8,0x00,0x00,0x6c,0x7c,0x00,0x00,0x32,0x33,0x00,0x00,0x1f,0x1f,0x80,0x00,
	0xff,0x07,0xff,0xff,0xfc,0x01,0xff,0xff,0xfc,0x00,0xff,0xff,0xf8,0x00,0xff,0xff,0xf8,0x00,0xff,0xff,0xf8,0x00,0xff,0xff,0xf8,0x00,0xff,0xff,0xf8,0x00,0x3f,0xff,0xf8,0x00,0x1f,0xff,0xf8,0x00,0x1f,0xff,0xf8,0x00,0x1f,0xff,0xf8,0x00,0x0f,0xff,0xfe,0x00,0x07,0xff,0xfe,0x04,0x03,0xff,0xfc,0x03,0x01,0xff,0xfc,0x03,0x80,0xff,0xfc,0x01,0xc0,0x7f,0xfc,0x01,0xe0,0x3f,0xfc,0x00,0xf0,0x3f,0xfe,0x00,0x78,0x7f,0xfe,0x00,0x7c,0xff,0xfe,0x00,0x7f,0xff,0xfc,0x00,0x7f,0xff,0xf8,0x00,0x7f,0xff,0xf0,0x00,0xff,0xff,0xf0,0x01,0xff,0xff,0xe0,0x03,0xff,0xff,0xc0,0x87,0xff,0xff,0x81,0x83,0xff,0xff,0x01,0x03,0xff,0xff,0x03,0x07,0xff,0xff,0x83,0x83,0xff,0xff,0xc1,0xc0,0xff,0xff,0xe0,0xe0,0x7f,0xff,
	//sprite 103
	0x17,0x30,0x00,0x11,0x18,0x00,0x6b,0x8c,0x00,0xea,0x9e,0x00,0xc3,0x90,0x00,0xfe,0xf9,0x00,0x49,0xf2,0x80,0x7e,0xdb,0x40,0x3d,0x77,0xc0,0x3d,0x67,0x80,0x1e,0xfb,0xa0,0x1f,0xf7,0xe0,0x0f,0xec,0x00,0x0d,0x78,0x00,0x03,0xdc,0x00,0x02,0x6f,0x60,0x03,0x71,0xa0,0x00,0x51,0xa0,0x00,0x57,0xe0,0x03,0x9e,0x60,0x02,0x5c,0xc0,0x03,0x49,0x80,0x02,0xea,0x00,0x01,0x37,0x00,0x01,0xfd,0x00,0x03,0x3e,0x00,0x02,0x3e,0x00,0x06,0xb5,0x00,0x05,0x4f,0x00,0x04,0x83,0xc0,0x0c,0x01,0x80,0x0d,0x00,0x00,0x17,0x00,0x00,0x30,0x00,0x00,0x3e,0x00,0x00,0x13,0x00,0x00,0x0a,0x00,0x00,0x05,0x00,0x00,0x03,0x00,0x00,0x03,0x80,0x00,
	0x1f,0xf0,0x00,0x2f,0xf8,0x00,0x51,0xdc,0x00,0xd1,0xfe,0x00,0xfd,0xfa,0x00,0xf9,0x93,0x00,0x77,0xff,0x80,0x7d,0xfe,0xc0,0x38,0xfd,0xa0,0x38,0xf3,0xa0,0x0d,0xe7,0xe0,0x1f,0xcf,0xe0,0x1f,0xfc,0x00,0x0f,0xf8,0x00,0x03,0xfc,0x00,0x03,0xf0,0xe0,0x02,0x3f,0xe0,0x02,0x3f,0xe0,0x02,0x3f,0xe0,0x02,0x7f,0xe0,0x03,0xbf,0xc0,0x02,0x2f,0x80,0x03,0x2e,0x00,0x01,0xfe,0x00,0x01,0xdf,0x00,0x03,0xde,0x00,0x03,0x7c,0x00,0x06,0x7e,0x00,0x06,0xcf,0x80,0x07,0x83,0xc0,0x0f,0x01,0x80,0x0f,0x00,0x00,0x1f,0xc0,0x00,0x3f,0x80,0x00,0x37,0x00,0x00,0x1d,0x00,0x00,0x0d,0x00,0x00,0x06,0x00,0x00,0x02,0x80,0x00,0x03,0x80,0x00,
	0xe0,0x0f,0xff,0xc0,0x07,0xff,0x80,0x03,0xff,0x00,0x01,0xff,0x00,0x01,0xff,0x00,0x00,0xff,0x80,0x00,0x7f,0x80,0x00,0x3f,0xc0,0x00,0x1f,0xc0,0x00,0x1f,0xe0,0x00,0x1f,0xe0,0x00,0x1f,0xe0,0x03,0xff,0xf0,0x07,0xff,0xfc,0x03,0xff,0xfc,0x00,0x1f,0xfc,0x00,0x1f,0xfc,0x00,0x1f,0xfc,0x00,0x1f,0xfc,0x00,0x1f,0xfc,0x00,0x3f,0xfc,0x10,0x7f,0xfc,0x11,0xff,0xfe,0x00,0xff,0xfe,0x00,0xff,0xfc,0x01,0xff,0xfc,0x01,0xff,0xf8,0x00,0xff,0xf8,0x30,0x7f,0xf8,0x7c,0x3f,0xf0,0xfe,0x7f,0xf0,0xff,0xff,0xe0,0x3f,0xff,0xc0,0x7f,0xff,0xc0,0xff,0xff,0xe0,0xff,0xff,0xf0,0xff,0xff,0xf8,0xff,0xff,0xfc,0x7f,0xff,0xfc,0x7f,0xff,
	//sprite 104
	0x0c,0x40,0x00,0x1a,0x20,0x00,0x3f,0xd0,0x00,0x3c,0xf0,0x00,0x33,0x50,0x00,0x7e,0xf0,0x00,0x7e,0xe0,0x00,0x74,0x70,0x00,0x78,0x50,0x00,0x75,0xf0,0x00,0x7c,0xfc,0x00,0x18,0xf7,0xc0,0x1b,0xda,0xa0,0x0e,0x4b,0xe0,0x3d,0xcf,0xa0,0x3a,0xff,0xc0,0x34,0xb0,0x00,0x26,0xd8,0x00,0x39,0x6c,0x00,0x12,0xf2,0x00,0x0d,0xfb,0x00,0x1a,0x7c,0x00,0x35,0x7a,0x00,0x2d,0x4c,0x00,0x29,0x28,0x00,0x66,0x10,0x00,0x5c,0xb0,0x00,0xf0,0x38,0x00,0xf5,0xf8,0x00,0xc1,0x9c,0x00,0xea,0xec,0x00,0x7e,0x7f,0x00,
	0x0f,0xc0,0x00,0x1d,0xe0,0x00,0x3f,0xf0,0x00,0x3b,0xd0,0x00,0x38,0xb0,0x00,0x70,0x70,0x00,0x71,0x60,0x00,0x7b,0xf0,0x00,0x7f,0xf0,0x00,0x7b,0xf0,0x00,0x5f,0xfc,0x00,0x1c,0x7b,0xc0,0x1c,0x71,0xe0,0x0f,0xfe,0xa0,0x3e,0xff,0xe0,0x37,0xff,0xc0,0x23,0xd0,0x00,0x31,0xe8,0x00,0x34,0xf4,0x00,0x1c,0x7e,0x00,0x0f,0xff,0x00,0x1f,0xfe,0x00,0x32,0xfe,0x00,0x33,0xfc,0x00,0x37,0x58,0x00,0x7e,0x70,0x00,0x7c,0xf0,0x00,0xbc,0xf0,0x00,0xad,0x68,0x00,0xf9,0xec,0x00,0xf6,0xf2,0x00,0x7e,0x7f,0x00,
	0xf0,0x3f,0xff,0xe0,0x1f,0xff,0xc0,0x0f,0xff,0xc0,0x0f,0xff,0xc0,0x0f,0xff,0x80,0x0f,0xff,0x80,0x1f,0xff,0x80,0x0f,0xff,0x80,0x0f,0xff,0x80,0x0f,0xff,0x80,0x03,0xff,0xe0,0x00,0x3f,0xe0,0x00,0x1f,0xf0,0x00,0x1f,0xc0,0x00,0x1f,0xc0,0x00,0x3f,0xc0,0x0f,0xff,0xc0,0x07,0xff,0xc0,0x03,0xff,0xe0,0x01,0xff,0xf0,0x00,0xff,0xe0,0x01,0xff,0xc0,0x01,0xff,0xc0,0x03,0xff,0xc0,0x87,0xff,0x81,0x8f,0xff,0x83,0x0f,0xff,0x03,0x07,0xff,0x02,0x07,0xff,0x06,0x03,0xff,0x01,0x01,0xff,0x81,0x80,0xff,
	//sprite 105
	0x07,0x80,0x00,0x16,0x40,0x00,0x3f,0xa0,0x00,0x77,0xe0,0x00,0x7f,0xe0,0x00,0xfd,0x80,0x00,0xff,0xe0,0x00,0xe8,0xc0,0x00,0xfa,0xa0,0x00,0xeb,0xe0,0x00,0xbe,0xf8,0x00,0xfc,0xf7,0x80,0x31,0xf7,0xc0,0x13,0x8f,0xc0,0x17,0x9d,0x40,0x29,0xff,0x80,0x33,0xff,0x00,0x31,0xe6,0x00,0x3d,0x6c,0x00,0x7a,0xe8,0x00,0xff,0x7c,0x00,0x2a,0xf0,0x00,0x39,0x20,0x00,0xdf,0x74,0x00,0x5b,0xf4,0x00,0x7f,0xfe,0x00,
	0x07,0x80,0x00,0x19,0xc0,0x00,0x3f,0xe0,0x00,0x7f,0xa0,0x00,0x71,0x20,0x00,0xe0,0xc0,0x00,0xe0,0xe0,0x00,0xf7,0xc0,0x00,0xff,0xe0,0x00,0xf1,0xe0,0x00,0xff,0xf8,0x00,0xf9,0xff,0x80,0x38,0xe3,0xc0,0x1c,0xf5,0x40,0x1f,0xff,0xc0,0x37,0xff,0x80,0x21,0xff,0x00,0x22,0xfe,0x00,0x32,0xfc,0x00,0x7c,0x78,0x00,0xfe,0xfc,0x00,0x5f,0xfc,0x00,0x7f,0xf8,0x00,0xff,0xfc,0x00,0x77,0xfa,0x00,0x7f,0xfe,0x00,
	0xf8,0x7f,0xff,0xe0,0x3f,0xff,0xc0,0x1f,0xff,0x80,0x1f,0xff,0x80,0x1f,0xff,0x00,0x3f,0xff,0x00,0x1f,0xff,0x00,0x3f,0xff,0x00,0x1f,0xff,0x00,0x1f,0xff,0x00,0x07,0xff,0x00,0x00,0x7f,0xc0,0x00,0x3f,0xe0,0x00,0x3f,0xe0,0x00,0x3f,0xc0,0x00,0x7f,0xc0,0x00,0xff,0xc0,0x01,0xff,0xc0,0x03,0xff,0x80,0x07,0xff,0x00,0x03,0xff,0x80,0x03,0xff,0x80,0x07,0xff,0x00,0x03,0xff,0x80,0x01,0xff,0x80,0x01,0xff,
	//sprite 106
	0x07,0x80,0x00,0x12,0x40,0x00,0x3f,0xa0,0x00,0x71,0xa0,0x00,0x7f,0xa0,0x00,0xfd,0x80,0x00,0xff,0xe0,0x00,0xe0,0xe0,0x00,0xfc,0xa0,0x00,0xe9,0xe0,0x00,0xf8,0xf8,0x00,0x7d,0xf7,0x80,0x31,0xf1,0xc0,0x0b,0x8b,0xc0,0x17,0x9d,0xc0,0x2d,0xff,0x80,0x33,0xff,0x00,0x31,0xe6,0x00,0x3d,0x6c,0x00,0x7a,0xe8,0x00,0xff,0x7c,0x00,0x2a,0xf0,0x00,0x39,0x20,0x00,0xdf,0x74,0x00,0x5b,0xf4,0x00,0x7f,0xfe,0x00,
	0x07,0x80,0x00,0x1d,0xc0,0x00,0x3f,0xe0,0x00,0x7f,0xe0,0x00,0x71,0x60,0x00,0xe0,0xc0,0x00,0xe0,0xe0,0x00,0xff,0xe0,0x00,0xff,0xe0,0x00,0xf3,0xe0,0x00,0xbf,0xf8,0x00,0x78,0xff,0x80,0x38,0xe7,0xc0,0x1c,0xf5,0x40,0x1f,0xff,0xc0,0x37,0xff,0x80,0x21,0xff,0x00,0x22,0xfe,0x00,0x32,0xfc,0x00,0x7c,0x78,0x00,0xfe,0xfc,0x00,0x5f,0xfc,0x00,0x7f,0xf8,0x00,0xff,0xfc,0x00,0x77,0xfa,0x00,0x7f,0xfe,0x00,
	0xf8,0x7f,0xff,0xe0,0x3f,0xff,0xc0,0x1f,0xff,0x80,0x1f,0xff,0x80,0x1f,0xff,0x00,0x3f,0xff,0x00,0x1f,0xff,0x00,0x1f,0xff,0x00,0x1f,0xff,0x00,0x1f,0xff,0x00,0x07,0xff,0x80,0x00,0x7f,0xc0,0x00,0x3f,0xe0,0x00,0x3f,0xe0,0x00,0x3f,0xc0,0x00,0x7f,0xc0,0x00,0xff,0xc0,0x01,0xff,0xc0,0x03,0xff,0x80,0x07,0xff,0x00,0x03,0xff,0x80,0x03,0xff,0x80,0x07,0xff,0x00,0x03,0xff,0x80,0x01,0xff,0x80,0x01,0xff,
	//sprite 107
	0x07,0x80,0x00,0x10,0x40,0x00,0x3f,0xa0,0x00,0x73,0x20,0x00,0x6f,0xa0,0x00,0xfd,0xa0,0x00,0xff,0xe0,0x00,0xe2,0xe0,0x00,0xfd,0xa0,0x00,0xa9,0xe0,0x00,0xfc,0xf8,0x00,0xf5,0xf7,0x80,0x31,0xf1,0xc0,0x0b,0x8b,0xc0,0x17,0xdf,0x40,0x2c,0xff,0x80,0x33,0xff,0x00,0x31,0xe6,0x00,0x3d,0x6c,0x00,0x7a,0xe8,0x00,0xff,0x7c,0x00,0x2a,0xf0,0x00,0x39,0x20,0x00,0xdf,0x74,0x00,0x5b,0xf4,0x00,0x7f,0xfe,0x00,
	0x07,0x80,0x00,0x1f,0xc0,0x00,0x3f,0xe0,0x00,0x7f,0xe0,0x00,0x71,0x60,0x00,0xe0,0xe0,0x00,0xe0,0xe0,0x00,0xff,0xe0,0x00,0xfe,0xe0,0x00,0xf1,0xe0,0x00,0xbf,0xf8,0x00,0xf8,0xff,0x80,0x38,0xe7,0xc0,0x1c,0xf5,0x40,0x1f,0xff,0xc0,0x37,0xff,0x80,0x21,0xff,0x00,0x22,0xfe,0x00,0x32,0xfc,0x00,0x7c,0x78,0x00,0xfe,0xfc,0x00,0x5f,0xfc,0x00,0x7f,0xf8,0x00,0xff,0xfc,0x00,0x77,0xfa,0x00,0x7f,0xfe,0x00,
	0xf8,0x7f,0xff,0xe0,0x3f,0xff,0xc0,0x1f,0xff,0x80,0x1f,0xff,0x80,0x1f,0xff,0x00,0x1f,0xff,0x00,0x1f,0xff,0x00,0x1f,0xff,0x00,0x1f,0xff,0x00,0x1f,0xff,0x00,0x07,0xff,0x00,0x00,0x7f,0xc0,0x00,0x3f,0xe0,0x00,0x3f,0xe0,0x00,0x3f,0xc0,0x00,0x7f,0xc0,0x00,0xff,0xc0,0x01,0xff,0xc0,0x03,0xff,0x80,0x07,0xff,0x00,0x03,0xff,0x80,0x03,0xff,0x80,0x07,0xff,0x00,0x03,0xff,0x80,0x01,0xff,0x80,0x01,0xff,
	//sprite 108
	0x03,0x80,0x07,0x40,0x07,0xc0,0x05,0x40,0x06,0xc0,0x05,0x40,0x05,0x40,0x05,0x40,0x05,0x40,0x07,0xc0,0x0d,0xe0,0x1f,0x50,0x3f,0x08,0x76,0xbc,0xcb,0xa4,0xb6,0xb4,0x89,0x7c,0x8a,0xf8,0xd7,0xe0,0x7f,0x20,0x5d,0xe0,0x68,0xc0,0x18,0xbe,0x13,0xb8,0x2d,0x9e,0x33,0xfc,0x31,0xe6,0x3d,0x6c,0x7a,0xe8,0xff,0x7c,0x2a,0xf0,0x39,0x20,0xdf,0x74,0x5b,0xf4,0x7f,0xfe,
	0x03,0x80,0x06,0xc0,0x07,0xc0,0x06,0xc0,0x07,0xc0,0x06,0xc0,0x06,0xc0,0x06,0xc0,0x06,0xc0,0x07,0xc0,0x0f,0x60,0x1f,0xf0,0x3e,0xf8,0x7e,0x7c,0xee,0x7c,0xcb,0x7c,0xfb,0xfc,0xf7,0xf8,0xef,0xe0,0x7f,0xe0,0x7f,0xe0,0x6f,0xc0,0x1f,0xce,0x1f,0xfe,0x33,0xfe,0x21,0xfc,0x22,0xfe,0x32,0xfc,0x7c,0x78,0xfe,0xfc,0x5f,0xfc,0x7f,0xf8,0xff,0xfc,0x77,0xfa,0x7f,0xfe,
	0xfc,0x7f,0xf8,0x3f,0xf8,0x3f,0xf8,0x3f,0xf8,0x3f,0xf8,0x3f,0xf8,0x3f,0xf8,0x3f,0xf8,0x3f,0xf8,0x3f,0xf0,0x1f,0xe0,0x0f,0xc0,0x07,0x80,0x03,0x00,0x03,0x00,0x03,0x00,0x03,0x00,0x07,0x00,0x1f,0x80,0x1f,0x80,0x1f,0x90,0x3f,0xe0,0x01,0xe0,0x01,0xc0,0x01,0xc0,0x03,0xc0,0x01,0xc0,0x03,0x80,0x07,0x00,0x03,0x80,0x03,0x80,0x07,0x00,0x03,0x80,0x01,0x80,0x01,
	//sprite 109
	0x00,0x00,0x18,0x00,0x00,0x30,0x00,0x00,0x66,0x00,0x00,0xf6,0x00,0x01,0xcc,0x0f,0x6f,0x98,0x18,0x73,0x30,0x13,0x3e,0xe0,0x3f,0x09,0xc0,0x66,0x2e,0x80,0x6d,0xb9,0x80,0x7e,0x3f,0x00,0x7e,0x1e,0x00,0x52,0x78,0x00,0x71,0xf0,0x00,0x5b,0xe0,0x00,0x32,0xc0,0x00,0x38,0xbe,0x00,0x13,0xf8,0x00,0x2d,0x9e,0x00,0x33,0xfc,0x00,0x31,0xe6,0x00,0x3d,0x6c,0x00,0x7a,0xe8,0x00,0xff,0x7c,0x00,0x2a,0xf0,0x00,0x39,0x20,0x00,0xdf,0x74,0x00,0x5b,0xf4,0x00,0x7f,0xfe,0x00,
	0x00,0x00,0x18,0x00,0x00,0x3c,0x00,0x00,0x7a,0x00,0x00,0xde,0x00,0x01,0x9c,0x0f,0xe7,0x38,0x1d,0xbf,0x70,0x1f,0xfd,0xe0,0x3e,0x38,0xc0,0x7f,0xf9,0x80,0x7e,0x5f,0x80,0x7f,0xdf,0x00,0x7f,0xfe,0x00,0x7f,0xf8,0x00,0x7f,0xf0,0x00,0x77,0xe0,0x00,0x3f,0xc0,0x00,0x3f,0xce,0x00,0x1f,0xfe,0x00,0x33,0xfe,0x00,0x21,0xfc,0x00,0x22,0xfe,0x00,0x32,0xfc,0x00,0x7c,0x78,0x00,0xfe,0xfc,0x00,0x5f,0xfc,0x00,0x7f,0xf8,0x00,0xff,0xfc,0x00,0x77,0xfa,0x00,0x7f,0xfe,0x00,
	0xff,0xff,0xe7,0xff,0xff,0xc3,0xff,0xff,0x81,0xff,0xff,0x01,0xff,0xfe,0x03,0xf0,0x10,0x07,0xe0,0x00,0x0f,0xe0,0x00,0x1f,0xc0,0x00,0x3f,0x80,0x00,0x7f,0x80,0x00,0x7f,0x80,0x00,0xff,0x80,0x01,0xff,0x80,0x07,0xff,0x80,0x0f,0xff,0x80,0x1f,0xff,0xc0,0x3f,0xff,0xc0,0x01,0xff,0xe0,0x01,0xff,0xc0,0x01,0xff,0xc0,0x03,0xff,0xc0,0x01,0xff,0xc0,0x03,0xff,0x80,0x07,0xff,0x00,0x03,0xff,0x80,0x03,0xff,0x80,0x07,0xff,0x00,0x03,0xff,0x80,0x01,0xff,0x80,0x01,0xff,
	//sprite 110
	0x0b,0xe0,0x00,0x0f,0x50,0x00,0x29,0x48,0x00,0x3f,0xf0,0x00,0x3e,0x58,0x00,0x3d,0xc8,0x00,0x3e,0x48,0x00,0x35,0x9e,0x00,0x37,0x99,0x00,0x3f,0x37,0x00,0x1f,0x63,0x80,0x27,0xfb,0xc0,0x1b,0xef,0xe0,0x13,0x9e,0x30,0x2d,0x9e,0x98,0x33,0xfd,0x5c,0x31,0xe4,0xb6,0x3d,0x6c,0x7e,0x7a,0xe8,0x3c,0xff,0x7c,0x18,0x2a,0xf0,0x00,0x39,0x20,0x00,0xdf,0x74,0x00,0x5b,0xf4,0x00,0x7f,0xfe,0x00,
	0x0f,0xe0,0x00,0x17,0xb0,0x00,0x3f,0xb8,0x00,0x3f,0xe8,0x00,0x3f,0xb0,0x00,0x3e,0x18,0x00,0x3d,0xb8,0x00,0x3e,0x6e,0x00,0x3e,0xdf,0x00,0x3f,0xbd,0x00,0x37,0xf7,0x80,0x2f,0xe1,0xc0,0x1d,0xf3,0xe0,0x1f,0xff,0x70,0x33,0xff,0x38,0x21,0xfd,0x9c,0x22,0xfc,0xfe,0x32,0xfc,0x6e,0x7c,0x78,0x34,0xfe,0xfc,0x18,0x5f,0xfc,0x00,0x7f,0xf8,0x00,0xff,0xfc,0x00,0x77,0xfa,0x00,0x7f,0xfe,0x00,
	0xf0,0x1f,0xff,0xe0,0x0f,0xff,0xc0,0x07,0xff,0xc0,0x07,0xff,0xc0,0x07,0xff,0xc0,0x07,0xff,0xc0,0x07,0xff,0xc0,0x01,0xff,0xc0,0x00,0xff,0xc0,0x00,0xff,0xc0,0x00,0x7f,0xd0,0x00,0x3f,0xe0,0x00,0x1f,0xe0,0x00,0x0f,0xc0,0x00,0x07,0xc0,0x02,0x03,0xc0,0x03,0x01,0xc0,0x03,0x81,0x80,0x07,0xc3,0x00,0x03,0xe7,0x80,0x03,0xff,0x80,0x07,0xff,0x00,0x03,0xff,0x80,0x01,0xff,0x80,0x01,0xff,
	//sprite 111
	0x00, //alignment byte
	0x09,0xc0,0x0a,0xe0,0x0c,0xf0,0x0c,0x30,0x0b,0xf8,0x77,0xd8,0x6f,0x50,0x4f,0xa8,0x7f,0x18,0x8f,0x38,0xcf,0x68,0x8b,0x98,0x85,0xc0,0x04,0x80,0x09,0x00,0x09,0x00,0x1e,0x00,0x36,0x00,0x18,0x00,0x09,0x40,0x07,0xc0,
	0x0f,0xc0,0x0d,0xe0,0x08,0x70,0x08,0xf0,0x0c,0x38,0x77,0x08,0x5f,0x88,0x7f,0xd8,0x58,0xf8,0xde,0x38,0xb7,0x90,0xcb,0xf8,0xc7,0xc0,0x07,0x80,0x0f,0x00,0x0f,0x00,0x1f,0x80,0x3d,0x00,0x1e,0x00,0x0e,0xc0,0x07,0xc0,
	0xf0,0x3f,0xf0,0x1f,0xf0,0x0f,0xf0,0x0f,0xf0,0x07,0x88,0x07,0x80,0x07,0x80,0x07,0x80,0x07,0x00,0x07,0x00,0x07,0x34,0x07,0x38,0x3f,0xf8,0x7f,0xf0,0xff,0xf0,0xff,0xe0,0x7f,0xc0,0xff,0xe1,0xff,0xf0,0x3f,0xf8,0x3f,
	//sprite 112
	0x03,0x90,0x00,0x02,0xc8,0x00,0x07,0x24,0x00,0x06,0xbc,0x00,0x06,0x56,0x00,0x05,0xff,0xc0,0x07,0xfd,0x60,0x0f,0xf1,0xc0,0x0f,0xff,0x80,0x17,0x5e,0x00,0x13,0x50,0x00,0x1f,0xd8,0x00,0x15,0x20,0x00,0x36,0xe0,0x00,0x3c,0x80,0x00,0x7c,0x40,0x00,0xca,0x00,0x00,0x64,0x00,0x00,0x30,0x00,0x00,0x12,0x00,0x00,0x0e,0x00,0x00,
	0x03,0xf0,0x00,0x03,0x38,0x00,0x06,0x1c,0x00,0x07,0x12,0x00,0x07,0xa1,0x00,0x07,0xf3,0xc0,0x07,0xff,0xa0,0x0f,0xf8,0xc0,0x0f,0xe1,0x80,0x1b,0xfe,0x00,0x1e,0xe8,0x00,0x17,0xf8,0x00,0x1d,0xe0,0x00,0x3e,0xa0,0x00,0x3c,0xe0,0x00,0x5e,0x60,0x00,0xfe,0x00,0x00,0x7c,0x00,0x00,0x3c,0x00,0x00,0x1e,0x00,0x00,0x0e,0x00,0x00,
	0xfc,0x0f,0xff,0xfc,0x07,0xff,0xf8,0x03,0xff,0xf8,0x01,0xff,0xf8,0x00,0xff,0xf8,0x00,0x3f,0xf8,0x00,0x1f,0xf0,0x00,0x3f,0xf0,0x00,0x7f,0xe0,0x01,0xff,0xe0,0x07,0xff,0xe0,0x07,0xff,0xe2,0x1f,0xff,0xc1,0x1f,0xff,0xc3,0x1f,0xff,0x81,0x9f,0xff,0x01,0xff,0xff,0x83,0xff,0xff,0xc3,0xff,0xff,0xe1,0xff,0xff,0xf1,0xff,0xff,
	//sprite 113
	0x00,0x7e,0x00,0x00,0xd9,0x00,0x00,0xe7,0xc0,0x00,0xe1,0xe0,0x00,0xca,0x58,0x01,0x71,0x94,0x01,0x5f,0xf4,0x03,0x91,0x28,0x07,0xe1,0x50,0x07,0xc0,0xa0,0x09,0xc3,0xc0,0x0f,0x07,0x60,0x12,0x0c,0x60,0x3c,0x07,0x40,0x1a,0x02,0xa0,0xd4,0x01,0xd0,0xd4,0x00,0xd0,0x6c,0x00,0x00,0x34,0x00,0x00,0x15,0x00,0x00,0x1d,0x00,0x00,
	0x00,0x7e,0x00,0x00,0xe7,0x00,0x00,0xc2,0xc0,0x00,0xc2,0x20,0x00,0xf4,0x38,0x01,0xfe,0x7c,0x01,0xff,0xfc,0x03,0xf1,0x98,0x07,0xe1,0x30,0x05,0xe1,0x60,0x0f,0xc3,0xc0,0x0f,0x07,0xa0,0x1e,0x0f,0xe0,0x3c,0x05,0xc0,0x3e,0x03,0x60,0xfa,0x01,0xb0,0xec,0x00,0xf0,0x74,0x00,0x00,0x3c,0x00,0x00,0x1b,0x00,0x00,0x1f,0x00,0x00,
	0xff,0x81,0xff,0xff,0x00,0xff,0xff,0x00,0x3f,0xff,0x00,0x1f,0xff,0x00,0x07,0xfe,0x00,0x03,0xfe,0x00,0x03,0xfc,0x0e,0x07,0xf8,0x1e,0x0f,0xf8,0x1e,0x1f,0xf0,0x3c,0x3f,0xf0,0xf8,0x1f,0xe1,0xf0,0x1f,0xc3,0xf8,0x3f,0xc1,0xfc,0x1f,0x01,0xfe,0x0f,0x03,0xff,0x0f,0x83,0xff,0xff,0xc3,0xff,0xff,0xe0,0xff,0xff,0xe0,0xff,0xff,
	//sprite 114
	0x00,0x1f,0x80,0x00,0x00,0x1f,0x80,0x00,0x00,0x3a,0x80,0x00,0x00,0x21,0xc0,0x00,0x00,0x2b,0x20,0x00,0x00,0x35,0x50,0x00,0x00,0x4d,0x90,0x00,0x00,0xb7,0x50,0x00,0x07,0xe5,0xf0,0x00,0xfd,0x68,0x6c,0x00,0xb5,0x70,0x5c,0x00,0xbf,0x90,0x64,0x00,0xc7,0xd0,0x1c,0x00,0x9c,0x00,0x32,0x00,0x80,0x00,0x2a,0x00,0xe0,0x00,0x17,0x00,0x80,0x00,0x1b,0x00,0xc0,0x00,0x0d,0x80,0x00,0x00,0x0c,0xe0,0x00,0x00,0x0a,0xf0,0x00,0x00,0x07,0xc0,0x00,0x00,0x06,0x00,
	0x00,0x1f,0x80,0x00,0x00,0x1f,0x80,0x00,0x00,0x31,0x80,0x00,0x00,0x30,0xc0,0x00,0x00,0x30,0xe0,0x00,0x00,0x3a,0x30,0x00,0x00,0x7e,0x38,0x00,0x00,0xff,0xbc,0x00,0x07,0xfd,0xfc,0x00,0xfe,0xf8,0x7c,0x00,0xfb,0xf0,0x64,0x00,0xff,0xf0,0x44,0x00,0xff,0xf0,0x24,0x00,0xec,0x00,0x26,0x00,0xe0,0x00,0x36,0x00,0xa0,0x00,0x1b,0x00,0xc0,0x00,0x1e,0x00,0xc0,0x00,0x0e,0x80,0x00,0x00,0x0f,0x10,0x00,0x00,0x05,0xf0,0x00,0x00,0x0f,0xc0,0x00,0x00,0x06,0x00,
	0xff,0xe0,0x7f,0xff,0xff,0xe0,0x7f,0xff,0xff,0xc0,0x7f,0xff,0xff,0xc0,0x3f,0xff,0xff,0xc0,0x1f,0xff,0xff,0xc0,0x0f,0xff,0xff,0x80,0x07,0xff,0xff,0x00,0x03,0xff,0xf8,0x02,0x03,0xff,0x00,0x07,0x83,0xff,0x00,0x0f,0x83,0xff,0x00,0x0f,0x83,0xff,0x00,0x0f,0xc3,0xff,0x03,0xff,0xc1,0xff,0x1f,0xff,0xc1,0xff,0x1f,0xff,0xe0,0xff,0x3f,0xff,0xe0,0xff,0x3f,0xff,0xf0,0x7f,0xff,0xff,0xf0,0x0f,0xff,0xff,0xf0,0x0f,0xff,0xff,0xf0,0x3f,0xff,0xff,0xf9,0xff,
	//sprite 115
	0x00,0x3f,0x00,0x00,0x00,0x7b,0x00,0x00,0x18,0x65,0x00,0x00,0x34,0x43,0x00,0x00,0x24,0x74,0x80,0x00,0xee,0xeb,0x40,0x00,0x99,0xbb,0x80,0x00,0xae,0xed,0xe0,0x00,0xdc,0xc3,0x40,0x00,0xc6,0x61,0xa0,0x00,0x02,0xe1,0x40,0x00,0x00,0xc0,0x80,0x00,0x01,0xa1,0x80,0x00,0x00,0x00,0x60,0x00,0x00,0x00,0xb0,0x00,0x00,0x00,0xdc,0x00,0x00,0x00,0x40,0x00,0x00,0x00,0x7a,0x00,0x00,0x00,0x6f,0x40,0x00,0x00,0x4f,0xc0,0x00,0x00,0x7a,0x00,
	0x00,0x3f,0x00,0x00,0x00,0x67,0x00,0x00,0x18,0x43,0x00,0x00,0x3c,0x61,0x00,0x00,0x3c,0x63,0x80,0x00,0xfe,0xf4,0xc0,0x00,0xef,0xfc,0x60,0x00,0xff,0xfe,0x40,0x00,0xdf,0xf3,0xe0,0x00,0xc7,0xe1,0xe0,0x00,0x03,0xe1,0xa0,0x00,0x01,0xc1,0x20,0x00,0x01,0xe1,0x20,0x00,0x00,0x00,0x80,0x00,0x00,0x00,0xd0,0x00,0x00,0x00,0xfc,0x00,0x00,0x00,0x7c,0x00,0x00,0x00,0x7e,0x00,0x00,0x00,0x50,0xc0,0x00,0x00,0x7f,0xc0,0x00,0x00,0x7a,0x00,
	0xff,0xc0,0xff,0xff,0xff,0x80,0xff,0xff,0xe7,0x80,0xff,0xff,0xc3,0x80,0xff,0xff,0xc3,0x80,0x7f,0xff,0x01,0x00,0x3f,0xff,0x00,0x00,0x1f,0xff,0x00,0x00,0x1f,0xff,0x20,0x0c,0x1f,0xff,0x38,0x1e,0x1f,0xff,0xfc,0x1e,0x1f,0xff,0xfe,0x3e,0x1f,0xff,0xfe,0x1e,0x1f,0xff,0xff,0xff,0x1f,0xff,0xff,0xff,0x0f,0xff,0xff,0xff,0x03,0xff,0xff,0xff,0x83,0xff,0xff,0xff,0x81,0xff,0xff,0xff,0x80,0x3f,0xff,0xff,0x80,0x3f,0xff,0xff,0x85,0xff,
	//sprite 116
	0x0f,0x00,0x11,0x80,0x34,0x80,0x38,0xc0,0x19,0xc0,0x17,0xe0,0x6e,0xe0,0x5c,0x60,0x7f,0xb0,0x77,0x70,0xa6,0xf0,0x91,0x90,0xe4,0xe0,0x81,0x00,0xcb,0x00,0x1a,0x00,0x3f,0x00,0x74,0x00,0x20,0x00,0x12,0x00,0x0b,0x80,0x07,0x80,
	0x0f,0x00,0x1f,0x80,0x3b,0x80,0x31,0xc0,0x10,0xc0,0x18,0x60,0x6c,0x60,0x7e,0x20,0x7e,0x70,0x7f,0xe0,0xdf,0xe0,0xfa,0x70,0xe4,0x20,0xc4,0x80,0xcd,0x00,0x1e,0x00,0x3f,0x00,0x6f,0x00,0x3e,0x00,0x1e,0x00,0x0c,0x80,0x07,0x80,
	0xf0,0xff,0xe0,0x7f,0xc0,0x7f,0xc0,0x3f,0xe0,0x3f,0xe0,0x1f,0x90,0x1f,0x80,0x1f,0x80,0x0f,0x80,0x0f,0x00,0x0f,0x04,0x0f,0x18,0x1f,0x38,0x7f,0x30,0xff,0xe1,0xff,0xc0,0xff,0x80,0xff,0xc1,0xff,0xe1,0xff,0xf0,0x7f,0xf8,0x7f,
	//sprite 117
	0x01,0x98,0x00,0x03,0xdc,0x00,0x07,0xf2,0x00,0x04,0x75,0x00,0x05,0x5a,0x80,0x07,0x37,0xc0,0x07,0x5b,0xa0,0x03,0x7f,0x00,0x02,0xfa,0x80,0x07,0xe4,0x00,0x08,0x9c,0x00,0x0d,0xb8,0x00,0x12,0xf4,0x00,0x14,0xc0,0x00,0x34,0x60,0x00,0x7c,0x3c,0x00,0xfa,0x1c,0x00,0x3c,0x00,0x00,0xc8,0x00,0x00,0x60,0x00,0x00,0x2a,0x00,0x00,0x1e,0x00,0x00,
	0x01,0xf8,0x00,0x03,0xfc,0x00,0x06,0x7e,0x00,0x06,0x3b,0x00,0x06,0x3d,0x80,0x06,0x7e,0xc0,0x07,0xbf,0xe0,0x02,0x3f,0xc0,0x03,0x3d,0x80,0x07,0xfa,0x00,0x0f,0xfc,0x00,0x08,0x78,0x00,0x19,0xfc,0x00,0x1a,0xf0,0x00,0x3c,0x78,0x00,0x7c,0x3c,0x00,0xbe,0x1c,0x00,0xe4,0x00,0x00,0xf8,0x00,0x00,0x78,0x00,0x00,0x36,0x00,0x00,0x1e,0x00,0x00,
	0xfe,0x07,0xff,0xfc,0x03,0xff,0xf8,0x01,0xff,0xf8,0x00,0xff,0xf8,0x00,0x7f,0xf8,0x00,0x3f,0xf8,0x00,0x1f,0xfc,0x00,0x3f,0xfc,0x00,0x7f,0xf8,0x01,0xff,0xf0,0x03,0xff,0xf0,0x07,0xff,0xe0,0x03,0xff,0xe1,0x0f,0xff,0xc3,0x87,0xff,0x83,0xc3,0xff,0x01,0xe3,0xff,0x03,0xff,0xff,0x07,0xff,0xff,0x87,0xff,0xff,0xc1,0xff,0xff,0xe1,0xff,0xff,
	//sprite 118
	0x00,0x3f,0x00,0x00,0x7d,0x80,0x00,0x57,0x40,0x00,0xeb,0xa0,0x00,0xe3,0x10,0x00,0x92,0x48,0x00,0xf7,0x14,0x01,0x69,0xf4,0x01,0xd0,0x98,0x03,0xe1,0x10,0x05,0x41,0x20,0x06,0x92,0xc0,0x0b,0xc7,0x80,0x0d,0x04,0xc0,0x12,0x02,0xe0,0x7c,0x01,0xa0,0xb8,0x00,0xc8,0xe8,0x00,0x68,0x50,0x00,0x00,0x34,0x00,0x00,0x2f,0x00,0x00,0x1b,0x00,0x00,
	0x00,0x3f,0x00,0x00,0x7f,0x80,0x00,0x6f,0xc0,0x00,0xc7,0x60,0x00,0xc7,0xf0,0x00,0xef,0xf8,0x00,0x9f,0xfc,0x01,0x99,0xfc,0x01,0xb0,0xf8,0x03,0xe1,0xf0,0x06,0xf1,0xe0,0x04,0x73,0xe0,0x0c,0xc7,0xe0,0x0b,0x07,0xc0,0x1e,0x03,0xa0,0x7c,0x01,0xe0,0xfc,0x00,0xf8,0xd4,0x00,0x78,0x68,0x00,0x00,0x3c,0x00,0x00,0x33,0x00,0x00,0x1f,0x00,0x00,
	0xff,0xc0,0xff,0xff,0x80,0x7f,0xff,0x80,0x3f,0xff,0x00,0x1f,0xff,0x00,0x0f,0xff,0x00,0x07,0xff,0x00,0x03,0xfe,0x06,0x03,0xfe,0x0f,0x07,0xfc,0x1e,0x0f,0xf8,0x0e,0x1f,0xf8,0x0c,0x1f,0xf0,0x38,0x1f,0xf0,0xf8,0x3f,0xe1,0xfc,0x1f,0x83,0xfe,0x1f,0x03,0xff,0x07,0x03,0xff,0x87,0x87,0xff,0xff,0xc3,0xff,0xff,0xc0,0xff,0xff,0xe0,0xff,0xff,
	//sprite 119
	0x00,0x1f,0x00,0x00,0x00,0x1e,0x80,0x00,0x00,0x3d,0xc0,0x00,0x00,0x32,0xa0,0x00,0x00,0x73,0xc0,0x00,0x00,0x59,0xe0,0x00,0x00,0xb3,0x20,0x00,0x00,0xb7,0x20,0x00,0x00,0xcd,0xdc,0x00,0x06,0xf8,0xf0,0x00,0xfd,0x70,0xf4,0x00,0x6f,0x00,0xfc,0x00,0xff,0xc0,0x7c,0x00,0x87,0xc0,0x54,0x00,0x9c,0x00,0x6c,0x00,0xe0,0x00,0x26,0x00,0x60,0x00,0x12,0x00,0x00,0x00,0x0b,0x80,0xc0,0x00,0x0f,0x80,0x00,0x00,0x0a,0xd0,0x00,0x00,0x03,0xf0,0x00,0x00,0x0f,0x80,0x00,0x00,0x0e,0x00,
	0x00,0x1f,0x00,0x00,0x00,0x1f,0x80,0x00,0x00,0x33,0xc0,0x00,0x00,0x21,0xe0,0x00,0x00,0x61,0xa0,0x00,0x00,0x63,0x80,0x00,0x00,0xcf,0xc0,0x00,0x00,0xcf,0xd0,0x00,0x00,0xfd,0xfc,0x00,0x07,0xf8,0xfc,0x00,0xf8,0xf0,0xfc,0x00,0xb0,0xe0,0xec,0x00,0xbf,0xc0,0x4c,0x00,0xff,0xc0,0x6c,0x00,0xec,0x00,0x74,0x00,0xa0,0x00,0x3e,0x00,0xa0,0x00,0x1f,0x00,0xc0,0x00,0x0e,0x80,0xc0,0x00,0x0e,0x80,0x00,0x00,0x0f,0x30,0x00,0x00,0x0f,0xf0,0x00,0x00,0x0f,0x80,0x00,0x00,0x0e,0x00,
	0xff,0xe0,0xff,0xff,0xff,0xe0,0x7f,0xff,0xff,0xc0,0x3f,0xff,0xff,0xc0,0x1f,0xff,0xff,0x80,0x1f,0xff,0xff,0x80,0x1f,0xff,0xff,0x00,0x1f,0xff,0xff,0x00,0x0f,0xff,0xff,0x02,0x03,0xff,0xf8,0x07,0x03,0xff,0x00,0x0f,0x03,0xff,0x00,0x1f,0x03,0xff,0x00,0x3f,0x83,0xff,0x00,0x3f,0x83,0xff,0x03,0xff,0x83,0xff,0x1f,0xff,0xc1,0xff,0x1f,0xff,0xe0,0xff,0x3f,0xff,0xf0,0x7f,0x3f,0xff,0xf0,0x7f,0xff,0xff,0xf0,0x0f,0xff,0xff,0xf0,0x0f,0xff,0xff,0xf0,0x7f,0xff,0xff,0xf1,0xff,
	//sprite 120
	0x00,0x1f,0x80,0x00,0x00,0x16,0x80,0x00,0x0c,0x2f,0xc0,0x00,0x1a,0x22,0x00,0x00,0x37,0x63,0xe0,0x00,0x6f,0xd5,0xc0,0x00,0xf7,0xd7,0xa0,0x00,0xf5,0xfb,0x30,0x00,0xaf,0x57,0x90,0x00,0xe0,0x09,0xfc,0x00,0x01,0x70,0xe8,0x00,0x00,0xe0,0xfc,0x00,0x00,0x60,0xbc,0x00,0x00,0x00,0x5c,0x00,0x00,0x00,0x74,0x00,0x00,0x00,0x34,0x00,0x00,0x00,0x3e,0x00,0x00,0x00,0x14,0x00,0x00,0x00,0x1c,0x80,0x00,0x00,0x13,0xa0,0x00,0x00,0x13,0xc0,0x00,0x00,0x1f,0x00,
	0x00,0x1f,0x80,0x00,0x00,0x1b,0x80,0x00,0x0c,0x31,0xc0,0x00,0x1e,0x31,0xc0,0x00,0x3b,0x71,0xa0,0x00,0x7f,0xfb,0xa0,0x00,0xee,0xef,0xc0,0x00,0xde,0x47,0xd0,0x00,0xee,0x6f,0xf8,0x00,0xe1,0x79,0xf4,0x00,0x01,0xf0,0xf8,0x00,0x00,0xd0,0xcc,0x00,0x00,0x70,0xcc,0x00,0x00,0x00,0x6c,0x00,0x00,0x00,0x6c,0x00,0x00,0x00,0x3c,0x00,0x00,0x00,0x3e,0x00,0x00,0x00,0x1e,0x00,0x00,0x00,0x1f,0x80,0x00,0x00,0x1e,0x60,0x00,0x00,0x1f,0xc0,0x00,0x00,0x1f,0x00,
	0xff,0xe0,0x7f,0xff,0xff,0xe0,0x7f,0xff,0xf3,0xc0,0x3f,0xff,0xe1,0xc0,0x3f,0xff,0xc0,0x80,0x1f,0xff,0x80,0x00,0x1f,0xff,0x00,0x00,0x1f,0xff,0x00,0x00,0x0f,0xff,0x10,0x00,0x07,0xff,0x1e,0x06,0x03,0xff,0xfe,0x0f,0x07,0xff,0xff,0x0f,0x03,0xff,0xff,0x8f,0x03,0xff,0xff,0xff,0x83,0xff,0xff,0xff,0x83,0xff,0xff,0xff,0xc3,0xff,0xff,0xff,0xc1,0xff,0xff,0xff,0xe1,0xff,0xff,0xff,0xe0,0x7f,0xff,0xff,0xe0,0x1f,0xff,0xff,0xe0,0x3f,0xff,0xff,0xe0,0xff,
	//sprite 121
	0x0f,0x80,0x14,0x40,0x36,0x80,0x43,0x40,0xed,0x40,0xd3,0x40,0xe1,0xc0,0xcb,0x00,0xe7,0x80,0x83,0xc0,0x2a,0xc0,0xfa,0x80,0x5f,0xe0,0x4c,0x58,0x7f,0xf0,0x6c,0xf8,0x7f,0xf8,
	0x0f,0x80,0x1d,0xc0,0x3f,0xc0,0x7f,0x80,0xc3,0x80,0xed,0xc0,0xff,0xc0,0xf7,0xc0,0xff,0xc0,0xff,0xc0,0xc7,0xc0,0xc7,0x80,0x67,0xe0,0x7f,0xf8,0x7c,0x58,0x7f,0xf8,0x5f,0xf8,
	0xf0,0x7f,0xe0,0x3f,0xc0,0x3f,0x80,0x3f,0x00,0x3f,0x00,0x3f,0x00,0x3f,0x00,0x3f,0x00,0x3f,0x00,0x3f,0x00,0x3f,0x00,0x7f,0x80,0x1f,0x80,0x07,0x80,0x07,0x80,0x07,0x80,0x07,
	//sprite 122
	0x03,0xc0,0x0e,0x20,0x3f,0x50,0x41,0x70,0x0a,0xf0,0x12,0xd0,0xe6,0xe0,0xeb,0x90,0xff,0xd0,0x37,0xf0,0x47,0x68,0x5f,0xf0,0xaf,0x60,0xff,0xf0,0xf3,0xc0,0x77,0xe0,0x38,0x70,0x3e,0xe0,0x2f,0x8e,0x3f,0xfc,
	0x03,0xc0,0x0e,0xe0,0x3f,0xf0,0x7f,0xd0,0x65,0x90,0x69,0xf0,0xfd,0xe0,0xf7,0xf0,0xff,0xf0,0xcf,0xf0,0x8f,0xf8,0x8f,0x68,0xdf,0xf8,0xff,0xf0,0xbf,0xc0,0x79,0xe0,0x3f,0xf0,0x3f,0xb8,0x3f,0xfe,0x3f,0xfe,
	0xfc,0x3f,0xf0,0x1f,0xc0,0x0f,0x80,0x0f,0x80,0x0f,0x80,0x0f,0x00,0x1f,0x00,0x0f,0x00,0x0f,0x00,0x0f,0x00,0x07,0x00,0x07,0x00,0x07,0x00,0x0f,0x00,0x3f,0x80,0x1f,0xc0,0x0f,0xc0,0x07,0xc0,0x01,0xc0,0x01,
	//sprite 123
	0x01,0xf0,0x00,0x07,0xc8,0x00,0x0c,0x80,0x00,0x1c,0xb0,0x00,0x1e,0xec,0x00,0x3a,0x60,0x00,0x37,0xb8,0x00,0x26,0x39,0xe0,0x7f,0xe4,0x20,0x9f,0xef,0x20,0x97,0xfb,0xe0,0x77,0xfd,0x80,0x3b,0xf3,0x00,0x1e,0xfe,0x00,0x0e,0xc0,0x00,0x1f,0xa0,0x00,0x1a,0xd0,0x00,
	0x01,0xf0,0x00,0x07,0xb8,0x00,0x0f,0xf8,0x00,0x1a,0x68,0x00,0x1d,0x34,0x00,0x3f,0x3c,0x00,0x2d,0x7c,0x00,0x43,0xf9,0xa0,0x67,0xfd,0xa0,0xff,0xff,0xe0,0xff,0xfd,0xe0,0x7b,0xfb,0x80,0x3d,0xbf,0x00,0x1f,0xbe,0x00,0x0f,0xc0,0x00,0x1f,0xe0,0x00,0x1f,0x70,0x00,
	0xfe,0x0f,0xff,0xf8,0x07,0xff,0xf0,0x07,0xff,0xe0,0x07,0xff,0xe0,0x03,0xff,0xc0,0x03,0xff,0xc0,0x03,0xff,0x80,0x06,0x1f,0x80,0x02,0x1f,0x00,0x00,0x1f,0x00,0x00,0x1f,0x80,0x00,0x7f,0xc0,0x00,0xff,0xe0,0x01,0xff,0xf0,0x3f,0xff,0xe0,0x1f,0xff,0xe0,0x0f,0xff,
	//sprite 124
	0x07,0x90,0x00,0x0d,0xc8,0x00,0x1c,0xf0,0x00,0x02,0x68,0x00,0x70,0x40,0xe0,0xfc,0xb8,0x30,0xec,0x7d,0xb0,0xb3,0xe5,0x90,0x7f,0xe7,0x60,0xdf,0xfb,0x40,0xd7,0xfe,0x80,0xef,0xff,0x80,0x77,0x3f,0x00,0x3f,0x60,0x00,0x1f,0xc0,0x00,
	0x07,0xf0,0x00,0x0f,0xb8,0x00,0x1a,0x68,0x00,0x1d,0xb0,0x00,0x7f,0x3c,0xe0,0xcb,0x7c,0xd0,0x87,0xfd,0x50,0xcf,0xfd,0xf0,0xff,0xfe,0xe0,0xef,0xfc,0xc0,0xef,0xfd,0x80,0xff,0xfb,0x80,0x7b,0xff,0x00,0x3f,0xe0,0x00,0x1f,0xc0,0x00,
	0xf8,0x0f,0xff,0xf0,0x07,0xff,0xe0,0x07,0xff,0xe0,0x07,0xff,0x80,0x03,0x1f,0x00,0x03,0x0f,0x00,0x02,0x0f,0x00,0x02,0x0f,0x00,0x00,0x1f,0x00,0x00,0x3f,0x00,0x00,0x7f,0x00,0x00,0x7f,0x80,0x00,0xff,0xc0,0x1f,0xff,0xe0,0x3f,0xff,
	//sprite 125
	0x07,0xc0,0x1a,0x00,0x3e,0x40,0x43,0x00,0x8f,0xa0,0xd2,0x90,0xea,0xe0,0xdb,0xa0,0xfb,0xc0,0x8f,0xe0,0x1f,0xe8,0x5f,0xf8,0x6f,0x60,0xdf,0xf0,0x33,0x80,0x77,0xc0,0x58,0x60,0x4f,0xa0,0xeb,0x00,
	0x07,0xc0,0x1e,0xc0,0x3f,0xe0,0x7f,0xe0,0xe1,0xc0,0xa9,0xf0,0xfd,0xe0,0xe7,0xe0,0xff,0xe0,0xff,0xe0,0x8f,0xf8,0x8f,0x68,0x9f,0xf8,0xff,0xf0,0xff,0x80,0x79,0xc0,0x7f,0xe0,0x7e,0xe0,0xf7,0xc0,
	0xf8,0x3f,0xe0,0x3f,0xc0,0x1f,0x80,0x1f,0x00,0x1f,0x00,0x0f,0x00,0x1f,0x00,0x1f,0x00,0x1f,0x00,0x1f,0x00,0x07,0x00,0x07,0x00,0x07,0x00,0x0f,0x00,0x7f,0x80,0x3f,0x80,0x1f,0x80,0x1f,0x00,0x3f,
	//sprite 126
	0x0f,0x80,0x14,0x40,0x36,0x80,0x43,0x40,0xed,0x40,0xd3,0x40,0xe1,0xc0,0xcb,0x00,0xe7,0x80,0x83,0xc0,0x2a,0xc0,0xfa,0x80,0x5f,0xe0,0x4c,0x58,0xbf,0xf0,0xac,0xf8,0x7f,0xf8,
	0x0f,0x80,0x1d,0xc0,0x3f,0xc0,0x7f,0x80,0xc3,0x80,0xed,0xc0,0xff,0xc0,0xf7,0xc0,0xff,0xc0,0xff,0xc0,0xc7,0xc0,0xc7,0x80,0x67,0xe0,0x7f,0xf8,0xfc,0x58,0xff,0xf8,0x5f,0xf8,
	0xf0,0x7f,0xe0,0x3f,0xc0,0x3f,0x80,0x3f,0x00,0x3f,0x00,0x3f,0x00,0x3f,0x00,0x3f,0x00,0x3f,0x00,0x3f,0x00,0x3f,0x00,0x7f,0x80,0x1f,0x80,0x07,0x00,0x07,0x00,0x07,0x80,0x07,
	//sprite 127
	0x07,0x80,0x1c,0x40,0x36,0xa0,0x71,0x60,0x67,0xe0,0xfa,0x80,0xf1,0x60,0xf6,0xf0,0xf9,0xf8,0xb9,0xec,0xa1,0xbc,0x62,0xfc,0x16,0xd8,0x38,0xf0,0x7f,0xe0,0x27,0xe0,
	0x07,0x80,0x1d,0xc0,0x3f,0xe0,0x7f,0xa0,0x70,0xa0,0xe5,0x40,0xff,0xe0,0xf9,0xf0,0xff,0xf8,0xff,0xf4,0xfb,0xec,0x71,0xdc,0x19,0xf8,0x3f,0xf0,0x67,0x60,0x3f,0xe0,
	0xf8,0x7f,0xe0,0x3f,0xc0,0x1f,0x80,0x1f,0x80,0x1f,0x00,0x3f,0x00,0x1f,0x00,0x0f,0x00,0x07,0x00,0x03,0x00,0x03,0x80,0x03,0xe0,0x07,0xc0,0x0f,0x80,0x1f,0xc0,0x1f,
	//sprite 128
	0x01,0xe0,0x00,0x06,0x80,0x00,0x0d,0x80,0x00,0x3e,0xc0,0x00,0x7c,0x90,0x00,0x0b,0x70,0x00,0x49,0xb0,0x00,0x0a,0xd3,0x00,0x6c,0xbc,0x00,0x7f,0x7f,0xc0,0xe7,0x4c,0xc0,0x5f,0x87,0x80,0x3d,0xdf,0x00,0x0f,0xee,0x00,0x1f,0xf4,0x00,0x15,0xf0,0x00,
	0x01,0xe0,0x00,0x07,0xa0,0x00,0x1f,0xf0,0x00,0x3f,0x70,0x00,0x7e,0x20,0x00,0x3c,0x80,0x00,0x7e,0x50,0x00,0x7d,0x63,0x00,0xff,0xdf,0x80,0xff,0xbd,0x40,0xff,0xff,0xc0,0x77,0xcf,0x80,0x3f,0x87,0x00,0x0f,0xde,0x00,0x1f,0xfc,0x00,0x1b,0xf8,0x00,
	0xfe,0x1f,0xff,0xf8,0x1f,0xff,0xe0,0x0f,0xff,0xc0,0x0f,0xff,0x80,0x0f,0xff,0xc0,0x0f,0xff,0x80,0x0f,0xff,0x80,0x0c,0xff,0x00,0x00,0x7f,0x00,0x00,0x3f,0x00,0x00,0x3f,0x80,0x00,0x7f,0xc0,0x00,0xff,0xf0,0x01,0xff,0xe0,0x03,0xff,0xe0,0x07,0xff,
	//sprite 129
	0x06,0xe0,0x00,0x08,0xd0,0x00,0x2e,0x40,0x00,0x7c,0xd0,0x00,0xf8,0x30,0x00,0x18,0x31,0x80,0x08,0xd3,0x00,0x6b,0x36,0xf0,0xfd,0xfd,0x20,0xff,0x6c,0x40,0x7f,0xc7,0x80,0x3f,0xbb,0x00,0x1c,0x56,0x00,0x0f,0x7a,0x00,0x0f,0xdc,0x00,
	0x07,0xa0,0x00,0x1f,0xb0,0x00,0x3f,0xf0,0x00,0x7e,0x20,0x00,0xfd,0x80,0x00,0xfe,0xd1,0xc0,0xff,0x73,0xe0,0xfe,0xc7,0x70,0xff,0xbe,0xe0,0xff,0xff,0xc0,0x77,0xef,0x80,0x3f,0xc7,0x00,0x1f,0xee,0x00,0x0f,0xfe,0x00,0x0f,0xdc,0x00,
	0xf8,0x1f,0xff,0xe0,0x0f,0xff,0xc0,0x0f,0xff,0x80,0x0f,0xff,0x00,0x0f,0xff,0x00,0x0e,0x3f,0x00,0x0c,0x1f,0x00,0x08,0x0f,0x00,0x00,0x1f,0x00,0x00,0x3f,0x80,0x00,0x7f,0xc0,0x00,0xff,0xe0,0x01,0xff,0xf0,0x01,0xff,0xf0,0x23,0xff,
	//sprite 130
	0x00, //alignment byte
	0x0f,0x80,0x1c,0x40,0x34,0x80,0x73,0x80,0xf6,0xc0,0xf0,0x00,0xca,0x40,0xf9,0xe0,0xf5,0xf0,0xff,0xe0,0x25,0xa4,0x63,0xbc,0x7b,0xd8,0x3d,0xf0,0x55,0x40,0x7b,0xc0,
	0x0f,0x80,0x1d,0xc0,0x3f,0xc0,0x7f,0x40,0xe1,0x80,0xe5,0xc0,0xf5,0xc0,0xff,0xe0,0xfb,0xf0,0xff,0xf8,0xfb,0xec,0x71,0xdc,0x71,0xf8,0x3b,0xf0,0x6f,0xc0,0x67,0xc0,
	0xf0,0x7f,0xe0,0x3f,0xc0,0x3f,0x80,0x3f,0x00,0x3f,0x00,0x3f,0x00,0x3f,0x00,0x1f,0x00,0x0f,0x00,0x07,0x00,0x03,0x80,0x03,0x80,0x07,0xc0,0x0f,0x80,0x3f,0x80,0x3f,
	//sprite 131
	0x07,0x80,0x00,0x1a,0x40,0x00,0x28,0xa0,0x00,0x2f,0x60,0x00,0x7a,0xe0,0x00,0x73,0xa0,0x00,0xf4,0xe0,0x00,0xb6,0x20,0x00,0xfe,0x90,0x00,0xff,0xff,0xf8,0xff,0x1c,0x2c,0x7f,0xdb,0xa8,0x33,0xb4,0x2c,0x3d,0xff,0xf8,0x27,0x00,0x00,
	0x07,0x80,0x00,0x1e,0xc0,0x00,0x3f,0xe0,0x00,0x30,0xa0,0x00,0x61,0x20,0x00,0x64,0xe0,0x00,0xeb,0x60,0x00,0xfe,0xe0,0x00,0xfd,0xf0,0x00,0xff,0x1f,0xf8,0xbe,0x0f,0xfc,0x7f,0x1c,0x2c,0x3f,0xdf,0xfc,0x3f,0xff,0xf8,0x3f,0x00,0x00,
	0xf8,0x7f,0xff,0xe0,0x3f,0xff,0xc0,0x1f,0xff,0xc0,0x1f,0xff,0x80,0x1f,0xff,0x80,0x1f,0xff,0x00,0x1f,0xff,0x00,0x1f,0xff,0x00,0x0f,0xff,0x00,0x00,0x07,0x00,0x00,0x03,0x80,0x00,0x03,0xc0,0x00,0x03,0xc0,0x00,0x07,0xc0,0xff,0xff,
	//sprite 132
	0x07,0x80,0x00,0x1a,0x40,0x00,0x2e,0x20,0x00,0x2f,0xa0,0x00,0x79,0xe0,0x00,0x70,0x60,0x00,0xf4,0x60,0x00,0xee,0xc0,0x00,0xbf,0x90,0x00,0xf9,0xdf,0xf8,0xff,0x1c,0x2c,0xfe,0x8b,0xa8,0x73,0xfc,0x2c,0x3f,0xf7,0xf8,0x19,0x80,0x00,
	0x07,0x80,0x00,0x1e,0xc0,0x00,0x3f,0xe0,0x00,0x30,0xe0,0x00,0x62,0x20,0x00,0x65,0xe0,0x00,0xeb,0xe0,0x00,0xf6,0x40,0x00,0xfc,0xf0,0x00,0xff,0x3f,0xf8,0xbe,0x0f,0xfc,0xff,0x1c,0x2c,0x7f,0x9f,0xfc,0x3f,0xff,0xf8,0x1f,0x80,0x00,
	0xf8,0x7f,0xff,0xe0,0x3f,0xff,0xc0,0x1f,0xff,0xc0,0x1f,0xff,0x80,0x1f,0xff,0x80,0x1f,0xff,0x00,0x1f,0xff,0x00,0x3f,0xff,0x00,0x0f,0xff,0x00,0x00,0x07,0x00,0x00,0x03,0x00,0x00,0x03,0x80,0x00,0x03,0xc0,0x00,0x07,0xe0,0x7f,0xff,
	//sprite 133
	0x07,0x80,0x00,0x1a,0x40,0x00,0x33,0x20,0x00,0x28,0x20,0x00,0x4b,0xe0,0x00,0x7a,0xc0,0x00,0xf3,0x60,0x00,0xf4,0xce,0x00,0xb6,0x52,0x00,0xfe,0x59,0xf8,0xfe,0x0c,0x2c,0xfe,0x9b,0xa8,0x73,0xfc,0x2c,0x3a,0xf7,0xf8,0x1d,0x00,0x00,
	0x07,0x80,0x00,0x1e,0xc0,0x00,0x3e,0xe0,0x00,0x3f,0xe0,0x00,0x70,0xa0,0x00,0x61,0x60,0x00,0xe4,0xe0,0x00,0xeb,0x4d,0x00,0xfe,0xfd,0x00,0xfd,0xbf,0xf8,0xbf,0x1f,0xfc,0xff,0x0c,0x2c,0x7f,0x9f,0xfc,0x3f,0xff,0xf8,0x1d,0x00,0x00,
	0xf8,0x7f,0xff,0xe0,0x3f,0xff,0xc0,0x1f,0xff,0xc0,0x1f,0xff,0x80,0x1f,0xff,0x80,0x1f,0xff,0x00,0x1f,0xff,0x00,0x30,0xff,0x00,0x00,0xff,0x00,0x00,0x07,0x00,0x00,0x03,0x00,0x00,0x03,0x80,0x00,0x03,0xc0,0x00,0x07,0xe2,0xff,0xff,
	//sprite 134
	0x1b,0x00,0x00,0x32,0x00,0x00,0x2f,0xa0,0x00,0x4f,0xe0,0x00,0x79,0xa7,0x00,0x70,0x4a,0x00,0xf4,0xc2,0x00,0xae,0xdc,0x00,0xfe,0xcf,0xf8,0xfa,0x0c,0x2c,0xbe,0x9b,0xa8,0x7f,0x4c,0x2c,0x31,0xf7,0xf8,0x39,0x80,0x00,0x1d,0x00,0x00,
	0x1e,0x80,0x00,0x3e,0xc0,0x00,0x3f,0xe0,0x00,0x70,0xa0,0x00,0x62,0x67,0x00,0x65,0xcd,0x00,0xeb,0x4d,0x00,0xf6,0x7f,0x00,0xfd,0xbf,0xf8,0xbf,0x1f,0xfc,0xff,0x0c,0x2c,0x7f,0x9f,0xfc,0x3f,0xff,0xf8,0x3f,0x80,0x00,0x1d,0x00,0x00,
	0xe0,0x7f,0xff,0xc0,0x3f,0xff,0xc0,0x1f,0xff,0x80,0x1f,0xff,0x80,0x18,0xff,0x80,0x30,0xff,0x00,0x30,0xff,0x00,0x00,0xff,0x00,0x00,0x07,0x00,0x00,0x03,0x00,0x00,0x03,0x80,0x00,0x03,0xc0,0x00,0x07,0xc0,0x7f,0xff,0xe2,0xff,0xff,
	//sprite 135
	0x07,0x80,0x00,0x1a,0x40,0x00,0x2e,0x20,0x00,0x2f,0xa0,0x00,0x79,0xe0,0x00,0x70,0x60,0x00,0xf4,0x60,0x00,0xee,0xc0,0x00,0xbf,0x90,0x00,0xf9,0xdf,0xf8,0xff,0x1c,0x2c,0xfe,0x8b,0xa8,0x73,0xfc,0x2c,0x39,0xf7,0xf8,0x17,0x00,0x00,
	0x07,0x80,0x00,0x1e,0xc0,0x00,0x3f,0xe0,0x00,0x30,0xe0,0x00,0x62,0x20,0x00,0x65,0xe0,0x00,0xeb,0xe0,0x00,0xf6,0x40,0x00,0xfc,0xf0,0x00,0xff,0x3f,0xf8,0xbe,0x0f,0xfc,0xff,0x1c,0x2c,0x7f,0x9f,0xfc,0x3f,0xff,0xf8,0x17,0x00,0x00,
	0xf8,0x7f,0xff,0xe0,0x3f,0xff,0xc0,0x1f,0xff,0xc0,0x1f,0xff,0x80,0x1f,0xff,0x80,0x1f,0xff,0x00,0x1f,0xff,0x00,0x3f,0xff,0x00,0x0f,0xff,0x00,0x00,0x07,0x00,0x00,0x03,0x00,0x00,0x03,0x80,0x00,0x03,0xc0,0x00,0x07,0xe8,0xff,0xff,
	//sprite 136
	0x07,0x80,0x00,0x1a,0x40,0x00,0x28,0xa0,0x00,0x2f,0x60,0x00,0x7a,0xe0,0x00,0x73,0xa0,0x00,0xf4,0xe0,0x00,0xb6,0x20,0x00,0xfe,0x90,0x00,0xff,0xff,0xf8,0xff,0x1c,0x2c,0x7f,0xdb,0xa8,0x33,0xb4,0x2c,0x1f,0xff,0xf8,
	0x07,0x80,0x00,0x1e,0xc0,0x00,0x3f,0xe0,0x00,0x30,0xa0,0x00,0x61,0x20,0x00,0x64,0xe0,0x00,0xeb,0x60,0x00,0xfe,0xe0,0x00,0xfd,0xf0,0x00,0xff,0x1f,0xf8,0xbe,0x0f,0xfc,0x7f,0x1c,0x2c,0x3f,0xdf,0xfc,0x1f,0xff,0xf8,
	0xf8,0x7f,0xff,0xe0,0x3f,0xff,0xc0,0x1f,0xff,0xc0,0x1f,0xff,0x80,0x1f,0xff,0x80,0x1f,0xff,0x00,0x1f,0xff,0x00,0x1f,0xff,0x00,0x0f,0xff,0x00,0x00,0x07,0x00,0x00,0x03,0x80,0x00,0x03,0xc0,0x00,0x03,0xe0,0x00,0x07,
	//sprite 137
	0x07,0x80,0x00,0x1a,0x40,0x00,0x28,0xa0,0x00,0x2f,0x60,0x00,0x7a,0xe0,0x00,0x73,0xa0,0x00,0xf4,0xe0,0x00,0xb6,0x20,0x00,0xfe,0x90,0x00,0xff,0xff,0xf8,0xff,0x1c,0x2c,0x7f,0xdb,0xa8,0x33,0xb4,0x2c,0x1b,0xff,0xf8,
	0x07,0x80,0x00,0x1e,0xc0,0x00,0x3f,0xe0,0x00,0x30,0xa0,0x00,0x61,0x20,0x00,0x64,0xe0,0x00,0xeb,0x60,0x00,0xfe,0xe0,0x00,0xfd,0xf0,0x00,0xff,0x1f,0xf8,0xbe,0x0f,0xfc,0x7f,0x1c,0x2c,0x3f,0xdf,0xfc,0x1d,0xff,0xf8,
	0xf8,0x7f,0xff,0xe0,0x3f,0xff,0xc0,0x1f,0xff,0xc0,0x1f,0xff,0x80,0x1f,0xff,0x80,0x1f,0xff,0x00,0x1f,0xff,0x00,0x1f,0xff,0x00,0x0f,0xff,0x00,0x00,0x07,0x00,0x00,0x03,0x80,0x00,0x03,0xc0,0x00,0x03,0xe0,0x00,0x07,
	//sprite 138
	0x01,0xe0,0x00,0x06,0x90,0x00,0x0c,0xc8,0x00,0x3c,0x08,0x00,0x7a,0xf8,0x00,0xbf,0x38,0x00,0xbc,0xd8,0x00,0xff,0x28,0x00,0xfd,0x94,0x00,0xff,0x97,0xfe,0x4f,0xc3,0x0b,0x3f,0xa6,0xea,0x1f,0xff,0x0b,0x0e,0xbd,0xfe,0x07,0xe0,0x00,
	0x01,0xe0,0x00,0x07,0xb0,0x00,0x1f,0xb8,0x00,0x3f,0xf8,0x00,0x7c,0x28,0x00,0xf8,0xd8,0x00,0xf9,0x38,0x00,0xf8,0xd8,0x00,0xff,0xbc,0x00,0xff,0x6f,0xfe,0x7f,0x87,0xff,0x3f,0xc3,0x0b,0x1f,0xe7,0xff,0x0f,0xff,0xfe,0x07,0xe0,0x00,
	0xfe,0x1f,0xff,0xf8,0x0f,0xff,0xe0,0x07,0xff,0xc0,0x07,0xff,0x80,0x07,0xff,0x00,0x07,0xff,0x00,0x07,0xff,0x00,0x07,0xff,0x00,0x03,0xff,0x00,0x00,0x01,0x80,0x00,0x00,0xc0,0x00,0x00,0xe0,0x00,0x00,0xf0,0x00,0x01,0xf8,0x1f,0xff,
	//sprite 139
	0x07,0x60,0x00,0x00,0x1e,0x40,0x00,0x00,0x1d,0xf4,0x00,0x00,0x1d,0x7c,0x00,0x00,0x3f,0xb4,0x00,0x00,0x5e,0x08,0x00,0x00,0x5e,0x98,0x00,0x00,0xf5,0xd8,0x00,0x00,0xdf,0xf9,0xff,0x00,0x5f,0x31,0x85,0x80,0x37,0xc3,0x75,0x00,0x1f,0xf1,0x85,0x80,0x0f,0x5e,0xff,0x00,0x03,0xd0,0x00,0x00,
	0x07,0xd0,0x00,0x00,0x1f,0xd8,0x00,0x00,0x1f,0xfc,0x00,0x00,0x3e,0x14,0x00,0x00,0x3c,0x4c,0x00,0x00,0x7c,0xb8,0x00,0x00,0x7d,0x68,0x00,0x00,0xfe,0xcc,0x00,0x00,0xff,0x97,0xff,0x00,0x77,0xe3,0xff,0x80,0x3f,0xf1,0x85,0x80,0x1f,0xfb,0xff,0x80,0x0f,0xff,0xff,0x00,0x03,0xf0,0x00,0x00,
	0xf8,0x0f,0xff,0xff,0xe0,0x07,0xff,0xff,0xe0,0x03,0xff,0xff,0xc0,0x03,0xff,0xff,0xc0,0x03,0xff,0xff,0x80,0x07,0xff,0xff,0x80,0x07,0xff,0xff,0x00,0x03,0xff,0xff,0x00,0x00,0x00,0xff,0x80,0x00,0x00,0x7f,0xc0,0x00,0x00,0x7f,0xe0,0x00,0x00,0x7f,0xf0,0x00,0x00,0xff,0xfc,0x0f,0xff,0xff,
	//sprite 140
	0x07,0x80,0x00,0x1a,0x40,0x00,0x33,0x20,0x00,0x28,0x20,0x00,0x4b,0xe0,0x00,0x7e,0xe0,0x00,0xf3,0x60,0x00,0xf4,0xc0,0x00,0xb6,0x30,0x00,0xfe,0x7f,0xf8,0xfa,0x8c,0x2c,0xfe,0xdb,0xa8,0x73,0x7c,0x2c,0x3a,0xf7,0xf8,0x1f,0x00,0x00,
	0x07,0x80,0x00,0x1e,0xc0,0x00,0x3e,0xe0,0x00,0x3f,0xe0,0x00,0x70,0xa0,0x00,0x61,0x60,0x00,0xe4,0xe0,0x00,0xeb,0x40,0x00,0xfe,0xf0,0x00,0xfd,0x9f,0xf8,0xbf,0x1f,0xfc,0xff,0x0c,0x2c,0x7f,0x9f,0xfc,0x3f,0xff,0xf8,0x1f,0x00,0x00,
	0xf8,0x7f,0xff,0xe0,0x3f,0xff,0xc0,0x1f,0xff,0xc0,0x1f,0xff,0x80,0x1f,0xff,0x80,0x1f,0xff,0x00,0x1f,0xff,0x00,0x3f,0xff,0x00,0x0f,0xff,0x00,0x00,0x07,0x00,0x00,0x03,0x00,0x00,0x03,0x80,0x00,0x03,0xc0,0x00,0x07,0xe0,0xff,0xff,
	//sprite 141
	0x07,0x80,0x00,0x0c,0x00,0x00,0x11,0x00,0x00,0x20,0xc0,0x00,0x61,0xc0,0x00,0x60,0x20,0x00,0x69,0x20,0x00,0xa3,0xb8,0x00,0xba,0xec,0x00,0xbe,0x44,0x00,0x3f,0x74,0x00,0x7f,0xbe,0x00,0x3e,0xc9,0x00,0x11,0xbf,0x80,0x00,0x1b,0x40,0x00,0x0d,0x60,0x00,0x07,0xb0,0x00,0x03,0x90,0x00,0x01,0xa0,0x00,0x00,0xc0,
	0x07,0x80,0x00,0x0f,0x40,0x00,0x1f,0xe0,0x00,0x3f,0xe0,0x00,0x78,0x20,0x00,0x75,0xc0,0x00,0x72,0xe0,0x00,0xfd,0x78,0x00,0xf7,0x54,0x00,0xff,0x9c,0x00,0xff,0x8c,0x00,0x7f,0xc6,0x00,0x3f,0xff,0x00,0x1f,0xb9,0x80,0x00,0x1c,0xc0,0x00,0x0e,0xe0,0x00,0x07,0xf0,0x00,0x03,0xf0,0x00,0x01,0xe0,0x00,0x00,0xc0,
	0xf8,0x7f,0xff,0xf0,0x3f,0xff,0xe0,0x1f,0xff,0xc0,0x1f,0xff,0x80,0x1f,0xff,0x80,0x1f,0xff,0x80,0x1f,0xff,0x00,0x07,0xff,0x00,0x03,0xff,0x00,0x03,0xff,0x00,0x03,0xff,0x80,0x01,0xff,0xc0,0x00,0xff,0xe0,0x40,0x7f,0xff,0xe0,0x3f,0xff,0xf0,0x1f,0xff,0xf8,0x0f,0xff,0xfc,0x0f,0xff,0xfe,0x1f,0xff,0xff,0x3f,
	//sprite 142
	0x00,0x00,0xc0,0x00,0x01,0xa0,0x00,0x03,0xd0,0x00,0x07,0x70,0x0f,0x8f,0xe0,0x18,0x5e,0xc0,0x34,0xfd,0x80,0x23,0xfb,0x00,0x40,0xee,0x00,0x41,0x1e,0x00,0xc5,0x34,0x00,0xf8,0x78,0x00,0xe3,0xe0,0x00,0xb3,0xc0,0x00,0x3f,0x80,0x00,0x77,0x80,0x00,0x7c,0x80,0x00,0x31,0x00,0x00,
	0x00,0x00,0xc0,0x00,0x01,0xe0,0x00,0x03,0xb0,0x00,0x07,0xf0,0x0f,0x8c,0xe0,0x1b,0xd9,0xc0,0x3f,0xf3,0x80,0x3f,0xcf,0x00,0x73,0x9e,0x00,0x66,0x96,0x00,0xf2,0x9c,0x00,0xef,0xb8,0x00,0xff,0xe0,0x00,0xff,0xc0,0x00,0xff,0x80,0x00,0x7f,0x80,0x00,0x7f,0x80,0x00,0x3f,0x00,0x00,
	0xff,0xff,0x3f,0xff,0xfe,0x1f,0xff,0xfc,0x0f,0xff,0xf8,0x0f,0xf0,0x70,0x1f,0xe0,0x20,0x3f,0xc0,0x00,0x7f,0xc0,0x00,0xff,0x80,0x01,0xff,0x80,0x01,0xff,0x00,0x03,0xff,0x00,0x07,0xff,0x00,0x1f,0xff,0x00,0x3f,0xff,0x00,0x7f,0xff,0x80,0x7f,0xff,0x80,0x7f,0xff,0xc0,0xff,0xff,
	//sprite 143
	0x00, //alignment byte
	0x0f,0x90,0x1b,0x88,0x31,0xe8,0x3a,0xe8,0x35,0xc0,0x20,0x78,0x39,0xf8,0x2b,0xe0,0x27,0xe0,0x53,0xf8,0x6f,0xf0,0x5f,0xa0,0x47,0x50,0x17,0xf8,0x39,0xc8,0x3f,0xf8,0x22,0xf0,0x23,0xd8,0x38,0xdc,0x1a,0xb2,0x0c,0xfb,0x1b,0xfd,0x14,0xf8,0x0d,0x4c,0x29,0x20,0x26,0x10,0x5c,0xb0,0xfc,0xb8,0x8d,0x60,0xe0,0x9c,0x6a,0x6d,0x3e,0x3f,
	0x0f,0xf0,0x1f,0xb8,0x3c,0xf8,0x35,0x70,0x3e,0x78,0x3f,0xf8,0x3f,0xf8,0x37,0xf8,0x33,0xf8,0x67,0xf8,0x77,0xf0,0x7f,0xe0,0x78,0xf0,0x38,0x58,0x3f,0x78,0x3f,0xf8,0x31,0xf0,0x30,0xe8,0x34,0x74,0x1c,0x7e,0x0f,0xff,0x1f,0x7f,0x13,0x7e,0x13,0xfc,0x37,0x58,0x3e,0x70,0x7c,0xf0,0xb8,0xf0,0xf5,0xf8,0xd8,0xec,0x76,0x73,0x3e,0x3f,
	0xf0,0x0f,0xe0,0x07,0xc0,0x07,0xc0,0x07,0xc0,0x07,0xc0,0x07,0xc0,0x07,0xc0,0x07,0xc0,0x07,0x80,0x07,0x80,0x0f,0x80,0x1f,0x80,0x0f,0xc0,0x07,0xc0,0x07,0xc0,0x07,0xc0,0x0f,0xc0,0x07,0xc0,0x03,0xe0,0x01,0xf0,0x00,0xe0,0x00,0xe0,0x01,0xe0,0x03,0xc0,0x87,0xc1,0x8f,0x83,0x0f,0x03,0x07,0x02,0x07,0x07,0x03,0x81,0x80,0xc1,0xc0,
	//sprite 144
	0x01,0xf0,0x02,0x80,0x0f,0x90,0x10,0xc0,0x23,0xe8,0x34,0xa4,0x3a,0xb8,0x36,0xe8,0x3e,0xf0,0x23,0xf8,0x07,0xfa,0x17,0xfe,0x1b,0xd8,0x37,0xfc,0x0c,0xe0,0x1d,0xf0,0x1e,0x18,0x0b,0xe8,0x0a,0xc0,0x77,0xb8,0x6f,0x50,0x4f,0xa8,0x7f,0x18,0x8f,0x38,0xcf,0x68,0x8b,0x98,0x85,0xc0,0x04,0x80,0x09,0x00,0x09,0x00,0x1e,0x00,0x36,0x00,0x18,0x00,0x09,0x40,0x07,0xc0,
	0x01,0xf0,0x03,0xb0,0x0f,0xf8,0x1f,0xf8,0x38,0x70,0x2a,0x7c,0x3f,0x78,0x39,0xf8,0x3f,0xf8,0x3f,0xf8,0x23,0xfe,0x23,0xda,0x27,0xfe,0x3f,0xfc,0x3f,0xe0,0x1e,0x70,0x1f,0xf8,0x0f,0xb8,0x0d,0xf0,0x77,0x08,0x5f,0x88,0x7f,0xd8,0x58,0xf8,0xde,0x38,0xb7,0x90,0xcb,0xf8,0xc7,0xc0,0x07,0x80,0x0f,0x00,0x0f,0x00,0x1f,0x80,0x3d,0x00,0x1e,0x00,0x0e,0xc0,0x07,0xc0,
	0xfe,0x0f,0xfc,0x0f,0xf0,0x07,0xe0,0x07,0xc0,0x07,0xc0,0x03,0xc0,0x07,0xc0,0x07,0xc0,0x07,0xc0,0x07,0xc0,0x01,0xc0,0x01,0xc0,0x01,0xc0,0x03,0xc0,0x1f,0xe0,0x0f,0xe0,0x07,0xf0,0x07,0xf0,0x0f,0x88,0x07,0x80,0x07,0x80,0x07,0x80,0x07,0x00,0x07,0x00,0x07,0x34,0x07,0x38,0x3f,0xf8,0x7f,0xf0,0xff,0xf0,0xff,0xe0,0x7f,0xc0,0xff,0xe1,0xff,0xf0,0x3f,0xf8,0x3f,
	//sprite 145
	0x07,0x90,0x00,0x0d,0xc8,0x00,0x1c,0xf0,0x00,0x1a,0x68,0x00,0x30,0x40,0x00,0x28,0xb8,0x00,0x68,0x3d,0xe0,0x5b,0xe0,0x60,0xff,0xe6,0x60,0xd7,0xeb,0xe0,0x77,0xff,0xc0,0x3b,0xb7,0x00,0x1e,0xbe,0x00,0x0f,0xc2,0x00,0x0f,0x7b,0x80,0x0e,0x4e,0x00,0x0c,0xeb,0x80,0x0c,0x75,0x80,0x07,0xef,0x00,0x03,0xea,0x00,0x01,0xe6,0x00,0x01,0xf8,0x00,0x01,0xc8,0x00,0x03,0xbc,0x00,0x04,0xd8,0x00,0x0e,0xf4,0x00,0x08,0xcb,0x00,0x0b,0x80,0x00,0x1f,0x00,0x00,0x1e,0x00,0x00,0x35,0x80,0x00,0x3f,0x80,0x00,0x1d,0x00,0x00,0x0f,0x00,0x00,0x06,0x80,0x00,0x03,0x80,0x00,
	0x07,0xf0,0x00,0x0f,0xb8,0x00,0x1a,0x68,0x00,0x1d,0xb0,0x00,0x3f,0x3c,0x00,0x3f,0x7c,0x00,0x47,0xfd,0xa0,0x67,0xf9,0xa0,0xbf,0xff,0xa0,0xff,0xfd,0xe0,0x7b,0xf9,0xc0,0x3d,0xfb,0x00,0x1f,0xfe,0x00,0x0e,0xff,0x80,0x0f,0xc6,0x00,0x0b,0x07,0x80,0x0c,0x5d,0x80,0x0f,0xf8,0x80,0x07,0xf1,0x00,0x03,0xf6,0x00,0x01,0xfe,0x00,0x01,0xfe,0x00,0x01,0xf4,0x00,0x03,0xdc,0x00,0x07,0xe0,0x00,0x0d,0xfa,0x00,0x0f,0xcf,0x00,0x0f,0x80,0x00,0x1f,0x00,0x00,0x1f,0x80,0x00,0x3a,0x80,0x00,0x3f,0x80,0x00,0x1b,0x00,0x00,0x0d,0x00,0x00,0x07,0x80,0x00,0x03,0x80,0x00,
	0xf8,0x0f,0xff,0xf0,0x07,0xff,0xe0,0x07,0xff,0xe0,0x07,0xff,0xc0,0x03,0xff,0xc0,0x03,0xff,0x80,0x02,0x1f,0x80,0x06,0x1f,0x00,0x00,0x1f,0x00,0x00,0x1f,0x80,0x00,0x3f,0xc0,0x00,0xff,0xe0,0x01,0xff,0xf0,0x00,0x7f,0xf0,0x00,0x7f,0xf0,0x00,0x7f,0xf0,0x00,0x7f,0xf0,0x00,0x7f,0xf8,0x00,0xff,0xfc,0x01,0xff,0xfe,0x01,0xff,0xfe,0x01,0xff,0xfe,0x03,0xff,0xfc,0x03,0xff,0xf8,0x03,0xff,0xf0,0x01,0xff,0xf0,0x30,0xff,0xf0,0x7f,0xff,0xe0,0xff,0xff,0xe0,0x7f,0xff,0xc0,0x7f,0xff,0xc0,0x7f,0xff,0xe0,0xff,0xff,0xf0,0xff,0xff,0xf8,0x7f,0xff,0xfc,0x7f,0xff,
	//sprite 146
	0x0e,0x40,0x3e,0x20,0x7f,0x20,0xfd,0xa0,0xe6,0x90,0xa6,0xf0,0xd8,0xa0,0xf1,0x80,0x8f,0xc0,0x5f,0xf8,0x1f,0x68,0x5f,0x70,0x9f,0xf8,0x3f,0xf0,0xb5,0xfc,0x7f,0xc8,0x3b,0x7a,0x32,0xb4,0x1f,0xe2,0x03,0xda,0x07,0xe0,0x35,0x78,0xf3,0xb0,0xae,0xf8,0xfe,0xd8,0xef,0x50,0xf0,0x70,0xc0,0xd8,0xe0,0x64,0x60,0x3c,
	0x0f,0xc0,0x3e,0xe0,0x7f,0xe0,0xc3,0xc0,0xa9,0xf0,0xf9,0xf0,0xe7,0xe0,0xff,0xe0,0xff,0xe0,0x8f,0xf8,0x8f,0xf8,0x8f,0xe8,0xff,0xf8,0xff,0xf0,0xfb,0xfc,0x79,0xfe,0x3e,0xfc,0x3f,0xfe,0x1f,0xf6,0x03,0xe6,0x07,0xd8,0x3b,0x98,0xff,0xf0,0xff,0xf8,0xff,0x68,0xfe,0xf0,0xf1,0x80,0xe0,0xe8,0xe0,0x7c,0x60,0x3c,
	0xf0,0x3f,0xc0,0x1f,0x80,0x1f,0x00,0x1f,0x00,0x0f,0x00,0x0f,0x00,0x1f,0x00,0x1f,0x00,0x1f,0x00,0x07,0x00,0x07,0x00,0x07,0x00,0x07,0x00,0x0f,0x00,0x03,0x80,0x01,0xc0,0x01,0xc0,0x01,0xe0,0x01,0xfc,0x01,0xf8,0x07,0xc0,0x07,0x00,0x0f,0x00,0x07,0x00,0x07,0x00,0x0f,0x0e,0x0f,0x1f,0x07,0x1f,0x83,0x9f,0xc3,
	//sprite 147
	0x0e,0x40,0x12,0x20,0x1f,0x20,0x3e,0xa0,0x67,0x80,0x79,0xe0,0x7e,0xe0,0x69,0x80,0x7f,0xc0,0x09,0xe0,0x75,0x60,0x7d,0xc0,0x3a,0x2c,0x3f,0xf8,0x37,0xaa,0x37,0xfa,0x3b,0xf8,0x13,0xe2,0x0b,0xd2,0x07,0xf4,0x11,0xf8,0xf5,0xb0,0xef,0xf8,0xbe,0x78,0xef,0x30,0xf2,0x00,0xc0,0xb8,0xe0,0x74,0x60,0x3c,0x40,0x00,
	0x0f,0xc0,0x1e,0xe0,0x1f,0xe0,0x21,0xc0,0x70,0xe0,0x76,0xe0,0x7f,0xe0,0x73,0xe0,0x7f,0xe0,0x77,0xe0,0x63,0xe0,0x63,0xc0,0x37,0xfc,0x3e,0x2c,0x3e,0x7e,0x3f,0xfc,0x3f,0xfe,0x1f,0xf6,0x0b,0xe6,0x07,0xcc,0x1f,0x98,0xfb,0xf0,0xff,0xf8,0xff,0xe8,0xfe,0xd0,0xf3,0xf0,0xe0,0xc8,0xe0,0x6c,0x60,0x3c,0x40,0x00,
	0xf0,0x3f,0xe0,0x1f,0xe0,0x1f,0xc0,0x1f,0x80,0x1f,0x80,0x1f,0x80,0x1f,0x80,0x1f,0x80,0x1f,0x80,0x1f,0x80,0x1f,0x80,0x3f,0xc0,0x03,0xc0,0x03,0xc0,0x01,0xc0,0x01,0xc0,0x01,0xe0,0x01,0xf4,0x01,0xf8,0x03,0xe0,0x07,0x00,0x0f,0x00,0x07,0x00,0x07,0x00,0x0f,0x0c,0x0f,0x1f,0x07,0x1f,0x83,0x9f,0xc3,0xbf,0xff,
	//sprite 148
	0x0e,0x40,0x12,0x20,0x3f,0x20,0x3f,0xa0,0x70,0xc0,0x65,0xe0,0x7e,0xe0,0x7d,0x58,0x7f,0xf4,0x1d,0xf0,0x70,0xd4,0x37,0xee,0x0a,0xf8,0x35,0xb8,0x2f,0xa0,0x30,0xe8,0x29,0x7c,0x10,0x7e,0x04,0x9e,0x03,0x2e,0x02,0x74,0x0e,0x48,0x35,0xb0,0xec,0xe0,0xbf,0xc0,0xa7,0xa0,0xbf,0x60,0xde,0x00,0x33,0x00,0x51,0xe0,0x28,0xe0,0x38,0x00,
	0x0f,0xc0,0x1e,0xe0,0x3f,0xe0,0x38,0xc0,0x72,0x60,0x7a,0xa0,0x7f,0xe0,0x78,0xf8,0x7f,0xfc,0x7f,0xf4,0x79,0xec,0x38,0xfe,0x0d,0xf8,0x3f,0xf8,0x33,0xe0,0x21,0x78,0x32,0x3c,0x1e,0x1e,0x07,0x3e,0x03,0xfe,0x03,0xec,0x0c,0x38,0x38,0x70,0xf7,0xe0,0xff,0xc0,0xdf,0xe0,0xff,0xe0,0xef,0x80,0x53,0xc0,0x61,0xe0,0x38,0xe0,0x38,0x00,
	0xf0,0x3f,0xe0,0x1f,0xc0,0x1f,0xc0,0x1f,0x80,0x1f,0x80,0x1f,0x80,0x1f,0x80,0x07,0x80,0x03,0x80,0x03,0x80,0x03,0xc0,0x01,0xf0,0x07,0xc0,0x07,0xc0,0x1f,0xc0,0x07,0xc0,0x03,0xe0,0x01,0xf8,0x01,0xfc,0x01,0xfc,0x03,0xf0,0x07,0xc0,0x0f,0x00,0x1f,0x00,0x3f,0x00,0x1f,0x00,0x1f,0x00,0x7f,0x8c,0x3f,0x8e,0x1f,0xc7,0x1f,0xc7,0xff,
	//sprite 149
	0x06,0xe0,0x00,0x08,0xd0,0x00,0x2e,0x40,0x00,0x7e,0xd0,0x00,0x0a,0x30,0x00,0x68,0x30,0x00,0x2a,0xd3,0x00,0x68,0x36,0x80,0x7f,0xfb,0xc0,0xe7,0x4c,0xc0,0x5f,0xce,0x80,0x3f,0x4f,0x00,0x1d,0xfe,0x00,0x0d,0xf4,0x00,0x0f,0xd0,0x00,0x00,0x54,0x00,0x0b,0xea,0x00,0x0f,0xbb,0x00,0x07,0xbf,0x00,0x05,0xfe,0x00,0x02,0xaf,0x00,0x01,0x52,0x00,0x01,0xe6,0x00,0x03,0x94,0x00,0x07,0xb8,0x00,0x04,0x3c,0x00,0x04,0xfc,0x00,0x03,0x70,0x00,0x09,0xb8,0x00,0x0f,0xec,0x00,0x1b,0xf6,0x00,0x1f,0x0f,0x00,0x1f,0x80,0x00,0x0d,0x40,0x00,0x06,0x20,0x00,0x01,0xf0,0x00,
	0x07,0xa0,0x00,0x1f,0xb0,0x00,0x3f,0xf0,0x00,0x7e,0x20,0x00,0x3d,0x80,0x00,0x5e,0xd0,0x00,0x5d,0x63,0x00,0xff,0xd7,0x80,0xff,0xbd,0x40,0xff,0xff,0xc0,0x77,0xcf,0x80,0x3f,0x87,0x00,0x1f,0xce,0x00,0x0f,0xfc,0x00,0x08,0xf8,0x00,0x08,0xec,0x00,0x08,0x76,0x00,0x08,0x7f,0x00,0x04,0x7f,0x00,0x06,0x3f,0x00,0x03,0x6f,0x00,0x01,0xfe,0x00,0x01,0xde,0x00,0x03,0x7c,0x00,0x06,0x78,0x00,0x06,0x7c,0x00,0x06,0x7c,0x00,0x04,0xf8,0x00,0x0f,0xf8,0x00,0x0f,0xfc,0x00,0x1f,0x7e,0x00,0x12,0x8f,0x00,0x1f,0x80,0x00,0x0e,0xc0,0x00,0x07,0x60,0x00,0x01,0xf0,0x00,
	0xf8,0x1f,0xff,0xe0,0x0f,0xff,0xc0,0x0f,0xff,0x80,0x0f,0xff,0xc0,0x0f,0xff,0x80,0x0f,0xff,0x80,0x0c,0xff,0x00,0x08,0x7f,0x00,0x00,0x3f,0x00,0x00,0x3f,0x80,0x00,0x7f,0xc0,0x00,0xff,0xe0,0x01,0xff,0xf0,0x03,0xff,0xf0,0x07,0xff,0xf0,0x03,0xff,0xf0,0x01,0xff,0xf0,0x00,0xff,0xf8,0x00,0xff,0xf8,0x00,0xff,0xfc,0x10,0xff,0xfe,0x01,0xff,0xfe,0x01,0xff,0xfc,0x03,0xff,0xf8,0x07,0xff,0xf8,0x03,0xff,0xf8,0x03,0xff,0xf8,0x07,0xff,0xf0,0x07,0xff,0xf0,0x03,0xff,0xe0,0x01,0xff,0xe0,0x70,0xff,0xe0,0x7f,0xff,0xf0,0x3f,0xff,0xf8,0x1f,0xff,0xfe,0x0f,0xff,
	//sprite 150
	0x0c,0x40,0x00,0x1a,0x20,0x00,0x3f,0xa0,0x00,0x3a,0xa0,0x00,0x77,0x00,0x00,0x65,0x60,0x00,0x6a,0xe0,0x00,0x62,0xe0,0x00,0x79,0x50,0x00,0x75,0xf0,0x00,0x1c,0xfc,0x00,0x19,0x73,0xc0,0x1b,0x59,0xa0,0x12,0x6b,0xa0,0x14,0xcf,0xe0,0x00,0xff,0xc0,0x1e,0xff,0x00,0x18,0xff,0x00,0x0d,0x5b,0x00,0x02,0xa6,0x00,0x76,0x74,0x00,0xfa,0x48,0x00,0xec,0x3a,0x00,0x6f,0xe0,0x00,0x6e,0xbc,0x00,0x7e,0xe4,0x00,0x60,0x32,0x00,0x60,0x08,0x00,0x60,0x06,0x00,
	0x0f,0xc0,0x00,0x1d,0xe0,0x00,0x3f,0xe0,0x00,0x3d,0xc0,0x00,0x78,0xe0,0x00,0x70,0xe0,0x00,0x75,0x60,0x00,0x7d,0xe0,0x00,0x7f,0xf0,0x00,0x7b,0xf0,0x00,0x7f,0xfc,0x00,0x1c,0xff,0xc0,0x1c,0xf2,0xe0,0x1f,0xde,0xe0,0x13,0xff,0xe0,0x13,0xff,0xc0,0x11,0x7e,0x00,0x1e,0x3f,0x00,0x0e,0x3f,0x00,0x03,0x7e,0x00,0x77,0xec,0x00,0xcc,0x38,0x00,0xdf,0xfe,0x00,0x77,0xfc,0x00,0x5a,0xfc,0x00,0x4e,0xfc,0x00,0x50,0x3e,0x00,0x40,0x0e,0x00,0x60,0x06,0x00,
	0xf0,0x3f,0xff,0xe0,0x1f,0xff,0xc0,0x1f,0xff,0xc0,0x1f,0xff,0x80,0x1f,0xff,0x80,0x1f,0xff,0x80,0x1f,0xff,0x80,0x1f,0xff,0x80,0x0f,0xff,0x80,0x0f,0xff,0x80,0x03,0xff,0xe0,0x00,0x3f,0xe0,0x00,0x1f,0xe0,0x00,0x1f,0xe0,0x00,0x1f,0xe0,0x00,0x3f,0xe0,0x00,0xff,0xe0,0x00,0xff,0xf0,0x00,0xff,0xfc,0x01,0xff,0x88,0x03,0xff,0x00,0x07,0xff,0x00,0x01,0xff,0x80,0x03,0xff,0x81,0x03,0xff,0x81,0x03,0xff,0x8f,0xc1,0xff,0x9f,0xf1,0xff,0x9f,0xf9,0xff,
	//sprite 151
	0x02,0x80,0x00,0x06,0xc0,0x00,0x05,0x40,0x00,0x07,0xc0,0x00,0x04,0x40,0x00,0x05,0x40,0x00,0x05,0x40,0x00,0x05,0x40,0x00,0x05,0xc0,0x00,0x07,0x60,0x00,0x1d,0xf0,0x00,0x3f,0xe8,0x00,0x7e,0x28,0x00,0x53,0xbc,0x00,0xa3,0xac,0x00,0x80,0xfc,0x00,0xf0,0xfc,0x00,0x8f,0xf8,0x00,0xc7,0xa0,0x00,0x7f,0xe0,0x00,0x1e,0xc0,0x00,0x0b,0xe7,0x00,0x14,0xc2,0x80,0x1a,0xff,0x80,0x29,0xff,0x80,0x7f,0x7f,0x00,0x7f,0xb2,0x00,0xed,0x76,0x00,0xbf,0xd6,0x00,0x9f,0x3e,0x00,0xaa,0xfa,0x00,0x55,0xfe,0x00,0x17,0x79,0xc0,0xc1,0xff,0x80,0x00,0xfe,0x00,
	0x03,0x80,0x00,0x07,0xc0,0x00,0x06,0xc0,0x00,0x07,0xc0,0x00,0x06,0xc0,0x00,0x06,0xc0,0x00,0x06,0xc0,0x00,0x06,0xc0,0x00,0x06,0xc0,0x00,0x07,0xe0,0x00,0x1f,0x70,0x00,0x3e,0xd8,0x00,0x7e,0x78,0x00,0x6e,0x7c,0x00,0xce,0x74,0x00,0xfb,0x7c,0x00,0xcf,0xfc,0x00,0xf7,0xf8,0x00,0xff,0xe0,0x00,0x7f,0xe0,0x00,0x7d,0xc0,0x00,0x0c,0xff,0x00,0x1b,0xff,0x80,0x11,0xfe,0x80,0x30,0xff,0x80,0x70,0xff,0x00,0x58,0x7e,0x00,0xfe,0x3e,0x00,0xef,0x3e,0x00,0xeb,0xfe,0x00,0xec,0xfe,0x00,0x86,0x6e,0x00,0xd7,0xde,0xc0,0xc1,0xff,0x80,0x00,0xfe,0x00,
	0xfc,0x7f,0xff,0xf8,0x3f,0xff,0xf8,0x3f,0xff,0xf8,0x3f,0xff,0xf8,0x3f,0xff,0xf8,0x3f,0xff,0xf8,0x3f,0xff,0xf8,0x3f,0xff,0xf8,0x3f,0xff,0xf8,0x1f,0xff,0xe0,0x0f,0xff,0xc0,0x07,0xff,0x80,0x07,0xff,0x80,0x03,0xff,0x00,0x03,0xff,0x00,0x03,0xff,0x00,0x03,0xff,0x00,0x07,0xff,0x00,0x1f,0xff,0x80,0x1f,0xff,0x80,0x3f,0xff,0xf0,0x00,0xff,0xe0,0x00,0x7f,0xe0,0x00,0x7f,0xc0,0x00,0x7f,0x80,0x00,0xff,0x80,0x01,0xff,0x00,0x01,0xff,0x00,0x01,0xff,0x00,0x01,0xff,0x00,0x01,0xff,0x28,0x01,0xff,0x28,0x00,0x3f,0x3e,0x00,0x7f,0xff,0x01,0xff,
	//sprite 152
	0x03,0xf8,0x00,0x07,0xec,0x00,0x0e,0xf2,0x00,0x03,0xfd,0x00,0x0f,0x9a,0x80,0x0f,0x7a,0x80,0x0f,0xd5,0x80,0x0f,0xa4,0x00,0x05,0xeb,0x00,0x0f,0xff,0x80,0x0b,0xfb,0x00,0x17,0xf1,0x80,0x08,0xfd,0x00,0x01,0xff,0x80,0x1a,0xff,0x00,0x0c,0xbe,0x00,0x05,0x3d,0x00,0x06,0xfc,0x00,0x0d,0xfc,0x00,0xf9,0xd6,0x00,0xb4,0x32,0x00,0xd5,0xfe,0x00,0xfe,0x7a,0x00,0xb0,0xdc,0x00,0x9c,0xf8,0x00,0x40,0x74,0x00,0x60,0x18,0x00,0x60,0x06,0x00,0x20,0x00,0x00,
	0x03,0xf8,0x00,0x07,0xfc,0x00,0x0f,0xfe,0x00,0x0f,0xfd,0x00,0x0f,0xcf,0x80,0x07,0x87,0x80,0x0f,0xaa,0x80,0x0f,0xfb,0x00,0x0b,0xf7,0x00,0x0f,0xff,0x80,0x0f,0xe7,0x80,0x19,0xef,0x00,0x11,0xeb,0x80,0x10,0xef,0x80,0x11,0x7e,0x00,0x0a,0x73,0x00,0x06,0x73,0x00,0x07,0x72,0x00,0x0f,0xf2,0x00,0xfc,0x3a,0x00,0xd9,0xfe,0x00,0xbb,0xfe,0x00,0xee,0x76,0x00,0xd4,0xfc,0x00,0xdc,0xf8,0x00,0x40,0x7c,0x00,0x40,0x1e,0x00,0x60,0x06,0x00,0x20,0x00,0x00,
	0xfc,0x07,0xff,0xf8,0x03,0xff,0xf0,0x01,0xff,0xf0,0x00,0xff,0xf0,0x00,0x7f,0xf0,0x00,0x7f,0xf0,0x00,0x7f,0xf0,0x00,0xff,0xf0,0x00,0xff,0xf0,0x00,0x7f,0xf0,0x00,0x7f,0xe0,0x00,0x7f,0xe0,0x00,0x7f,0xe0,0x00,0x7f,0xe0,0x00,0xff,0xf0,0x00,0xff,0xf8,0x00,0xff,0xf8,0x01,0xff,0xf0,0x01,0xff,0x00,0x01,0xff,0x00,0x01,0xff,0x00,0x01,0xff,0x01,0x81,0xff,0x03,0x03,0xff,0x03,0x07,0xff,0x9f,0x83,0xff,0x9f,0xe1,0xff,0x9f,0xf9,0xff,0xdf,0xff,0xff,
	//sprite 153
	0x00,0x00,0x30,0x00,0x00,0x78,0x00,0x00,0xbc,0x00,0x01,0xfc,0x03,0xc3,0xf8,0x07,0x27,0x30,0x08,0x1f,0x60,0x00,0x6a,0xc0,0x11,0xbb,0x80,0x10,0x2d,0x00,0x35,0x20,0x00,0x12,0x1e,0x00,0x1b,0xf8,0x00,0x2f,0xf0,0x00,0x3f,0xe0,0x00,0x3f,0xe0,0x00,0x1f,0x60,0x00,0x0f,0x27,0x00,0x17,0xc2,0x80,0x1a,0xff,0x80,0x29,0xff,0x80,0x7f,0x7f,0x00,0x7f,0xb2,0x00,0xed,0x76,0x00,0xbf,0xd6,0x00,0x9f,0x3e,0x00,0xaa,0xfa,0x00,0x55,0xfe,0x00,0x17,0x79,0xc0,0xc1,0xff,0x80,0x00,0xfe,0x00,
	0x00,0x00,0x30,0x00,0x00,0x78,0x00,0x00,0xec,0x00,0x01,0xdc,0x03,0xc3,0x38,0x06,0xe6,0x70,0x0f,0xfc,0xe0,0x0f,0xf7,0xc0,0x1c,0xe7,0x80,0x19,0xc7,0x00,0x38,0xce,0x00,0x3f,0xee,0x00,0x3c,0xf8,0x00,0x3f,0xf0,0x00,0x1f,0xe0,0x00,0x3f,0xe0,0x00,0x1f,0xe0,0x00,0x0f,0xff,0x00,0x1b,0xff,0x80,0x11,0xfe,0x80,0x30,0xff,0x80,0x70,0xff,0x00,0x58,0x7e,0x00,0xfe,0x3e,0x00,0xef,0x3e,0x00,0xeb,0xfe,0x00,0xec,0xfe,0x00,0x86,0x6e,0x00,0xd7,0xde,0xc0,0xc1,0xff,0x80,0x00,0xfe,0x00,
	0xff,0xff,0xcf,0xff,0xff,0x87,0xff,0xff,0x03,0xff,0xfe,0x03,0xfc,0x3c,0x07,0xf8,0x18,0x0f,0xf0,0x00,0x1f,0xf0,0x00,0x3f,0xe0,0x00,0x7f,0xe0,0x00,0xff,0xc0,0x01,0xff,0xc0,0x01,0xff,0xc0,0x07,0xff,0xc0,0x0f,0xff,0xc0,0x1f,0xff,0xc0,0x1f,0xff,0xe0,0x1f,0xff,0xf0,0x00,0xff,0xe0,0x00,0x7f,0xe0,0x00,0x7f,0xc0,0x00,0x7f,0x80,0x00,0xff,0x80,0x01,0xff,0x00,0x01,0xff,0x00,0x01,0xff,0x00,0x01,0xff,0x00,0x01,0xff,0x28,0x01,0xff,0x28,0x00,0x3f,0x3e,0x00,0x7f,0xff,0x01,0xff,
	//sprite 154
	0x01,0x90,0x00,0x04,0x48,0x00,0x03,0xf0,0x00,0x04,0xd8,0x00,0x1a,0xb8,0x00,0x18,0xd0,0x00,0x28,0x08,0x00,0x2e,0x9e,0x00,0x1d,0xf2,0x00,0x2f,0xe0,0x00,0x3f,0xd3,0x80,0x0f,0xef,0xc0,0x0f,0x3e,0x60,0x15,0xcd,0x30,0x12,0xe6,0x98,0x05,0xff,0x2c,0x1e,0xff,0xf4,0x18,0xff,0xf8,0x0d,0x5b,0x30,0x02,0xa6,0x00,0x76,0x74,0x00,0xfa,0x48,0x00,0xec,0x3a,0x00,0x6f,0xe0,0x00,0x6e,0xbc,0x00,0x7e,0xe4,0x00,0x60,0x30,0x00,0x60,0x08,0x00,0x60,0x06,0x00,
	0x01,0xf0,0x00,0x07,0xb8,0x00,0x07,0xf8,0x00,0x0e,0x28,0x00,0x1d,0x40,0x00,0x1d,0x38,0x00,0x3e,0xf8,0x00,0x3d,0xd2,0x00,0x3f,0xa4,0x00,0x1f,0xc6,0x00,0x3f,0xe1,0x80,0x0f,0xf3,0xc0,0x0f,0xfe,0xe0,0x1b,0xfe,0x70,0x11,0xff,0x38,0x10,0xff,0xfc,0x11,0x7f,0xdc,0x1e,0x3f,0xe8,0x0e,0x3f,0x30,0x03,0x7e,0x00,0x77,0xec,0x00,0xcc,0x38,0x00,0xdf,0xfe,0x00,0x77,0xfc,0x00,0x5a,0xfc,0x00,0x4e,0xfc,0x00,0x50,0x3c,0x00,0x40,0x0e,0x00,0x60,0x06,0x00,
	0xfe,0x0f,0xff,0xf8,0x07,0xff,0xf8,0x07,0xff,0xf0,0x07,0xff,0xe0,0x07,0xff,0xe0,0x07,0xff,0xc0,0x07,0xff,0xc0,0x01,0xff,0xc0,0x01,0xff,0xc0,0x01,0xff,0xc0,0x00,0x7f,0xf0,0x00,0x3f,0xf0,0x00,0x1f,0xe0,0x00,0x0f,0xe0,0x00,0x07,0xe0,0x00,0x03,0xe0,0x00,0x03,0xe0,0x00,0x07,0xf0,0x00,0xcf,0xfc,0x01,0xff,0x88,0x03,0xff,0x00,0x07,0xff,0x00,0x01,0xff,0x80,0x03,0xff,0x81,0x03,0xff,0x81,0x03,0xff,0x8f,0xc3,0xff,0x9f,0xf1,0xff,0x9f,0xf9,0xff,
	//sprite 155
	0x00, //alignment byte
	0x0e,0x00,0x15,0x20,0x22,0xe0,0x25,0x40,0x76,0x60,0x7e,0xe0,0x5b,0x80,0xd7,0x00,0xff,0xc0,0xff,0xe0,0xdf,0x40,0x7e,0x80,0x6f,0x80,0x3f,0x00,0x1f,0x80,0x0e,0x80,0x0f,0x00,0x0d,0x80,0x0e,0x80,0x0f,0x00,0x0f,0x80,0x1b,0x80,0x15,0x00,0x17,0x00,0x1b,0x00,0x1e,0x00,0x04,0x00,0x1e,0x00,0x1c,0x00,0x3e,0x00,0x26,0x00,0x38,0x00,0x16,0x00,0x1c,0x00,0x0d,0x00,0x03,0x00,
	0x0f,0xc0,0x1f,0xc0,0x39,0xa0,0x3a,0xe0,0x6d,0xe0,0x57,0xe0,0x8f,0xe0,0x8f,0xe0,0x7f,0xe0,0x7f,0xe0,0xef,0xc0,0x67,0x80,0x77,0x80,0x3b,0x80,0x1d,0x80,0x0f,0x80,0x0f,0x80,0x0c,0x80,0x0d,0x80,0x0f,0x80,0x0e,0x80,0x1f,0x80,0x1b,0x00,0x13,0x00,0x17,0x00,0x16,0x00,0x1c,0x00,0x1e,0x00,0x1a,0x00,0x0a,0x00,0x3e,0x00,0x3c,0x00,0x1a,0x00,0x1e,0x00,0x0f,0x00,0x03,0x00,
	0xf0,0x3f,0xe0,0x1f,0xc0,0x1f,0xc0,0x1f,0x80,0x1f,0x80,0x1f,0x00,0x1f,0x00,0x1f,0x00,0x1f,0x00,0x1f,0x00,0x3f,0x80,0x7f,0x80,0x7f,0xc0,0x7f,0xe0,0x7f,0xf0,0x7f,0xf0,0x7f,0xf0,0x7f,0xf0,0x7f,0xf0,0x7f,0xf0,0x7f,0xe0,0x7f,0xe0,0xff,0xe0,0xff,0xe0,0xff,0xe1,0xff,0xe3,0xff,0xe1,0xff,0xe1,0xff,0xc1,0xff,0xc1,0xff,0xc3,0xff,0xe1,0xff,0xe1,0xff,0xf0,0xff,0xfc,0xff,
	//sprite 156
	0x00,0x01,0xa0,0x00,0x00,0x1d,0x38,0x00,0x00,0x3f,0x3f,0x80,0x00,0x7f,0x8c,0xc0,0x00,0xb7,0xaa,0xf0,0x01,0x2f,0xfb,0x38,0x02,0x7b,0x7e,0xd4,0x05,0xb0,0xfd,0x78,0x0f,0xe0,0x37,0xf8,0x0f,0xc3,0xf3,0xe0,0x07,0x87,0xf3,0xe4,0x03,0x05,0x7f,0xf4,0x00,0x09,0xfa,0xd4,0x00,0x0a,0xff,0xfc,0x00,0x0d,0xff,0xdc,0x00,0x1b,0xf7,0xf8,0x00,0x1f,0xfb,0xe8,0x01,0xff,0xbf,0xe0,0x67,0x3f,0xfe,0x40,0xff,0x5b,0x5f,0x40,0xbf,0xff,0xbf,0x80,0xe7,0x83,0xe7,0x80,0xb8,0x02,0x00,0x00,0xa0,0x03,0x00,0x00,0xc0,0x00,0x00,0x00,0xc0,0x00,0x00,0x00,
	0x00,0x01,0xe0,0x00,0x00,0x1f,0xf8,0x00,0x00,0x35,0x9f,0x80,0x00,0x65,0x7f,0xc0,0x00,0xdc,0x9f,0xf0,0x01,0x9e,0xff,0xf8,0x03,0x3b,0xff,0x2c,0x07,0x70,0xff,0xa4,0x0e,0xe0,0x3e,0xa4,0x0d,0xc3,0xff,0xfc,0x07,0x87,0xff,0xf8,0x03,0x06,0xfd,0xfc,0x00,0x0c,0xfd,0xec,0x00,0x0d,0xff,0x6c,0x00,0x0f,0xfb,0xbc,0x00,0x17,0xf9,0x98,0x00,0x1f,0xfd,0xf8,0x01,0xff,0xfe,0xe0,0x67,0xff,0xff,0xc0,0xfe,0x37,0xff,0xc0,0xdc,0x3f,0xff,0xc0,0xff,0x83,0xe7,0x80,0xd4,0x03,0x00,0x00,0xa0,0x03,0x00,0x00,0x80,0x00,0x00,0x00,0xc0,0x00,0x00,0x00,
	0xff,0xfe,0x1f,0xff,0xff,0xe0,0x07,0xff,0xff,0xc0,0x00,0x7f,0xff,0x80,0x00,0x3f,0xff,0x00,0x00,0x0f,0xfe,0x00,0x00,0x07,0xfc,0x04,0x00,0x03,0xf8,0x0f,0x00,0x03,0xf0,0x1f,0xc0,0x03,0xf0,0x3c,0x00,0x03,0xf8,0x78,0x00,0x03,0xfc,0xf8,0x00,0x03,0xff,0xf0,0x00,0x03,0xff,0xf0,0x00,0x03,0xff,0xf0,0x00,0x03,0xff,0xe0,0x00,0x07,0xff,0xe0,0x00,0x07,0xfe,0x00,0x00,0x1f,0x98,0x00,0x00,0x3f,0x00,0x00,0x00,0x3f,0x00,0x00,0x00,0x3f,0x00,0x7c,0x18,0x7f,0x03,0xfc,0xff,0xff,0x1f,0xfc,0xff,0xff,0x3f,0xff,0xff,0xff,0x3f,0xff,0xff,0xff,
	//sprite 157
	0x0b,0x80,0x00,0x18,0x84,0x00,0x30,0x74,0x00,0x22,0x38,0x00,0x30,0xb8,0x00,0x20,0x74,0x00,0x1c,0xfc,0x00,0x2b,0xf4,0x00,0x29,0xe4,0x00,0x2f,0xf8,0x00,0x7f,0xf0,0x00,0x67,0x80,0x00,0xd3,0x30,0x00,0x69,0xe2,0x00,0x32,0xe1,0x80,0x1f,0xff,0x00,0x0f,0xbf,0x00,0x0f,0xbd,0x80,0x07,0xa9,0x00,0x01,0x52,0x00,0x3b,0x28,0x00,0x7d,0x24,0x00,0x74,0x1c,0x00,0x27,0xf2,0x00,0x3a,0x5c,0x00,0x28,0x74,0x00,0x38,0x1a,0x00,0x30,0x0c,0x00,0x30,0x03,0x00,
	0x0b,0xf0,0x00,0x1f,0xfc,0x00,0x3c,0xfc,0x00,0x3d,0x74,0x00,0x3f,0x6c,0x00,0x3f,0xfc,0x00,0x1f,0xfc,0x00,0x37,0xfc,0x00,0x33,0xfc,0x00,0x33,0xf8,0x00,0x7f,0xf0,0x00,0x6f,0xe0,0x00,0xe7,0xf0,0x00,0x73,0xfe,0x00,0x3f,0xff,0x80,0x1d,0xff,0x80,0x0e,0xff,0x80,0x0f,0x1f,0x80,0x07,0x1f,0x00,0x01,0xbe,0x00,0x3b,0xf4,0x00,0x66,0x1c,0x00,0x6f,0xfe,0x00,0x3b,0xfe,0x00,0x2c,0x7c,0x00,0x22,0x7c,0x00,0x28,0x1e,0x00,0x20,0x0f,0x00,0x30,0x03,0x00,
	0xf4,0x0f,0xff,0xe0,0x03,0xff,0xc0,0x03,0xff,0xc0,0x03,0xff,0xc0,0x03,0xff,0xc0,0x03,0xff,0xe0,0x03,0xff,0xc0,0x03,0xff,0xc0,0x03,0xff,0xc0,0x07,0xff,0x80,0x0f,0xff,0x80,0x1f,0xff,0x00,0x0f,0xff,0x80,0x01,0xff,0xc0,0x00,0x7f,0xe0,0x00,0x7f,0xf0,0x00,0x7f,0xf0,0x00,0x7f,0xf8,0x00,0xff,0xfe,0x01,0xff,0xc4,0x03,0xff,0x80,0x03,0xff,0x80,0x01,0xff,0xc0,0x01,0xff,0xc1,0x83,0xff,0xc5,0x83,0xff,0xc7,0xe1,0xff,0xcf,0xf0,0xff,0xcf,0xfc,0xff,
	//sprite 158
	0x00, //alignment byte
	0x0f,0x80,0x1f,0xe0,0x3f,0x38,0x75,0x88,0xc8,0xc8,0xd8,0xf8,0xd5,0x60,0x53,0xb0,0xe6,0xf8,0xe9,0xc8,0xfe,0xf8,0xe9,0xc8,0xf4,0x78,0xc8,0xf8,0xdc,0xa8,0x73,0xd8,0xe5,0xb0,0xe8,0xc8,0xa5,0xa0,0xfb,0x78,0xe7,0xa0,0x7c,0xf0,0x1e,0x90,0x07,0x68,0x01,0x88,0x00,0x18,
	0x0f,0x80,0x1f,0xe0,0x3f,0xf8,0x7f,0xb8,0xf5,0xf8,0xe2,0xf8,0xea,0x58,0xef,0xc8,0xfd,0xa8,0xf3,0xf8,0x7f,0xf8,0x30,0xf8,0xf8,0xf8,0xff,0xf0,0xfd,0xf0,0x7f,0x98,0xfb,0xd8,0xc5,0xf0,0xc3,0xf8,0xc7,0x98,0xff,0xf0,0x7f,0xd0,0x1d,0xf0,0x07,0xb8,0x01,0xf8,0x00,0x18,
	0xf0,0x7f,0xe0,0x1f,0xc0,0x07,0x80,0x07,0x00,0x07,0x00,0x07,0x00,0x07,0x00,0x07,0x00,0x07,0x00,0x07,0x00,0x07,0x00,0x07,0x00,0x07,0x00,0x07,0x00,0x07,0x80,0x07,0x00,0x07,0x00,0x07,0x00,0x07,0x00,0x07,0x00,0x0f,0x80,0x0f,0xe0,0x0f,0xf8,0x07,0xfe,0x07,0xff,0xe7,
	//sprite 159
	0x00,0xff,0x00,0x03,0x33,0xc0,0x06,0x69,0xe0,0x05,0xf9,0xb0,0x07,0xdd,0xd0,0x0f,0xd4,0xf8,0x0f,0xf5,0xd8,0x13,0xf9,0xd8,0x1f,0xbf,0x38,0x7f,0xbf,0x98,0xd3,0x7f,0x10,0xe5,0x1a,0xa0,0xec,0x79,0x00,0xf5,0x1e,0x00,0x7f,0x46,0x00,0x7e,0xf8,0x00,0x5b,0xf8,0x00,0x6c,0xa8,0x00,0x61,0x70,0x00,0x29,0x00,0x00,0x0c,0x00,0x00,0x10,0x00,0x00,0x0c,0x00,0x00,
	0x00,0xff,0x00,0x03,0xff,0xc0,0x07,0xf7,0xe0,0x03,0xc5,0xf0,0x07,0xea,0xf0,0x0f,0xfe,0xd8,0x0b,0xce,0xd8,0x1f,0xe7,0xf8,0x1f,0xde,0xf8,0x7f,0x8d,0x78,0xef,0x9e,0xf0,0xc3,0xff,0xe0,0xc3,0xff,0x00,0xeb,0xfe,0x00,0x7f,0x9a,0x00,0x7f,0x94,0x00,0x7c,0xf8,0x00,0x5f,0xd8,0x00,0x7f,0x70,0x00,0x37,0x00,0x00,0x14,0x00,0x00,0x1c,0x00,0x00,0x0c,0x00,0x00,
	0xff,0x00,0xff,0xfc,0x00,0x3f,0xf8,0x00,0x1f,0xf8,0x00,0x0f,0xf8,0x00,0x0f,0xf0,0x00,0x07,0xf0,0x00,0x07,0xe0,0x00,0x07,0xe0,0x00,0x07,0x80,0x00,0x07,0x00,0x00,0x0f,0x00,0x00,0x1f,0x00,0x00,0xff,0x00,0x01,0xff,0x80,0x01,0xff,0x80,0x03,0xff,0x80,0x07,0xff,0x80,0x07,0xff,0x80,0x8f,0xff,0xc0,0xff,0xff,0xe3,0xff,0xff,0xe3,0xff,0xff,0xf3,0xff,0xff,
	//sprite 160
	0x00, //alignment byte
	0x07,0xbf,0xbc,0x00,0x0c,0xf9,0xfe,0x00,0x1b,0x5f,0x87,0x00,0x12,0x6f,0x77,0x00,0x34,0x3c,0xbf,0x80,0x7b,0xb9,0x3f,0x80,0x5d,0xc1,0x4f,0x80,0x7e,0xdb,0xdf,0x80,0xd5,0xf3,0xee,0x80,0x95,0x5f,0xfd,0x00,0xf1,0xbb,0xb1,0x00,0xb7,0xb9,0x92,0x00,0xc7,0xde,0x4e,0x00,
	0x07,0xbd,0xfc,0x00,0x0f,0xff,0xfe,0x00,0x1c,0xef,0xff,0x00,0x1c,0xff,0x8f,0x00,0x38,0xfb,0xe3,0x80,0x7d,0x72,0xc7,0x80,0x6e,0x73,0x73,0x80,0x6f,0xf1,0x67,0x80,0xff,0xff,0xdf,0x80,0xbb,0xbf,0xb9,0x00,0xaf,0x1f,0xdf,0x00,0xfe,0xff,0x7e,0x00,0xc6,0x6e,0xfe,0x00,
	0xf8,0x40,0x03,0xff,0xf0,0x00,0x01,0xff,0xe0,0x00,0x00,0xff,0xe0,0x00,0x00,0xff,0xc0,0x00,0x00,0x7f,0x80,0x00,0x00,0x7f,0x80,0x00,0x00,0x7f,0x80,0x00,0x00,0x7f,0x00,0x00,0x00,0x7f,0x00,0x00,0x00,0xff,0x00,0x00,0x00,0xff,0x00,0x00,0x01,0xff,0x38,0x01,0x01,0xff,
	//sprite 161
	0x00,0xf0,0x00,0x1b,0x98,0x00,0x77,0x6c,0x00,0xaf,0x17,0x00,0x39,0x2b,0xc0,0xed,0x7e,0x90,0x3f,0xff,0xd8,0x19,0xbf,0xe4,0x0f,0x99,0xf4,0x00,0xf1,0x5e,0x03,0xe6,0x2c,0x0e,0xf6,0xf6,0x01,0xdf,0x16,0x01,0xbe,0x2e,0x00,0xec,0x1c,0x00,0x3b,0x9c,0x00,0x2f,0xfc,0x00,0x26,0xd8,0x00,0x14,0x30,0x00,0x1f,0xc0,
	0x00,0xf0,0x00,0x1f,0xf8,0x00,0x7b,0x9c,0x00,0xdf,0x8f,0x00,0xef,0xdd,0xc0,0xeb,0x8f,0xd0,0x29,0xff,0xf8,0x1f,0xff,0xfc,0x0e,0x6f,0xfc,0x0e,0x63,0xfe,0x0e,0x72,0xdc,0x0f,0xfe,0xce,0x02,0xfd,0xee,0x00,0xff,0xde,0x00,0xfb,0x6c,0x00,0x27,0x7c,0x00,0x3b,0xfc,0x00,0x3f,0x78,0x00,0x1f,0x70,0x00,0x1f,0xc0,
	0xff,0x0f,0xff,0xe0,0x07,0xff,0x80,0x03,0xff,0x00,0x00,0xff,0x00,0x00,0x3f,0x00,0x00,0x0f,0xc0,0x00,0x07,0xe0,0x00,0x03,0xf0,0x00,0x03,0xf0,0x00,0x01,0xf0,0x00,0x03,0xf0,0x00,0x01,0xfc,0x00,0x01,0xfe,0x00,0x01,0xff,0x00,0x03,0xff,0xc0,0x03,0xff,0xc0,0x03,0xff,0xc0,0x07,0xff,0xe0,0x0f,0xff,0xe0,0x3f,
	//sprite 162
	0x48,0x00,0xde,0x00,0x4f,0x00,0x06,0xc0,0x0b,0xf0,0x17,0x38,0xce,0xc8,0xfd,0xe8,0x7f,0x28,0x77,0xd8,0xe7,0x70,0x6e,0xc8,0xf8,0xc8,0xdc,0xf8,0x0c,0xa0,0x7f,0xf8,0x0d,0xb8,0xa8,0xb0,0x26,0x50,0xac,0x58,0xfa,0xf8,0xcd,0x58,0xc6,0x78,0x63,0xf0,0x1f,0xe0,0x0f,0x80,
	0x48,0x00,0xee,0x00,0x77,0x00,0x3d,0xc0,0x3d,0xf0,0x3f,0xf8,0xe7,0x38,0xbe,0x18,0xbc,0x98,0xce,0x78,0xcf,0xf0,0xbd,0xf8,0x7f,0xf8,0xf8,0x78,0x78,0x70,0x7b,0xf0,0x7e,0x78,0xdf,0xf8,0xdf,0xb8,0xf3,0xb8,0xfd,0x18,0xfc,0x78,0xef,0xf8,0x7f,0xf0,0x1f,0xe0,0x0f,0x80,
	0xb7,0xff,0x01,0xff,0x80,0xff,0xc0,0x3f,0xc0,0x0f,0xc0,0x07,0x00,0x07,0x00,0x07,0x00,0x07,0x00,0x07,0x00,0x0f,0x00,0x07,0x00,0x07,0x00,0x07,0x80,0x07,0x80,0x07,0x80,0x07,0x00,0x07,0x00,0x07,0x00,0x07,0x00,0x07,0x00,0x07,0x00,0x07,0x80,0x0f,0xe0,0x1f,0xf0,0x7f,
	//sprite 163
	0x00,0x01,0x80,0x00,0x00,0x40,0x00,0x01,0x80,0x00,0x04,0xa0,0x00,0x74,0x30,0x00,0xa9,0xb0,0x00,0xfe,0xd0,0x00,0xfb,0xf0,0x03,0x17,0xf0,0x03,0xc5,0x78,0x04,0xf1,0xb8,0x2a,0xc5,0x38,0x47,0xf6,0x58,0xcf,0xef,0xf0,0xe7,0xef,0xc0,0xdc,0xfe,0x40,0xdd,0x7f,0x80,0xf9,0x5f,0x80,0x5d,0xdf,0x00,0x6c,0xfd,0x00,0x3c,0xb3,0x00,0x1e,0x66,0x00,0x07,0xf8,0x00,
	0x00,0x01,0x80,0x00,0x01,0xc0,0x00,0x01,0x40,0x00,0x07,0x60,0x00,0x77,0xf0,0x00,0xdf,0xd0,0x00,0xf9,0xf0,0x01,0x4f,0xf0,0x02,0xcf,0xf0,0x03,0xfe,0xb8,0x07,0xfe,0x18,0x3f,0xfe,0x18,0x7b,0xcf,0xb8,0xf5,0x8f,0xf0,0xfb,0xdf,0xc0,0xff,0x3f,0xc0,0xdb,0x9e,0x80,0xdb,0xff,0x80,0x7a,0xbf,0x00,0x7d,0x1e,0x00,0x3f,0x7f,0x00,0x1f,0xfe,0x00,0x07,0xf8,0x00,
	0xff,0xfe,0x7f,0xff,0xfe,0x3f,0xff,0xfe,0x3f,0xff,0xf8,0x1f,0xff,0x88,0x0f,0xff,0x00,0x0f,0xff,0x00,0x0f,0xfe,0x00,0x0f,0xfc,0x00,0x0f,0xfc,0x00,0x07,0xf8,0x00,0x07,0xc0,0x00,0x07,0x80,0x00,0x07,0x00,0x00,0x0f,0x00,0x00,0x3f,0x00,0x00,0x3f,0x00,0x00,0x7f,0x00,0x00,0x7f,0x80,0x00,0xff,0x80,0x00,0xff,0xc0,0x00,0xff,0xe0,0x01,0xff,0xf8,0x07,0xff,
	//sprite 164
	0x00, //alignment byte
	0x39,0x95,0xa1,0x80,0x78,0xdb,0xfa,0x80,0x46,0x4f,0x5b,0x80,0x4f,0xfd,0xf8,0x80,0xbb,0xee,0xce,0x80,0xbd,0x6f,0xb3,0x00,0xf1,0x6d,0xfd,0x00,0xef,0xae,0xbe,0x00,0xfa,0x1f,0xde,0x00,0xf3,0xff,0xac,0x00,0x71,0xf7,0xfc,0x00,0x3f,0xdb,0x98,0x00,0x1c,0x9e,0xf0,0x00,
	0x3f,0x9b,0x61,0x80,0x7f,0x7f,0xbb,0x80,0x7d,0xfc,0xf6,0x80,0x5e,0xfc,0xce,0x80,0xfd,0xff,0xfd,0x80,0xf3,0xc7,0xff,0x00,0xe7,0x43,0x3b,0x00,0xf1,0x47,0x5e,0x00,0xe7,0xee,0x0e,0x00,0xf8,0xff,0x1c,0x00,0x7f,0xfb,0x1c,0x00,0x3f,0xff,0xf8,0x00,0x1f,0xde,0xf0,0x00,
	0xc0,0x60,0x1e,0x7f,0x80,0x00,0x04,0x7f,0x80,0x00,0x00,0x7f,0x80,0x00,0x00,0x7f,0x00,0x00,0x00,0x7f,0x00,0x00,0x00,0xff,0x00,0x00,0x00,0xff,0x00,0x00,0x01,0xff,0x00,0x00,0x01,0xff,0x00,0x00,0x03,0xff,0x80,0x00,0x03,0xff,0xc0,0x00,0x07,0xff,0xe0,0x01,0x0f,0xff,
	//sprite 165
	0x07,0xf0,0x00,0x18,0x50,0x00,0x36,0xc8,0x00,0x7f,0xe8,0x00,0x73,0xb8,0x00,0x70,0x6e,0x00,0xe8,0xfb,0x00,0xd1,0xf7,0x00,0xde,0xde,0xe0,0x68,0xcf,0x80,0xf5,0x1e,0x00,0x5f,0x33,0xe0,0x4f,0xfb,0x30,0x37,0xff,0xf8,0x12,0xfd,0x6e,0x07,0xa9,0x38,0x01,0xd1,0xea,0x00,0x6d,0xdc,0x00,0x33,0xb0,0x00,0x1e,0x00,
	0x07,0xf0,0x00,0x1d,0xf0,0x00,0x3d,0xf8,0x00,0x7f,0xb8,0x00,0x7d,0xc8,0x00,0x6d,0xbe,0x00,0xf7,0xfe,0x00,0xef,0x7e,0x80,0xe6,0xff,0xe0,0x76,0x9c,0xe0,0xff,0x8c,0xe0,0x7f,0xec,0xe0,0x7f,0xff,0xf0,0x3f,0xff,0x28,0x17,0xe3,0xae,0x07,0x77,0xee,0x01,0xe3,0xf6,0x00,0x73,0xbc,0x00,0x3f,0xf0,0x00,0x1e,0x00,
	0xf8,0x0f,0xff,0xe0,0x0f,0xff,0xc0,0x07,0xff,0x80,0x07,0xff,0x80,0x07,0xff,0x80,0x01,0xff,0x00,0x00,0xff,0x00,0x00,0x7f,0x00,0x00,0x1f,0x80,0x00,0x1f,0x00,0x00,0x1f,0x80,0x00,0x1f,0x80,0x00,0x0f,0xc0,0x00,0x07,0xe0,0x00,0x01,0xf8,0x00,0x01,0xfe,0x00,0x01,0xff,0x80,0x03,0xff,0xc0,0x0f,0xff,0xe1,0xff,
	//sprite 166
	0x00,0x7a,0x60,0x00,0x01,0xea,0x18,0x00,0x00,0xfc,0xc4,0x00,0x00,0x72,0x22,0x00,0x00,0xf8,0x92,0x00,0x00,0x70,0x25,0x00,0x09,0xfc,0x1b,0x00,0x10,0xff,0x8f,0x00,0x20,0x7b,0xea,0x80,0x02,0xee,0xa4,0x80,0x05,0xac,0xfe,0x80,0x07,0xaf,0x15,0x80,0x07,0x19,0x19,0x80,0x0e,0x0d,0x36,0x00,0x08,0xcd,0x1e,0x00,0x04,0xca,0x30,0x00,0x1c,0xdf,0xe0,0x00,0x1e,0x9a,0x10,0x00,0x0d,0x5e,0xe0,0x00,0x0d,0x13,0xa0,0x00,0x07,0x06,0xd0,0x00,0x05,0x31,0xf0,0x00,0x03,0x30,0xb0,0x00,0x00,0xef,0x80,0x00,0x02,0x27,0xf0,0x00,0x01,0x10,0x60,0x00,0x00,0xc0,0xc0,0x00,
	0x00,0x7f,0xe0,0x00,0x01,0xff,0xf8,0x00,0x00,0xff,0xfc,0x00,0x00,0x7f,0xfe,0x00,0x00,0xff,0xfe,0x00,0x00,0x7f,0xdf,0x00,0x01,0xff,0xef,0x00,0x00,0xff,0xf7,0x00,0x00,0x40,0xf7,0x80,0x00,0x9d,0x7b,0x80,0x01,0x77,0x39,0x80,0x03,0xd8,0xfb,0x80,0x07,0xb0,0xf7,0x80,0x0f,0xb0,0xfe,0x00,0x0f,0x3b,0xfa,0x00,0x0b,0xb7,0xd8,0x00,0x13,0xa9,0xe0,0x00,0x13,0xe7,0xf0,0x00,0x13,0xf1,0xa1,0x00,0x13,0xef,0x82,0x00,0x09,0xf5,0xd2,0x00,0x08,0xff,0xfc,0x00,0x04,0xcf,0xf8,0x00,0x07,0x33,0x80,0x00,0x03,0xdf,0xf0,0x00,0x01,0xff,0xe0,0x00,0x00,0xff,0xc0,0x00,
	0xff,0x80,0x1f,0xff,0xfe,0x00,0x07,0xff,0xff,0x00,0x03,0xff,0xfc,0x00,0x01,0xff,0xf8,0x00,0x01,0xff,0xf0,0x00,0x00,0xff,0xe0,0x00,0x00,0xff,0xc0,0x00,0x00,0xff,0x80,0x00,0x00,0x3f,0x80,0x00,0x00,0x1f,0x80,0x00,0x00,0x1f,0x00,0x00,0x00,0x0f,0x00,0x00,0x00,0x0f,0x00,0x00,0x00,0x0f,0x00,0x00,0x00,0x0f,0x00,0x00,0x00,0x0f,0x00,0x00,0x00,0x0f,0x00,0x00,0x00,0x0f,0x80,0x00,0x00,0x1f,0xe0,0x00,0x00,0x3f,0xf0,0x00,0x00,0x3f,0xf0,0x00,0x00,0x7f,0xf8,0x00,0x01,0xff,0xf8,0x00,0x03,0xff,0xfc,0x00,0x0f,0xff,0xfe,0x00,0x1f,0xff,0xff,0x00,0x3f,0xff,
	//sprite 167
	0x00,0x00,0x00,0x00,0x00,0x00,0x00,0x00,0x03,0x38,0x00,0x00,0x01,0xf0,0x08,0x00,0x15,0x8b,0x00,0x00,0x22,0x67,0x20,0x00,0x07,0x89,0x10,0x00,0x2f,0x20,0xd8,0x40,0x06,0x46,0x7f,0xe0,0xcf,0x5b,0xaf,0xf0,0x84,0x63,0x5b,0xf0,0xe6,0xd6,0x19,0x70,0x97,0xc4,0x1e,0xd0,0xb2,0xc8,0x21,0x50,0xfc,0x9d,0x72,0xd0,0x33,0xef,0x11,0xa0,0x7e,0x2d,0x34,0xa0,0x7a,0x24,0xf4,0x20,0x00,0x0f,0xc9,0x00,0x00,0x47,0x10,0x80,0x00,0x24,0xe5,0x00,0x00,0x06,0x8a,0x00,0x00,0x03,0x9c,0x00,0x00,0x01,0xe0,0x00,0x00,0x00,0x00,0x00,0x00,0x00,0x00,0x00,0x00,0x00,0x00,0x00,
	0x00,0x00,0x00,0x00,0x00,0x00,0x00,0x00,0x03,0xf8,0x00,0x00,0x06,0x0c,0x00,0x00,0x18,0x7f,0x00,0x00,0x39,0xff,0x00,0x00,0x39,0xff,0xd0,0x00,0x53,0xff,0xb8,0x40,0x7b,0xf9,0xdf,0xe0,0xb6,0xde,0x5f,0xf0,0xfe,0xbf,0xaf,0xf0,0xb9,0xa9,0xef,0xf0,0xfb,0x78,0xed,0xf0,0xfd,0x18,0xdf,0xf0,0xff,0xe8,0xdd,0xf0,0x7f,0xb6,0xbf,0xe0,0x7e,0xb7,0xfb,0xe0,0x7a,0x7f,0xfb,0xe0,0x0c,0x0f,0xf7,0xc0,0x04,0x14,0xef,0x80,0x04,0x0f,0x1f,0x00,0x02,0x07,0x7e,0x00,0x00,0x23,0xfc,0x00,0x00,0x41,0xe0,0x00,0x00,0x20,0x00,0x00,0x00,0x00,0x00,0x00,0x00,0x00,0x00,0x00,
	0xff,0x80,0x1f,0xff,0xfe,0x00,0x07,0xff,0xfc,0x00,0x03,0xff,0xf8,0x00,0x01,0xff,0xe0,0x00,0x01,0xff,0xc0,0x00,0x00,0xff,0xc0,0x00,0x00,0xff,0x80,0x00,0x00,0xbf,0x80,0x00,0x00,0x1f,0x00,0x00,0x00,0x0f,0x00,0x00,0x00,0x0f,0x00,0x00,0x00,0x0f,0x00,0x00,0x00,0x0f,0x00,0x00,0x00,0x0f,0x00,0x00,0x00,0x0f,0x80,0x00,0x00,0x1f,0x80,0x00,0x00,0x1f,0x80,0x00,0x00,0x1f,0xe0,0x00,0x00,0x3f,0xe0,0x00,0x00,0x7f,0xf0,0x00,0x00,0xff,0xf0,0x00,0x01,0xff,0xf8,0x00,0x03,0xff,0xf8,0x00,0x1f,0xff,0xfc,0x00,0x0f,0xff,0xfe,0x00,0x1f,0xff,0xff,0x00,0x3f,0xff,
	//sprite 168
	0x00,0x10,0x00,0x00,0x00,0x40,0xd8,0x00,0x01,0xf8,0x04,0x00,0x00,0x3b,0x26,0x00,0x00,0xda,0xf6,0x00,0x00,0x5e,0xeb,0x00,0x01,0xfb,0x26,0x00,0x00,0x1b,0xaf,0x80,0x00,0x76,0x7d,0x80,0x00,0x67,0xe7,0x80,0x00,0xed,0xf3,0x80,0x00,0xc0,0xb6,0x00,0x03,0xe9,0xa3,0x00,0x06,0xda,0x6f,0x00,0x18,0x88,0xac,0x00,0x1a,0x8d,0x5e,0x00,0x35,0xf9,0xd8,0x00,0x32,0x53,0x70,0x00,0x14,0x6f,0xe4,0x00,0x15,0xb8,0x7c,0x80,0x1c,0x83,0xf9,0x00,0x0a,0x41,0xe0,0x00,0x0c,0xa5,0xf0,0x00,0x04,0xcd,0xe0,0x00,0x02,0x33,0xc0,0x00,0x01,0x8f,0xf0,0x00,0x00,0xe5,0xe0,0x00,0x00,0x1f,0x00,0x00,
	0x00,0x1f,0xc0,0x00,0x00,0x7f,0xb8,0x00,0x01,0xff,0xfc,0x00,0x00,0x3c,0xde,0x00,0x00,0xf7,0x2a,0x00,0x07,0xf9,0xd1,0x00,0x05,0xf6,0xf9,0x00,0x00,0x1e,0x58,0x80,0x08,0x19,0xe8,0x80,0x04,0x1c,0xbc,0x80,0x00,0xfb,0x5c,0x80,0x01,0xbf,0x59,0x00,0x01,0x9f,0x5d,0x00,0x07,0xe1,0x9f,0x00,0x1f,0xf1,0xdc,0x00,0x1d,0xf1,0xbc,0x00,0x3b,0xce,0xe8,0x00,0x3d,0xef,0x90,0x00,0x1f,0xf0,0x20,0x00,0x1e,0xff,0xf0,0x00,0x1f,0x7f,0xf8,0x00,0x0f,0xbf,0xe0,0x00,0x0f,0xfb,0xf0,0x00,0x07,0xff,0xe0,0x00,0x03,0xff,0xc0,0x00,0x01,0xff,0xf0,0x00,0x00,0xff,0xe0,0x00,0x00,0x1f,0x00,0x00,
	0xff,0xe0,0x3f,0xff,0xff,0x80,0x07,0xff,0xfe,0x00,0x03,0xff,0xfc,0x00,0x01,0xff,0xf8,0x00,0x01,0xff,0xe0,0x00,0x00,0xff,0xc0,0x00,0x00,0xff,0xc0,0x00,0x00,0x7f,0x80,0x00,0x00,0x3f,0x80,0x00,0x00,0x1f,0x00,0x00,0x00,0x0f,0x00,0x00,0x00,0x0f,0x00,0x00,0x00,0x0f,0x00,0x00,0x00,0x0f,0x00,0x00,0x00,0x0f,0x00,0x00,0x00,0x0f,0x80,0x00,0x00,0x1f,0x80,0x00,0x00,0x1f,0x80,0x00,0x00,0x1f,0xe0,0x00,0x00,0x3f,0xe0,0x00,0x00,0x7f,0xf0,0x00,0x00,0xff,0xf0,0x00,0x01,0xff,0xf8,0x00,0x03,0xff,0xfc,0x00,0x1f,0xff,0xfe,0x00,0x0f,0xff,0xff,0x00,0x1f,0xff,0xff,0xe0,0xff,0xff,
	//sprite 169
	0x00,0x00,0x00,0x00,0x00,0x00,0x00,0x00,0x00,0x00,0x00,0x00,0x00,0x70,0x00,0x00,0x03,0xb8,0x10,0x00,0x05,0x04,0x00,0x00,0x0a,0x32,0x00,0x00,0x10,0x8f,0x00,0x00,0x0a,0x3f,0x00,0x00,0x40,0xbe,0xe7,0xc0,0x42,0xcf,0x17,0xe0,0x19,0x85,0xae,0xe0,0xa4,0xcc,0xbf,0xb0,0xa0,0xc3,0x0c,0x90,0xb7,0x46,0x36,0x10,0xe9,0x4e,0x72,0x10,0xfc,0x8a,0x60,0x10,0xdf,0xd7,0xb6,0xf0,0xff,0xa8,0xa6,0x10,0x63,0x50,0xcf,0x60,0x01,0x99,0x1e,0x80,0x00,0x7a,0x66,0x40,0x00,0x4f,0x1a,0x80,0x00,0x04,0xf8,0x00,0x00,0x82,0x28,0x00,0x00,0x00,0x00,0x00,0x00,0x00,0x00,0x00,0x00,0x00,0x00,0x00,
	0x00,0x00,0x00,0x00,0x00,0x00,0x00,0x00,0x00,0x00,0x00,0x00,0x00,0x70,0x20,0x00,0x03,0xf8,0xc0,0x00,0x07,0xfc,0x0c,0x00,0x0f,0xcf,0x06,0x00,0x1f,0x72,0x82,0x00,0x3d,0xff,0x03,0x00,0x7f,0xff,0xe7,0xc0,0x7d,0xfa,0xd7,0xe0,0x7f,0xde,0xdf,0xe0,0xfb,0xb3,0x77,0xf0,0xff,0x31,0x93,0xf0,0xfb,0x71,0xed,0xf0,0xff,0x71,0x5d,0xf0,0xff,0x7f,0xd7,0xf0,0xff,0x2d,0xaf,0x50,0xff,0xb7,0x7d,0xf0,0x63,0x3f,0xfc,0xa0,0x01,0xaf,0xf9,0x40,0x00,0x1f,0xf9,0xc0,0x00,0x0f,0xe1,0x80,0x00,0x07,0x06,0x00,0x00,0x03,0xdc,0x00,0x00,0x00,0x00,0x00,0x00,0x00,0x00,0x00,0x00,0x00,0x00,0x00,
	0xff,0xe0,0x3f,0xff,0xff,0x80,0x07,0xff,0xfe,0x00,0x03,0xff,0xff,0x80,0x01,0xff,0xfc,0x00,0x01,0xff,0xf8,0x00,0x00,0xff,0xf0,0x00,0x00,0xff,0xe0,0x00,0x00,0x7f,0xc0,0x00,0x00,0x7f,0x80,0x00,0x00,0x3f,0x80,0x00,0x00,0x1f,0x80,0x00,0x00,0x1f,0x00,0x00,0x00,0x0f,0x00,0x00,0x00,0x0f,0x00,0x00,0x00,0x0f,0x00,0x00,0x00,0x0f,0x00,0x00,0x00,0x0f,0x00,0x00,0x00,0x0f,0x00,0x00,0x00,0x0f,0x80,0x00,0x00,0x1f,0xe0,0x00,0x00,0x3f,0xf0,0x00,0x00,0x3f,0xf0,0x00,0x00,0x7f,0xf8,0x00,0x01,0xff,0xfc,0x00,0x03,0xff,0xfe,0x00,0x0f,0xff,0xff,0x00,0x1f,0xff,0xff,0xe0,0xff,0xff,
	//sprite 170
	0x00,0x4d,0x80,0x00,0x00,0xcb,0xe0,0x00,0x03,0xd9,0x30,0x00,0x07,0x57,0x18,0x00,0x0b,0x41,0x0e,0x00,0x1d,0x5b,0x0f,0x00,0x3f,0xa7,0x89,0x00,0x26,0xff,0xfd,0x00,0x54,0xb8,0x68,0x80,0x3c,0xbb,0x65,0x80,0x77,0xf8,0xfc,0x80,0x3e,0x7e,0x55,0x00,0xaf,0x5d,0xfe,0x00,0xa7,0xdf,0x7a,0x00,0xff,0xff,0xb2,0x00,0x07,0xeb,0x3c,0x00,0x63,0xef,0x3c,0x00,0x7f,0xa0,0x30,0x00,0x3b,0xc8,0x1e,0x00,0x3c,0xee,0x1f,0x00,0x35,0xd4,0x18,0x00,0x19,0x9f,0x0a,0x00,0x1b,0xec,0x00,0x00,0x1f,0x00,0x00,0x00,0x14,0x00,0x00,0x00,0x18,0x00,0x00,0x00,
	0x00,0x7d,0x80,0x00,0x00,0xff,0xe0,0x00,0x03,0xe7,0xf0,0x00,0x07,0xfb,0xf8,0x00,0x0d,0x67,0xbe,0x00,0x19,0xa7,0xff,0x00,0x3f,0xff,0x7f,0x00,0x3b,0xfe,0x8b,0x00,0x67,0xbf,0xd9,0x80,0x27,0xbd,0xfb,0x80,0x7f,0xff,0xff,0x80,0x3f,0xbf,0xfb,0x00,0xbf,0xbf,0xfe,0x00,0xff,0xff,0xf2,0x00,0xaf,0xff,0xbe,0x00,0x7b,0xff,0x3c,0x00,0x5f,0xc5,0x24,0x00,0x4f,0xcd,0x24,0x00,0x2f,0xb9,0x16,0x00,0x3e,0x99,0x19,0x00,0x3e,0x9a,0x1a,0x00,0x17,0xff,0x0e,0x00,0x17,0xec,0x00,0x00,0x17,0x00,0x00,0x00,0x1c,0x00,0x00,0x00,0x18,0x00,0x00,0x00,
	0xff,0x82,0x7f,0xff,0xff,0x00,0x1f,0xff,0xfc,0x00,0x0f,0xff,0xf8,0x00,0x07,0xff,0xf0,0x00,0x01,0xff,0xe0,0x00,0x00,0xff,0xc0,0x00,0x00,0xff,0xc0,0x00,0x00,0xff,0x80,0x40,0x00,0x7f,0xc0,0x40,0x00,0x7f,0x80,0x00,0x00,0x7f,0xc0,0x00,0x00,0xff,0x40,0x00,0x01,0xff,0x00,0x00,0x01,0xff,0x00,0x00,0x41,0xff,0x80,0x00,0xc3,0xff,0x80,0x00,0xc3,0xff,0x80,0x00,0xc3,0xff,0xc0,0x00,0xe1,0xff,0xc0,0x00,0xe0,0xff,0xc0,0x01,0xe1,0xff,0xe0,0x00,0xf1,0xff,0xe0,0x13,0xff,0xff,0xe0,0xff,0xff,0xff,0xe3,0xff,0xff,0xff,0xe7,0xff,0xff,0xff,
	//sprite 171
	0x00,0x03,0x70,0x00,0x07,0x7c,0x00,0x1c,0x56,0x00,0x7d,0x72,0x00,0xfd,0x34,0x00,0xfd,0x5c,0x00,0xfd,0x1e,0x00,0x96,0x3c,0x00,0xe7,0xf4,0x01,0xf5,0xc8,0x03,0x37,0xf0,0x02,0xfb,0x10,0x02,0x6c,0x38,0x02,0xdf,0xdc,0x01,0x1f,0xdc,0x00,0x9f,0xfc,0x0e,0xff,0xe0,0xfa,0x3f,0xd0,0xd3,0xb2,0x20,0xf8,0x77,0x00,0xaf,0xfc,0x00,0xa5,0xfc,0x00,0xc8,0x7c,0x00,0x80,0x50,0x00,0x80,0x30,0x00,0x80,0x30,0x00,0x00,0x10,0x00,
	0x00,0x03,0x70,0x00,0x07,0xfc,0x00,0x1f,0x7e,0x00,0x7e,0x9e,0x00,0xee,0x9a,0x00,0xef,0xb2,0x00,0xfe,0xf2,0x00,0xff,0x68,0x00,0xf3,0xfc,0x01,0xe3,0xf8,0x03,0xf3,0xf0,0x03,0x37,0x10,0x03,0x3f,0xec,0x03,0x2c,0x28,0x01,0xfc,0x3c,0x00,0xff,0xfc,0x0f,0xff,0xe0,0xfc,0xff,0xf0,0xbc,0x7f,0xa0,0xbf,0xff,0x00,0xdf,0xfc,0x00,0xfd,0xfc,0x00,0xa8,0xfc,0x00,0xc0,0x70,0x00,0xc0,0x30,0x00,0x80,0x30,0x00,0x00,0x10,0x00,
	0xff,0xfc,0x8f,0xff,0xf8,0x03,0xff,0xe0,0x01,0xff,0x80,0x01,0xff,0x00,0x01,0xff,0x00,0x01,0xff,0x00,0x01,0xff,0x00,0x03,0xff,0x00,0x03,0xfe,0x00,0x07,0xfc,0x00,0x0f,0xfc,0x00,0xef,0xfc,0x00,0x03,0xfc,0x00,0x03,0xfe,0x00,0x03,0xff,0x00,0x03,0xf0,0x00,0x1f,0x00,0x00,0x0f,0x00,0x00,0x5f,0x00,0x00,0xff,0x00,0x03,0xff,0x02,0x03,0xff,0x17,0x03,0xff,0x3f,0x8f,0xff,0x3f,0xcf,0xff,0x7f,0xcf,0xff,0xff,0xef,0xff,
	//sprite 172
	0x03,0xf0,0x00,0x1b,0x88,0x00,0x37,0xf0,0x00,0x2d,0xe8,0x00,0x2a,0xe8,0x00,0x3d,0x68,0x00,0x2d,0xf8,0x00,0x25,0xe8,0x00,0x2b,0xe0,0x00,0x17,0xe8,0x00,0x77,0xf0,0x00,0x6f,0xa0,0x00,0xe7,0x20,0x00,0xd3,0x60,0x00,0x7f,0x38,0x00,0x3d,0x5e,0x00,0x1d,0xab,0x00,0x04,0xf7,0x80,0x03,0x6f,0x80,0x00,0xdf,0x80,0x00,0x7d,0x00,0x01,0x66,0x00,0x07,0x34,0x00,0x3c,0x1c,0x00,0x28,0xf8,0x00,0x27,0xf0,0x00,0x25,0xc0,0x00,0x3b,0xa0,0x00,0x28,0x80,0x00,0x14,0x50,0x00,0x18,0x28,0x00,0x0e,0x10,0x00,0x04,0x00,0x00,
	0x03,0xf0,0x00,0x1f,0xb8,0x00,0x38,0xf8,0x00,0x34,0x70,0x00,0x35,0x70,0x00,0x3e,0xf8,0x00,0x33,0xf8,0x00,0x3f,0xf8,0x00,0x37,0xf8,0x00,0x23,0xf8,0x00,0x7f,0xf0,0x00,0x7f,0xe0,0x00,0xcf,0xe0,0x00,0xe7,0xe0,0x00,0x73,0xf8,0x00,0x3f,0xfe,0x00,0x1e,0xdf,0x00,0x07,0x8f,0x80,0x03,0x87,0x80,0x00,0xef,0x80,0x00,0x7b,0x00,0x01,0x9a,0x00,0x06,0x0c,0x00,0x3f,0xfc,0x00,0x3f,0xf8,0x00,0x3f,0xf0,0x00,0x3b,0xf0,0x00,0x3f,0xc0,0x00,0x34,0xf0,0x00,0x18,0x70,0x00,0x1c,0x38,0x00,0x0e,0x10,0x00,0x04,0x00,0x00,
	0xfc,0x0f,0xff,0xe0,0x07,0xff,0xc0,0x07,0xff,0xc0,0x07,0xff,0xc0,0x07,0xff,0xc0,0x07,0xff,0xc0,0x07,0xff,0xc0,0x07,0xff,0xc0,0x07,0xff,0xc0,0x07,0xff,0x80,0x0f,0xff,0x80,0x1f,0xff,0x00,0x1f,0xff,0x00,0x1f,0xff,0x80,0x07,0xff,0xc0,0x01,0xff,0xe0,0x00,0xff,0xf8,0x00,0x7f,0xfc,0x00,0x7f,0xff,0x00,0x7f,0xff,0x80,0xff,0xfe,0x01,0xff,0xf8,0x03,0xff,0xc0,0x03,0xff,0xc0,0x07,0xff,0xc0,0x0f,0xff,0xc0,0x0f,0xff,0xc0,0x1f,0xff,0xc3,0x0f,0xff,0xe3,0x8f,0xff,0xe3,0xc7,0xff,0xf1,0xef,0xff,0xfb,0xff,0xff,
	//sprite 173
	0x0f,0x80,0x79,0x60,0xdf,0x50,0x77,0x80,0x9f,0xc0,0x7f,0x90,0x44,0x38,0xcf,0xee,0x7c,0x1e,0x7f,0xfa,0x7f,0xfc,0x3e,0x80,0x3b,0x00,0x0b,0xc0,0x16,0xf0,0x18,0xa8,0x1f,0x54,0x17,0x76,0x0a,0xff,0x0b,0xfd,0x05,0x7e,0x02,0xd6,0x03,0xb4,0x07,0x68,0x07,0x70,0x00,0x70,0x09,0x70,0x0e,0xe0,0x0b,0x70,0x1f,0xf8,0x37,0xee,0x2c,0x1e,0x3f,0x00,0x1a,0x80,0x0d,0xe0,0x03,0xe0,
	0x0f,0x80,0x7f,0xa0,0xff,0xb0,0xaf,0xf0,0x6f,0xf0,0xcf,0xe0,0xbf,0xf8,0xf4,0x3e,0x7f,0xea,0x7f,0xfe,0x7f,0xfc,0x3d,0x80,0x3f,0x00,0x0f,0xc0,0x19,0xb0,0x11,0xd8,0x10,0xec,0x18,0xfe,0x0c,0x7f,0x0c,0x7f,0x06,0xfe,0x03,0xfe,0x03,0xdc,0x06,0xb8,0x04,0xf0,0x04,0xf0,0x0c,0xf0,0x09,0xf0,0x0f,0xf0,0x1f,0xf8,0x3e,0xfe,0x37,0x1e,0x3f,0x00,0x1d,0x80,0x0e,0x60,0x03,0xe0,
	0xf0,0x7f,0x80,0x1f,0x00,0x0f,0x00,0x0f,0x00,0x0f,0x00,0x0f,0x00,0x07,0x00,0x01,0x80,0x01,0x80,0x01,0x80,0x03,0xc0,0x7f,0xc0,0xff,0xf0,0x3f,0xe0,0x0f,0xe0,0x07,0xe0,0x03,0xe0,0x01,0xf0,0x00,0xf0,0x00,0xf8,0x01,0xfc,0x01,0xfc,0x03,0xf8,0x07,0xf8,0x0f,0xf8,0x0f,0xf0,0x0f,0xf0,0x0f,0xf0,0x0f,0xe0,0x07,0xc0,0x01,0xc0,0xe1,0xc0,0xff,0xe0,0x7f,0xf0,0x1f,0xfc,0x1f,
	//sprite 174
	0x00,0x06,0x7f,0xdf,0xdf,0x5f,0xb8,0xef,0xd9,0x3e,0x7f,0xf8,0x4c,0x90,0x8d,0xe0,0x2f,0xf0,0x7f,0x90,0x7f,0xe0,0x7f,0xc0,0x3e,0x80,0x3b,0x00,0x0b,0xc0,0x16,0xf0,0x18,0xa8,0x1f,0x54,0x17,0x76,0x0a,0xff,0x0b,0xfd,0x05,0x7e,0x02,0xd6,0x03,0xb4,0x07,0x68,0x07,0x70,0x00,0x70,0x09,0x70,0x0e,0xe0,0x0b,0x70,0x1f,0xf8,0x37,0xee,0x2c,0x1e,0x3f,0x00,0x1a,0x80,0x0d,0xe0,0x03,0xe0,
	0x00,0x06,0x7f,0xfb,0xff,0xab,0xef,0x3f,0x2f,0xfe,0xcf,0xf8,0xbf,0xe0,0xff,0xf0,0x7f,0xf0,0x7f,0xf0,0x7f,0xe0,0x7f,0xc0,0x3d,0x80,0x3f,0x00,0x0f,0xc0,0x19,0xb0,0x11,0xd8,0x10,0xec,0x18,0xfe,0x0c,0x7f,0x0c,0x7f,0x06,0xfe,0x03,0xfe,0x03,0xdc,0x06,0xb8,0x04,0xf0,0x04,0xf0,0x0c,0xf0,0x09,0xf0,0x0f,0xf0,0x1f,0xf8,0x3e,0xfe,0x37,0x1e,0x3f,0x00,0x1d,0x80,0x0e,0x60,0x03,0xe0,
	0xff,0xf9,0x80,0x00,0x00,0x00,0x00,0x00,0x00,0x01,0x00,0x07,0x00,0x0f,0x00,0x0f,0x80,0x0f,0x80,0x0f,0x80,0x1f,0x80,0x3f,0xc0,0x7f,0xc0,0xff,0xf0,0x3f,0xe0,0x0f,0xe0,0x07,0xe0,0x03,0xe0,0x01,0xf0,0x00,0xf0,0x00,0xf8,0x01,0xfc,0x01,0xfc,0x03,0xf8,0x07,0xf8,0x0f,0xf8,0x0f,0xf0,0x0f,0xf0,0x0f,0xf0,0x0f,0xe0,0x07,0xc0,0x01,0xc0,0xe1,0xc0,0xff,0xe0,0x7f,0xf0,0x1f,0xfc,0x1f,
	//sprite 175
	0x03,0x80,0x0d,0xc0,0x79,0xe0,0x8f,0x90,0xff,0xf0,0x6f,0x80,0xef,0xd0,0x2b,0xb8,0xd3,0xf8,0xfc,0xb8,0x7f,0xfe,0x7b,0xbc,0x39,0x80,0x39,0x80,0x2c,0xe0,0x33,0x70,0x32,0xe8,0x09,0xf4,0x0d,0xae,0x07,0xfe,0x03,0xe4,0x01,0x58,0x0a,0xc0,0xf6,0x70,0xe7,0xe0,0x9f,0xc0,0xb7,0x00,0xfe,0x80,0xae,0x40,0x61,0x40,0x70,0xa0,0x38,0x40,0x38,0x00,
	0x03,0x80,0x0f,0xc0,0x7f,0x20,0xff,0xf0,0x2f,0xd0,0xdf,0xf0,0x5f,0xe0,0xd4,0x78,0xfc,0x2c,0xff,0xec,0x7f,0xfe,0x7f,0xbc,0x3f,0x80,0x3f,0x80,0x33,0xe0,0x21,0xf0,0x21,0x78,0x12,0x3c,0x0e,0x1e,0x07,0x3e,0x03,0xfc,0x02,0xe8,0x0c,0x30,0xf9,0xf0,0xff,0xe0,0xff,0xc0,0xcf,0xc0,0xff,0x00,0xdf,0xc0,0x51,0xc0,0x60,0xe0,0x38,0x40,0x38,0x00,
	0xfc,0x7f,0xf0,0x3f,0x80,0x1f,0x00,0x0f,0x00,0x0f,0x00,0x0f,0x00,0x0f,0x00,0x07,0x00,0x03,0x00,0x03,0x80,0x01,0x80,0x43,0xc0,0x7f,0xc0,0x7f,0xc0,0x1f,0xc0,0x0f,0xc0,0x07,0xe0,0x03,0xf0,0x01,0xf8,0x01,0xfc,0x03,0xfc,0x07,0xf0,0x0f,0x00,0x0f,0x00,0x1f,0x00,0x3f,0x00,0x3f,0x00,0x7f,0x00,0x3f,0x8e,0x3f,0x8f,0x1f,0xc7,0xbf,0xc7,0xff,
	//sprite 176
	0x03,0xd0,0x00,0x1b,0x88,0x00,0x33,0xe0,0x00,0x3c,0xe8,0x00,0x3a,0xc8,0x00,0x31,0x78,0x00,0x21,0xf8,0x00,0x27,0xe0,0x00,0x2f,0xe0,0x00,0x73,0xe8,0x00,0x7f,0xf0,0x00,0x5f,0xa0,0x00,0xcf,0x60,0x00,0xe7,0xde,0x00,0x73,0xeb,0x00,0x3f,0xfe,0x80,0x1f,0xbe,0x80,0x1f,0xfd,0x80,0x0e,0x3b,0x00,0x07,0xfa,0x00,0x03,0x64,0x00,0x51,0x28,0x00,0x5e,0x1c,0x00,0x7f,0xfe,0x00,0x0e,0xbc,0x00,0x04,0xf8,0x00,0x18,0x78,0x00,0x00,0x09,0x00,0x30,0x03,0x00,
	0x03,0xf0,0x00,0x1f,0xb8,0x00,0x3c,0xf8,0x00,0x35,0x70,0x00,0x35,0x70,0x00,0x3e,0xf8,0x00,0x3f,0xf8,0x00,0x3f,0xf8,0x00,0x33,0xf8,0x00,0x67,0xf8,0x00,0x7f,0xf0,0x00,0x6f,0xe0,0x00,0xe7,0xe0,0x00,0xf3,0xfe,0x00,0x7f,0xf7,0x00,0x3d,0xff,0x80,0x1e,0xff,0x80,0x1f,0x3f,0x80,0x0f,0x1f,0x00,0x07,0x3e,0x00,0x03,0xf4,0x00,0x6e,0x18,0x00,0x6d,0xfe,0x00,0x77,0xfa,0x00,0x3a,0xfc,0x00,0x2e,0xf0,0x00,0x28,0x7c,0x00,0x30,0x0f,0x00,0x30,0x03,0x00,
	0xfc,0x0f,0xff,0xe0,0x07,0xff,0xc0,0x07,0xff,0xc0,0x07,0xff,0xc0,0x07,0xff,0xc0,0x07,0xff,0xc0,0x07,0xff,0xc0,0x07,0xff,0xc0,0x07,0xff,0x80,0x07,0xff,0x80,0x0f,0xff,0x80,0x1f,0xff,0x00,0x1f,0xff,0x00,0x01,0xff,0x80,0x00,0xff,0xc0,0x00,0x7f,0xe0,0x00,0x7f,0xe0,0x00,0x7f,0xf0,0x00,0xff,0xf8,0x01,0xff,0xfc,0x03,0xff,0x80,0x07,0xff,0x80,0x01,0xff,0x80,0x01,0xff,0xc1,0x03,0xff,0xc1,0x07,0xff,0xc7,0x83,0xff,0xcf,0xf0,0xff,0xcf,0xfc,0xff,
	//sprite 177
	0x00, //alignment byte
	0x07,0xc0,0x1f,0xe0,0x3f,0x48,0x71,0xec,0xe2,0xcc,0xfd,0x7c,0xf8,0xb4,0xeb,0x94,0xf7,0xf4,0xf3,0xd8,0xfe,0xf8,0xf4,0xcc,0xfc,0xfc,0xcc,0xf0,0x5f,0xfc,0x7b,0xcc,0x6f,0xa8,0xd3,0xf0,0xd7,0x94,0xcf,0xf0,0x67,0x34,0x3f,0xfc,
	0x07,0xc0,0x1f,0xe0,0x3f,0xb8,0x7f,0x9c,0xf8,0xfc,0xe2,0xfc,0xe7,0x5c,0xf7,0xec,0xfc,0xec,0xf9,0xf8,0xbf,0x78,0xb8,0x7c,0xf8,0x7c,0xff,0xfc,0x7c,0xd4,0x7f,0x9c,0x79,0xdc,0xe4,0xf4,0xe1,0xfc,0xf3,0x98,0x7f,0xfc,0x3f,0xfc,
	0xf8,0x3f,0xe0,0x1f,0xc0,0x07,0x80,0x03,0x00,0x03,0x00,0x03,0x00,0x03,0x00,0x03,0x00,0x03,0x00,0x07,0x00,0x07,0x00,0x03,0x00,0x03,0x00,0x03,0x80,0x03,0x80,0x03,0x80,0x03,0x00,0x03,0x00,0x03,0x00,0x07,0x80,0x03,0xc0,0x03,
	//sprite 178
	0x0f,0xe0,0x3f,0x30,0x79,0x98,0x6f,0x8c,0xfa,0xec,0xff,0x74,0xa8,0x44,0xa3,0xf4,0xfe,0xfc,0xf3,0x9c,0xf7,0xd0,0xd2,0xec,0xf4,0xfc,0xdd,0x78,0xe3,0x40,0x66,0xa8,
	0x0f,0xe0,0x3f,0xf0,0x7f,0xf8,0x70,0xfc,0xe0,0xec,0xe2,0xfc,0xf7,0xf4,0xff,0xfc,0xff,0xfc,0xfd,0xfc,0xec,0xf4,0xe5,0xf4,0xc3,0x9c,0xe3,0xa8,0xff,0xf0,0x7f,0xd8,
	0xf0,0x1f,0xc0,0x0f,0x80,0x07,0x80,0x03,0x00,0x03,0x00,0x03,0x00,0x03,0x00,0x03,0x00,0x03,0x00,0x03,0x00,0x03,0x00,0x03,0x00,0x03,0x00,0x07,0x00,0x0f,0x80,0x07,
	//sprite 179
	0x07,0xc0,0x0b,0x40,0x2e,0xc0,0x61,0xf8,0x76,0x8c,0xef,0xf4,0xb9,0x44,0xac,0xdc,0x9f,0xf4,0x46,0xf8,0x4d,0xd8,0x23,0xd0,0x19,0x60,
	0x07,0xc0,0x1c,0xe0,0x30,0x30,0x60,0x18,0x60,0x3c,0xf0,0x4c,0xef,0x8c,0xf3,0x04,0xf2,0x0c,0x79,0x08,0x7f,0x38,0x3f,0xf0,0x1f,0xe0,
	0xf8,0x3f,0xe0,0x1f,0xc0,0x0f,0x80,0x07,0x80,0x03,0x00,0x03,0x00,0x03,0x00,0x03,0x00,0x03,0x80,0x07,0x80,0x07,0xc0,0x0f,0xe0,0x1f,
	//sprite 180
	0x08,0x40,0x34,0x10,0x73,0xf8,0x67,0xe8,0x8b,0x9c,0xb9,0x9c,0xbc,0x6c,0xbc,0xe4,0x8d,0x9c,0x49,0xe8,0x41,0xd8,0x0c,0x10,0x08,0x40,
	0x0f,0xc0,0x3f,0xf0,0x64,0x18,0x70,0x18,0xf4,0x0c,0xe6,0x04,0xe3,0x9c,0xe3,0x1c,0xf2,0x0c,0x76,0x18,0x7e,0x38,0x1f,0xf0,0x0f,0xc0,
	0xf0,0x3f,0xc0,0x0f,0x80,0x07,0x80,0x07,0x00,0x03,0x00,0x03,0x00,0x03,0x00,0x03,0x00,0x03,0x80,0x07,0x80,0x07,0xe0,0x0f,0xf0,0x3f,
	//sprite 181
	0x07,0xc0,0x01,0x00,0x25,0x00,0x67,0xc8,0xf4,0xfc,0x8d,0xd4,0xb1,0xe4,0xe2,0x7c,0xef,0xd4,0x7f,0xf8,0x5f,0xe8,0x23,0x90,0x18,0x60,
	0x07,0xc0,0x1f,0xe0,0x3f,0xf0,0x61,0x38,0xe3,0x0c,0xf2,0x0c,0xef,0x0c,0xfd,0xc4,0xf0,0x2c,0x60,0x18,0x70,0x18,0x3c,0x70,0x1f,0xe0,
	0xf8,0x3f,0xe0,0x1f,0xc0,0x0f,0x80,0x07,0x00,0x03,0x00,0x03,0x00,0x03,0x00,0x03,0x00,0x03,0x80,0x07,0x80,0x07,0xc0,0x0f,0xe0,0x1f,
	//sprite 182
	0x07,0xc0,0x18,0x60,0x20,0x00,0x63,0x88,0x67,0xe8,0xb3,0x9c,0xdc,0xbc,0xdf,0xfc,0xde,0xfc,0x7c,0x78,0x75,0x28,0x3f,0x90,0x19,0x60,0x07,0xc0,
	0x07,0xc0,0x1f,0xe0,0x3f,0xf0,0x7c,0x78,0x60,0x18,0xe4,0x7c,0xe3,0xcc,0xe1,0x0c,0xe1,0x0c,0x41,0x08,0x60,0x18,0x31,0x70,0x1f,0xe0,0x07,0xc0,
	0xf8,0x3f,0xe0,0x1f,0xc0,0x0f,0x80,0x07,0x80,0x07,0x00,0x03,0x00,0x03,0x00,0x03,0x00,0x03,0x80,0x07,0x80,0x07,0xc0,0x0f,0xe0,0x1f,0xf8,0x3f,
	//sprite 183
	0x07,0xc0,0x02,0x00,0x22,0x80,0x45,0x28,0xd6,0xcc,0xbe,0xc4,0xbe,0x24,0xa5,0x1c,0xaf,0xfc,0x7b,0xe8,0x6f,0xc8,0x33,0x90,0x18,0x60,
	0x07,0xc0,0x1f,0xe0,0x3f,0xf0,0x62,0xf8,0xe1,0x3c,0xc1,0x3c,0xc3,0xdc,0xce,0xfc,0xd0,0x1c,0x60,0x18,0x70,0x38,0x3c,0x70,0x1f,0xe0,
	0xf8,0x3f,0xe0,0x1f,0xc0,0x0f,0x80,0x07,0x00,0x03,0x00,0x03,0x00,0x03,0x00,0x03,0x00,0x03,0x80,0x07,0x80,0x07,0xc0,0x0f,0xe0,0x1f,
	//sprite 184
	0x08,0x40,0x00,0xb0,0x67,0x28,0x57,0xe8,0xdf,0x04,0xb6,0x64,0x95,0xe4,0x9c,0xe4,0xde,0xc4,0x5f,0x48,0x6f,0xa8,0x00,0xd0,0x08,0x40,
	0x0f,0xc0,0x1f,0xf0,0x60,0xf8,0x60,0x78,0xe0,0xfc,0xc1,0x9c,0xeb,0x1c,0xe3,0x1c,0xe1,0x3c,0x60,0xb8,0x70,0xf8,0x1f,0xf0,0x0f,0xc0,
	0xf0,0x3f,0xe0,0x0f,0x80,0x07,0x80,0x07,0x00,0x03,0x00,0x03,0x00,0x03,0x00,0x03,0x00,0x03,0x80,0x07,0x80,0x07,0xe0,0x0f,0xf0,0x3f,
	//sprite 185
	0x07,0xc0,0x0b,0x40,0x2e,0xc0,0x63,0xc8,0xd4,0xec,0xbb,0xdc,0xba,0x64,0xad,0xc4,0x9f,0xc4,0x5d,0xa8,0x7e,0xc8,0x2f,0x10,0x1a,0x60,
	0x07,0xc0,0x1c,0xe0,0x30,0x30,0x60,0x38,0xe0,0x1c,0xcc,0x3c,0xc7,0xdc,0xc3,0x3c,0xe1,0x3c,0x62,0x78,0x73,0xf8,0x3f,0xf0,0x1f,0xe0,
	0xf8,0x3f,0xe0,0x1f,0xc0,0x0f,0x80,0x07,0x00,0x03,0x00,0x03,0x00,0x03,0x00,0x03,0x00,0x03,0x80,0x07,0x80,0x07,0xc0,0x0f,0xe0,0x1f,
	//sprite 186
	0x07,0xc0,0x1b,0x60,0x2e,0xc0,0x55,0x28,0x60,0x3c,0xd6,0xfc,0xde,0xfc,0xdc,0x0c,0xb3,0x9c,0x77,0xc8,0x6b,0x48,0x27,0x90,0x18,0x60,0x07,0x80,
	0x07,0xc0,0x1d,0xe0,0x31,0x30,0x60,0x18,0x41,0x0c,0xe1,0x0c,0xe1,0x0c,0xe3,0xfc,0xec,0x7c,0x78,0x38,0x7c,0xf8,0x3f,0xf0,0x1f,0xe0,0x07,0x80,
	0xf8,0x3f,0xe0,0x1f,0xc0,0x0f,0x80,0x07,0x80,0x03,0x00,0x03,0x00,0x03,0x00,0x03,0x00,0x03,0x80,0x07,0x80,0x07,0xc0,0x0f,0xe0,0x1f,0xf8,0x7f,
};

// Main Function
void _main(void)
{
	FILE *outfile;
	int number = 226;
	
	outfile = fopen("samus", "wb");
	fwrite(&number, 1, sizeof(int), outfile);
	fwrite(header, number, sizeof(SPRITE_HEADER), outfile);
	fwrite(gfx, 38880, 1, outfile);
	
	fputc (0, outfile);
	fputs ("MTD", outfile);
	fputc (0, outfile);
	fputc (OTH_TAG, outfile);
	
	fclose(outfile);
}
